image_path,class,avg_ear,left_ear,right_ear,mar,head_pitch,head_yaw,head_roll,face_visibility_score,eye_visibility,mouth_visibility,eyes_occluded,mouth_occluded,image_width,image_height
datasets\raw\custom_pakistani\ALERT\abrar_alert_normal_0000.jpg,ALERT,0.1818270818971906,0.194044465721801,0.16960969807258017,0.9566325530062939,174.99261005428085,-2.3242131358054285,-0.6389615685833039,0.7438182174022463,0.9608109457182628,0.52682548908623,False,True,478,850
datasets\raw\custom_pakistani\ALERT\abrar_alert_normal_0001.jpg,ALERT,0.21341120125749358,0.23022703718463253,0.19659536533035463,0.9574809662912396,177.3507520942627,-2.209210030785767,0.29802247771240853,0.8144889475732064,1.0,0.6289778951464129,False,False,478,850
datasets\raw\custom_pakistani\ALERT\abrar_alert_normal_0002.jpg,ALERT,0.20516953699883173,0.2166720624196639,0.1936670115779995,0.9529144079204765,178.89902256571258,-2.4977577422014763,-0.2373414783508573,0.9075219423376222,1.0,0.8150438846752444,False,False,478,850
datasets\raw\custom_pakistani\ALERT\abrar_alert_normal_0003.jpg,ALERT,0.21453278036964818,0.21545310416896873,0.2136124565703276,0.9400867082023923,-178.89348379064086,-3.16337967957029,-0.3978832523383174,0.9132743390141145,1.0,0.826548678028229,False,False,478,850
datasets\raw\custom_pakistani\ALERT\abrar_alert_normal_0004.jpg,ALERT,0.23907353343073467,0.2465431480915883,0.23160391876988104,0.9546196622995353,-177.30523776642545,-3.008043915057407,0.041542665925283,0.8713996863704784,1.0,0.7427993727409568,False,False,478,850
datasets\raw\custom_pakistani\ALERT\abrar_alert_normal_0005.jpg,ALERT,0.24387083824739658,0.25328796527552067,0.23445371121927247,0.9316328638266803,-175.74622169249076,-2.9939943595100424,0.11043128112864814,0.9217845350639107,1.0,0.8435690701278213,False,False,478,850
datasets\raw\custom_pakistani\ALERT\abrar_alert_normal_0006.jpg,ALERT,0.2324202040272988,0.23823073651237317,0.22660967154222444,0.9627295489061246,-179.75995960149098,-2.5663055612893646,-0.2839800049566803,0.8744388235719518,1.0,0.7488776471439037,False,False,478,850
datasets\raw\custom_pakistani\ALERT\abrar_alert_normal_0007.jpg,ALERT,0.23357595504418482,0.24663970997560958,0.22051220011276004,0.9753391593723862,179.56652021140252,-3.506578855109666,-0.034369421444368005,0.8962344723853943,1.0,0.7924689447707886,False,False,478,850
datasets\raw\custom_pakistani\ALERT\abrar_alert_normal_0008.jpg,ALERT,0.22278314225356768,0.23747382014865595,0.20809246435847942,0.9417960247546724,-178.83051912941585,-3.5666172487636056,0.3083468094216174,0.839799502862147,1.0,0.679599005724294,False,False,478,850
datasets\raw\custom_pakistani\ALERT\abrar_alert_normal_0009.jpg,ALERT,0.22428422038561996,0.24035601039835364,0.20821243037288625,0.9515804539151139,-177.98914423536874,-2.9803064051535,-0.3890712549360462,0.7878380105248926,1.0,0.575676021049785,False,True,478,850
datasets\raw\custom_pakistani\ALERT\abrar_alert_normal_0010.jpg,ALERT,0.24588175583485022,0.25377753979198486,0.23798597187771559,0.9864439142248068,-172.84067108932337,-0.9779273449102579,-3.60281324426535,0.5091106603603202,0.5436085470040565,0.47461277371658395,True,True,478,850
datasets\raw\custom_pakistani\ALERT\abrar_alert_normal_0011.jpg,ALERT,0.2565487288584407,0.28241079603260205,0.23068666168427931,0.9633055777430014,-173.68718971579884,1.2143216183611596,-4.122077948927896,0.2697132396713251,0.12889917989101368,0.4105272994516366,True,True,478,850
datasets\raw\custom_pakistani\ALERT\abrar_alert_normal_0012.jpg,ALERT,0.24089005019277931,0.25576944530622975,0.22601065507932888,0.9589261591423694,-171.22009538561562,-1.9140948888350593,-0.06484791587521345,0.3314999742388163,0.36908304471357595,0.2939169037640566,True,True,478,850
datasets\raw\custom_pakistani\ALERT\abrar_alert_normal_0013.jpg,ALERT,0.22871866005866476,0.24922468562787262,0.20821263448945693,0.965677202408681,-178.01031435494298,-4.860542688524529,-0.30781099424296665,0.5075068077203974,0.4541928022404484,0.5608208132003463,True,True,478,850
datasets\raw\custom_pakistani\ALERT\abrar_alert_normal_0014.jpg,ALERT,0.2275692602835519,0.24535458225013712,0.20978393831696668,0.9731456011591548,-179.38790963287082,-4.198222938497958,0.6714900554107172,0.5351438617525962,0.47869885051137173,0.5915888729938207,True,True,478,850
datasets\raw\custom_pakistani\ALERT\abrar_alert_normal_0015.jpg,ALERT,0.2300979341489795,0.24678713470934938,0.2134087335886096,0.9559310927059159,-177.3192047806733,-4.547520146964481,0.6665720792648626,0.5920233917586828,0.5327410979223202,0.6513056855950455,True,False,478,850
datasets\raw\custom_pakistani\ALERT\abrar_alert_normal_0016.jpg,ALERT,0.23100345159814661,0.24878974764899472,0.21321715554729853,0.9828360530440754,-179.4988094486635,-4.075657649404182,0.6795909649071241,0.6429955730558445,0.5479771736816327,0.7380139724300564,True,False,478,850
datasets\raw\custom_pakistani\ALERT\abrar_alert_normal_0017.jpg,ALERT,0.22519741478608407,0.24545023696510215,0.20494459260706602,0.9493173396860864,179.7634587766227,-3.662398438815488,0.9517415096374661,0.6057770443842239,0.5345169466329717,0.6770371421354762,True,False,478,850
datasets\raw\custom_pakistani\ALERT\abrar_alert_normal_0018.jpg,ALERT,0.22021940914654364,0.23996154539886902,0.20047727289421824,0.9721566838900597,-176.62677555442355,-3.2817398485703793,-0.10618183393465329,0.3813952527240132,0.3371675053628167,0.4256230000852097,True,True,478,850
datasets\raw\custom_pakistani\ALERT\abrar_alert_normal_0019.jpg,ALERT,0.20602272227160937,0.2629841876230479,0.1490612569201708,1.014102889034533,-177.25992088231845,2.4071810540324394,-6.448226091163239,0.6118983367405859,1.0,0.2237966734811718,False,True,478,850
datasets\raw\custom_pakistani\ALERT\abrar_alert_normal_0020.jpg,ALERT,0.2367425588235324,0.23655634558443925,0.23692877206262555,0.9611433143223211,-176.16407217978326,-1.829850350277683,-6.432018437485895,0.4469173600223055,0.4760945302517492,0.41774018979286176,True,True,478,850
datasets\raw\custom_pakistani\ALERT\abrar_alert_normal_0021.jpg,ALERT,0.22912117501938964,0.23816951834586506,0.22007283169291422,0.9947649179442577,-177.21129627373455,-3.3747680705777157,-3.163662628701178,0.5889423997385314,0.8253173862510209,0.35256741322604185,False,True,478,850
datasets\raw\custom_pakistani\ALERT\abrar_alert_normal_0022.jpg,ALERT,0.20983158208019237,0.1703798051435711,0.24928335901681367,0.8480847486910392,170.61187491473788,11.218486219982083,-3.714741559408665,0.11182665882431334,0.13788046788124692,0.08577284976737977,True,True,478,850
datasets\raw\custom_pakistani\ALERT\abrar_alert_normal_0024.jpg,ALERT,0.21636953479383203,0.16774584770883308,0.26499322187883095,0.9430768645929155,152.95413851747944,10.880836762040557,-0.8903224570998755,0.5732538859046934,1.0,0.14650777180938682,False,True,478,850
datasets\raw\custom_pakistani\ALERT\abrar_alert_normal_0025.jpg,ALERT,0.22674659734924185,0.2581463658806976,0.19534682881778612,1.1260977399516117,162.88715768706513,-27.32873831991589,-4.515943074215192,0.8889758579678118,1.0,0.7779517159356234,False,False,478,850
datasets\raw\custom_pakistani\ALERT\abrar_alert_normal_0026.jpg,ALERT,0.21491418792052303,0.23418097585922443,0.1956473999818216,1.2316823561162424,-78.35097855041715,32.55952191225548,31.067910815511166,1.0,1.0,1.0,False,False,478,850
datasets\raw\custom_pakistani\ALERT\abrar_alert_normal_0027.jpg,ALERT,0.21780703336742355,0.26749920206905253,0.16811486466579456,1.231945830495047,160.1098009861774,-38.022049125080166,-1.4512003663927642,1.0,1.0,1.0,False,False,478,850
datasets\raw\custom_pakistani\ALERT\abrar_alert_normal_0028.jpg,ALERT,0.1669365769554419,0.17121427737888778,0.16265887653199604,0.9474724908498865,159.61250253880985,-6.75312625812131,2.819633302218664,1.0,1.0,1.0,False,False,478,850
datasets\raw\custom_pakistani\ALERT\abrar_alert_normal_0029.jpg,ALERT,0.17157732619553323,0.16425236699667453,0.1789022853943919,0.9602479556933148,161.12722526647497,-5.126255173048449,1.5781026284264876,1.0,1.0,1.0,False,False,478,850
datasets\raw\custom_pakistani\ALERT\abrar_alert_normal_0030.jpg,ALERT,0.16950574338312374,0.17109596669717755,0.16791552006906993,0.9489682234826792,159.98066137258078,-4.066622194026857,1.3530676324951534,1.0,1.0,1.0,False,False,478,850
datasets\raw\custom_pakistani\ALERT\abrar_alert_normal_0031.jpg,ALERT,0.10123271706489492,0.11196992948961051,0.09049550464017934,0.9505609036379165,162.03307096251248,-3.383893187831518,1.9140567965648938,1.0,1.0,1.0,False,False,478,850
datasets\raw\custom_pakistani\ALERT\areeb_alert_normal_0000.jpg,ALERT,0.20638633272010726,0.2770056789441329,0.13576698649608163,0.9056107600991811,-176.7073644051632,9.118614777988746,0.1079110637481554,0.17407887179015935,0.2268671404703602,0.1212906031099585,True,True,848,478
datasets\raw\custom_pakistani\ALERT\areeb_alert_normal_0001.jpg,ALERT,0.26183625954804524,0.26698652917120413,0.2566859899248864,0.8773669731082667,-179.16896763082266,6.41584322836704,2.4373542777124797,0.5884940836207552,0.7390038191218261,0.4379843481196843,False,True,848,478
datasets\raw\custom_pakistani\ALERT\areeb_alert_normal_0002.jpg,ALERT,0.2740255441157397,0.29232845282237546,0.25572263540910395,0.8513060395708217,174.290875874742,8.63902673577795,0.6191541711399016,0.7292224937935363,0.8371957591356481,0.6212492284514244,False,False,848,478
datasets\raw\custom_pakistani\ALERT\areeb_alert_normal_0003.jpg,ALERT,0.27865250541906966,0.2731667241127089,0.2841382867254304,0.8892305644201262,173.53710334977842,6.131030754396325,0.4118444081527463,0.7981547310427866,0.997914192956647,0.5983952691289263,False,True,848,478
datasets\raw\custom_pakistani\ALERT\areeb_alert_normal_0004.jpg,ALERT,0.2638245861987193,0.26175393689293186,0.2658952355045067,0.9033319573858671,179.44938904572376,6.064361396533678,0.9496406461911678,0.6661600384635804,0.8120190419961275,0.5203010349310334,False,True,848,478
datasets\raw\custom_pakistani\ALERT\areeb_alert_normal_0005.jpg,ALERT,0.27596764449545486,0.27841309430238986,0.2735221946885199,0.921574337919442,-177.65107930511638,6.3307614753934836,0.4925583432463279,0.5370501671908083,0.7047372741125523,0.36936306026906435,False,True,848,478
datasets\raw\custom_pakistani\ALERT\areeb_alert_normal_0006.jpg,ALERT,0.25797742665005624,0.2621404979450272,0.2538143553550853,0.8997567222441736,-177.7784332300369,6.411290706264935,0.6606294347496651,0.5777532689754216,0.798266939321568,0.3572395986292751,False,True,848,478
datasets\raw\custom_pakistani\ALERT\areeb_alert_normal_0007.jpg,ALERT,0.2624412688839138,0.2665615030936461,0.25832103467418144,0.9171448722280648,-179.06544172017527,6.471115553530728,0.6417828844362257,0.5781789477418864,0.7398316957912199,0.4165261996925529,False,True,848,478
datasets\raw\custom_pakistani\ALERT\areeb_alert_normal_0008.jpg,ALERT,0.2659037833567528,0.2711744701183241,0.26063309659518147,0.8992249431132094,-179.3129221059846,6.147310430214789,0.913884606355498,0.5494905786109574,0.6912677454187443,0.4077134118031706,False,True,848,478
datasets\raw\custom_pakistani\ALERT\areeb_alert_normal_0009.jpg,ALERT,0.2682072877094531,0.257188971371556,0.27922560404735025,0.8859136859182758,176.56742062570942,7.238488509706281,-0.618380866946564,0.7374314376155862,0.8451238311028519,0.6297390441283204,False,False,848,478
datasets\raw\custom_pakistani\ALERT\areeb_alert_normal_0010.jpg,ALERT,0.3008772213528381,0.2947289213229576,0.3070255213827187,0.8929325639466116,176.1907602405954,5.787815801332249,0.2025997843784766,0.796510670847751,1.0,0.5930213416955018,False,True,848,478
datasets\raw\custom_pakistani\ALERT\areeb_alert_normal_0011.jpg,ALERT,0.30550228588152384,0.30686835728057044,0.3041362144824773,0.8775672082441109,178.8921415868714,6.610805471891868,0.6535677697959446,0.8229164032011773,1.0,0.6458328064023547,False,False,848,478
datasets\raw\custom_pakistani\ALERT\areeb_alert_normal_0012.jpg,ALERT,0.3067597515180531,0.31612962620128754,0.29738987683481877,0.8749026364535533,176.62555668831683,6.411797280922814,0.29552122495195954,0.7940527862519877,1.0,0.5881055725039754,False,True,848,478
datasets\raw\custom_pakistani\ALERT\areeb_alert_normal_0013.jpg,ALERT,0.2991900723645997,0.3023665930730689,0.2960135516561305,0.8903655302389606,176.1026773600437,4.470702177984601,0.13978980011628384,0.7995675200415038,1.0,0.5991350400830077,False,True,848,478
datasets\raw\custom_pakistani\ALERT\areeb_alert_normal_0014.jpg,ALERT,0.20425877996545955,0.21209683927795783,0.19642072065296123,0.8931327428761036,174.87428470651074,2.512083501658,0.25957373074843576,0.6179933922936193,0.6783616367803947,0.5576251478068438,False,True,848,478
datasets\raw\custom_pakistani\ALERT\areeb_alert_normal_0015.jpg,ALERT,0.28559585408321486,0.28478787568079117,0.2864038324856386,0.8782873727824835,178.1550940635525,1.8651923907057895,-0.023447505705426336,0.7919998230476135,0.9990939034984052,0.5849057425968219,False,True,848,478
datasets\raw\custom_pakistani\ALERT\areeb_alert_normal_0016.jpg,ALERT,0.3036816684583621,0.31495399594212536,0.2924093409745988,0.8891043048187385,179.68487896620417,2.721073152130124,0.06790425931466003,0.7462345293282557,0.940027149392258,0.5524419092642536,False,True,848,478
datasets\raw\custom_pakistani\ALERT\areeb_alert_normal_0017.jpg,ALERT,0.3054010660679741,0.3069592643532725,0.30384286778267583,0.9180667806168491,-179.67037162020154,0.6192836774904247,-0.010598394716438668,0.7316138638744345,0.9615813381461429,0.501646389602726,False,True,848,478
datasets\raw\custom_pakistani\ALERT\areeb_alert_normal_0018.jpg,ALERT,0.29309604213539525,0.29300163086925163,0.2931904534015389,0.8799784663978958,178.4698482360045,5.950349370859438,-0.680879463196628,0.6981438859455279,0.8041091387245233,0.5921786331665325,False,True,848,478
datasets\raw\custom_pakistani\ALERT\areeb_alert_normal_0019.jpg,ALERT,0.30136370178795224,0.2986995802466977,0.3040278233292068,0.8899074555999766,179.38259652861495,8.098574971158971,0.4917147784153421,0.7586172343086914,0.9216326253389191,0.5956018432784637,False,True,848,478
datasets\raw\custom_pakistani\ALERT\areeb_alert_normal_0020.jpg,ALERT,0.29596362194967174,0.2940164657376195,0.297910778161724,0.8924779487894188,-178.74440322048312,7.6179042153953205,0.38661419586609,0.7657098999052987,0.9252069581401201,0.6062128416704774,False,False,848,478
datasets\raw\custom_pakistani\ALERT\areeb_alert_normal_0021.jpg,ALERT,0.2746536022680802,0.2751017328081115,0.27420547172804893,0.8823646374811147,-179.84901201273703,8.317592540544112,0.6096669209319158,0.5583282849889905,0.6601404225699516,0.45651614740802926,False,True,848,478
datasets\raw\custom_pakistani\ALERT\areeb_alert_normal_0022.jpg,ALERT,0.28928088574639804,0.302194224762859,0.2763675467299371,0.8838144757127968,-178.30567903285305,8.258523146953872,0.5726792857021281,0.5318212612005624,0.6512870887831945,0.41235543361793026,False,True,848,478
datasets\raw\custom_pakistani\ALERT\areeb_alert_normal_0023.jpg,ALERT,0.28849724630951223,0.2978453052442368,0.2791491873747876,0.9068616191863937,-177.29305394475858,8.190737726896907,0.8845284839916756,0.560386604018374,0.713164533175691,0.407608674861057,False,True,848,478
datasets\raw\custom_pakistani\ALERT\areeb_alert_normal_0024.jpg,ALERT,0.28637386292241934,0.29720801989427403,0.27553970595056465,0.8729231968384639,-177.99581960587759,7.478491440459835,0.9719393556696733,0.5218261345385747,0.6758211821178968,0.3678310869592527,False,True,848,478
datasets\raw\custom_pakistani\ALERT\areeb_alert_normal_0025.jpg,ALERT,0.24112380920237625,0.25089844284423196,0.2313491755605205,0.9190832211598464,179.88544246373883,3.78686418101233,0.8793295882643516,0.5645254856451992,0.6805265863008121,0.4485243849895864,False,True,848,478
datasets\raw\custom_pakistani\ALERT\areeb_alert_normal_0026.jpg,ALERT,0.31333792281901385,0.3168623723667449,0.3098134732712828,0.8816868383913592,179.5079421052632,8.6983891540023,1.6582912479454508,0.8078719907433687,1.0,0.6157439814867375,False,False,848,478
datasets\raw\custom_pakistani\ALERT\areeb_alert_normal_0027.jpg,ALERT,0.2989788024583463,0.3076959881474574,0.2902616167692351,0.8778329638698512,175.19242354048407,8.75366127092331,2.4324371252898556,0.8185911083489678,0.9362198312384019,0.7009623854595336,False,False,848,478
datasets\raw\custom_pakistani\ALERT\areeb_alert_normal_0028.jpg,ALERT,0.2747582696417712,0.2891346607959847,0.2603818784875576,0.8793437522471692,-177.36067830719912,3.822649184769903,1.7768673122607672,0.7356937931777746,0.9504953034835768,0.5208922828719724,False,True,848,478
datasets\raw\custom_pakistani\ALERT\areeb_alert_normal_0029.jpg,ALERT,0.2912297929291957,0.30642097998475254,0.2760386058736389,0.8918717603606517,-174.48079388816498,5.498880646206127,1.6890332079748305,0.6175806316565807,0.873975167636476,0.3611860956766854,False,True,848,478
datasets\raw\custom_pakistani\ALERT\areeb_alert_normal_0030.jpg,ALERT,0.27929963603914787,0.2886474994168155,0.2699517726614803,0.8955065377007123,-176.16717099818175,5.214292104330675,1.9769885718457683,0.563386841492495,0.802598268698061,0.3241754142869289,False,True,848,478
datasets\raw\custom_pakistani\ALERT\areeb_alert_normal_0031.jpg,ALERT,0.2930546599841629,0.30270554730804405,0.2834037726602818,0.905989927983077,-177.15973458448025,5.856638514352987,1.7688404653864334,0.6429184431616384,0.9454776508556538,0.3403592354676229,False,True,848,478
datasets\raw\custom_pakistani\ALERT\areeb_alert_normal_0032.jpg,ALERT,0.28897848931512615,0.29878588381004917,0.2791710948202032,0.9049833231846257,-177.46689104657597,4.5708579808583565,1.5340984007726017,0.532036730463717,0.66298704,0.40108642092743396,False,True,848,478
datasets\raw\custom_pakistani\ALERT\areeb_alert_normal_0033.jpg,ALERT,0.309245385757157,0.3185195613678302,0.2999712101464837,0.982193985503574,-164.44673210355882,9.083998679741677,2.4295330329384464,0.3292544379096669,0.5442403061177449,0.11426856970158897,True,True,848,478
datasets\raw\custom_pakistani\ALERT\areeb_alert_normal_0034.jpg,ALERT,0.23764297447428562,0.2862346839212132,0.189051265027358,0.8574788891963754,-168.47401901069838,1.340613754974452,3.400057618459167,0.2935052784565219,0.48585536416095493,0.10115519275208888,True,True,848,478
datasets\raw\custom_pakistani\ALERT\areeb_alert_normal_0035.jpg,ALERT,0.31710402420825584,0.33312544507913366,0.301082603337378,0.9607492095134,-163.2505361362129,4.553338403224043,0.6482744047646609,0.49671518483361854,0.6406288839630783,0.35280148570415876,False,True,848,478
datasets\raw\custom_pakistani\ALERT\areeb_alert_normal_0036.jpg,ALERT,0.32475408076365575,0.3376694176797796,0.3118387438475319,0.999507718269467,-163.5204130710335,5.69230532028284,0.8291501471375264,0.44370136002764304,0.648075626535347,0.23932709351993903,False,True,848,478
datasets\raw\custom_pakistani\ALERT\areeb_alert_normal_0037.jpg,ALERT,0.3262227981686644,0.34624599632229486,0.3061996000150339,0.8242775299347799,-161.20628745227273,-4.731817461542847,2.2976121577816633,0.5198870907665888,0.7351122201702626,0.30466196136291507,False,True,848,478
datasets\raw\custom_pakistani\ALERT\areeb_alert_normal_0038.jpg,ALERT,0.3143692247306176,0.340231355465358,0.28850709399587726,0.9670957496547686,-163.0580302658094,2.0413147422990376,1.7235000794752313,0.5611770646847094,0.8245392140248355,0.2978149153445834,False,True,848,478
datasets\raw\custom_pakistani\ALERT\areeb_alert_normal_0039.jpg,ALERT,0.3009223366496221,0.30913591443935656,0.2927087588598877,0.8783427843331755,-162.44804973826118,-1.0911614036789326,1.8903670521049691,0.5662185633126429,0.7984186989775236,0.33401842764776213,False,True,848,478
datasets\raw\custom_pakistani\ALERT\areeb_alert_normal_0040.jpg,ALERT,0.2918549359117223,0.2963515341049658,0.2873583377184788,0.8381735901758948,-163.67973410633135,1.4895927283019508,2.505008427891173,0.498396809734309,0.5578732623921578,0.4389203570764602,True,True,848,478
datasets\raw\custom_pakistani\ALERT\areeb_alert_normal_0041.jpg,ALERT,0.33090447805530576,0.3359137160344706,0.32589524007614096,0.963419615966349,-166.92029182612697,5.29700830629939,1.614903910821825,0.5582971729131412,0.7949817226496527,0.32161262317662975,False,True,848,478
datasets\raw\custom_pakistani\ALERT\areeb_alert_normal_0042.jpg,ALERT,0.3337144118917607,0.338035900926091,0.32939292285743044,0.8474870603994803,-166.99235362406915,2.135732312892974,1.6015811619287017,0.627511694153196,0.8466589344114149,0.408364453894977,False,True,848,478
datasets\raw\custom_pakistani\ALERT\areeb_alert_normal_0043.jpg,ALERT,0.3167404311231896,0.3344784696627199,0.2990023925836594,0.9538540721284443,-168.15002337924392,4.683299166897821,1.8298566246131196,0.7362242869847946,1.0,0.47244857396958906,False,True,848,478
datasets\raw\custom_pakistani\ALERT\areeb_alert_normal_0044.jpg,ALERT,0.31679006080503425,0.3470234276594314,0.2865566939506371,0.886211697324022,-167.49087553552906,5.367329641349749,2.7475849449319716,0.7165466873267825,1.0,0.4330933746535651,False,True,848,478
datasets\raw\custom_pakistani\ALERT\areeb_alert_normal_0045.jpg,ALERT,0.3071610381671943,0.33109449415311504,0.28322758218127364,0.946102338406514,-167.29960186569295,3.2662964874694707,1.901939912827707,0.6972226126176388,0.9460658212560388,0.4483794039792388,False,True,848,478
datasets\raw\custom_pakistani\ALERT\areeb_alert_normal_0046.jpg,ALERT,0.3068976980684921,0.32818303727781317,0.2856123588591711,0.9641997542015254,-168.15215607605728,6.350135260231539,2.6605113080352214,0.5362676101691092,0.7194514749469065,0.3530837453913118,False,True,848,478
datasets\raw\custom_pakistani\ALERT\areeb_alert_normal_0047.jpg,ALERT,0.29360710007835233,0.30802322890916833,0.2791909712475364,0.9180259400238687,-169.68566354006813,6.727581724246482,2.6677377948897187,0.610648657338127,0.9061337861295412,0.31516352854671276,False,True,848,478
datasets\raw\custom_pakistani\ALERT\areeb_alert_normal_0048.jpg,ALERT,0.30550323279992153,0.30549320426387305,0.30551326133597,0.9318686423813131,-168.3299506800682,0.1821601833605901,0.4588306980908019,0.5758072292008585,1.0,0.15161445840171697,False,True,848,478
datasets\raw\custom_pakistani\ALERT\areeb_alert_normal_0049.jpg,ALERT,0.3076843176452706,0.29504686371184746,0.3203217715786937,0.916891105012581,-166.64400221354617,-14.680649603496736,1.1593877630531804,0.8550925924859047,0.9599729759923571,0.7502122089794524,False,False,848,478
datasets\raw\custom_pakistani\ALERT\areeb_alert_normal_0050.jpg,ALERT,0.2968552352950399,0.29202420090206854,0.30168626968801115,0.9257332086241307,-167.07986577692753,-11.936916350236775,1.208193352015217,0.6882353854286812,1.0,0.37647077085736247,False,True,848,478
datasets\raw\custom_pakistani\ALERT\areeb_alert_normal_0051.jpg,ALERT,0.2954481394783698,0.29091494751263997,0.2999813314440996,0.9342441231580567,-166.52491487390657,-16.05766317956138,0.1078558706117365,0.6967454120077783,1.0,0.3934908240155566,False,True,848,478
datasets\raw\custom_pakistani\ALERT\areeb_alert_normal_0052.jpg,ALERT,0.2861711607548786,0.3047349974230026,0.2676073240867546,0.8273124517781824,-162.57690749552287,-6.282086555110656,2.0762337025264594,0.5812612901571,0.8907829969808667,0.27173958333333337,False,True,848,478
datasets\raw\custom_pakistani\ALERT\areeb_alert_normal_0053.jpg,ALERT,0.2015913793732176,0.23325804028678554,0.16992471845964968,0.8794659042458305,-161.89872337463822,-3.214549904702894,1.8863295336303652,0.35962286202256155,0.43326350289047744,0.28598222115464567,True,True,848,478
datasets\raw\custom_pakistani\ALERT\areeb_alert_normal_0054.jpg,ALERT,0.2988463969795203,0.3128852172758503,0.28480757668319034,0.8408331357596612,-161.2665722545089,-8.900372193278189,2.2956855306139525,0.6677276315767308,0.9825140533235939,0.3529412098298677,False,True,848,478
datasets\raw\custom_pakistani\ALERT\areeb_alert_normal_0055.jpg,ALERT,0.30076602785335416,0.31351251128542645,0.2880195444212818,0.8445392269391574,-161.90426544470316,-8.983731263450379,2.3545024091491493,0.6352350796230024,0.9876913396639884,0.2827788195820164,False,True,848,478
datasets\raw\custom_pakistani\ALERT\areeb_alert_normal_0056.jpg,ALERT,0.29667618625717423,0.30796773400740995,0.2853846385069385,0.873451189790209,-163.13000763560404,-2.0824292818977357,1.6536451619214083,0.5736303801637115,0.85831745669114,0.2889433036362829,False,True,848,478
datasets\raw\custom_pakistani\ALERT\areeb_alert_normal_0057.jpg,ALERT,0.30592847424263614,0.30622721430432587,0.30562973418094647,0.8870192530292783,-162.54068102774778,1.890365014340321,1.5747593676152847,0.4835062875283432,0.6597278792376454,0.30728469581904094,False,True,848,478
datasets\raw\custom_pakistani\ALERT\areeb_alert_normal_0058.jpg,ALERT,0.30528082238524956,0.3120928330623288,0.2984688117081703,0.8457459246057679,-162.75763915870021,0.7161753064817532,2.229370939784902,0.5429413643599867,0.8504608917333332,0.23542183698664043,False,True,848,478
datasets\raw\custom_pakistani\ALERT\areeb_alert_normal_0059.jpg,ALERT,0.30412413039434283,0.31181120710168375,0.2964370536870019,0.904818857275568,-161.60429443911045,-2.702759043603594,1.3333282981926684,0.5554312449422893,0.8640320895219543,0.24683040036262444,False,True,848,478
datasets\raw\custom_pakistani\ALERT\areeb_alert_normal_0060.jpg,ALERT,0.3321657851979737,0.3407443528848342,0.32358721751111325,0.8830395982993503,-169.16937443439585,8.132981139585437,1.7622474880868335,0.5139119888405351,0.8921712795735732,0.135652698107497,False,True,848,478
datasets\raw\custom_pakistani\ALERT\areeb_alert_normal_0061.jpg,ALERT,0.27910993535815676,0.2581748691227413,0.3000450015935723,0.8835822455747597,-173.38705594669773,14.344479512597307,1.1397500328953372,0.7253210560879128,1.0,0.4506421121758255,False,True,848,478
datasets\raw\custom_pakistani\ALERT\areeb_alert_normal_0062.jpg,ALERT,0.31509875777902385,0.31417206788422936,0.3160254476738183,0.8629965115745121,-168.2386295132589,12.458424811245255,3.7623269431425928,0.7779797450573884,1.0,0.5559594901147767,False,True,848,478
datasets\raw\custom_pakistani\ALERT\areeb_alert_normal_0063.jpg,ALERT,0.29614451880844717,0.29427802951430426,0.2980110081025901,0.909922799575385,-173.28563463073527,11.551828183694898,1.829337798935704,0.6774106444586869,1.0,0.35482128891737374,False,True,848,478
datasets\raw\custom_pakistani\ALERT\areeb_alert_normal_0064.jpg,ALERT,0.2786236593765309,0.26806383300566555,0.2891834857473963,0.8697310253716484,-169.41438462903258,10.070200458915552,2.3094802661619602,0.806563474084607,1.0,0.6131269481692141,False,False,848,478
datasets\raw\custom_pakistani\ALERT\areeb_alert_normal_0065.jpg,ALERT,0.28677152185524835,0.2987497395473071,0.27479330416318964,0.9346105463642821,-169.24090101363217,8.807258467890048,0.8073544472460378,0.7965691972157145,0.9315899966216774,0.6615483978097516,False,False,848,478
datasets\raw\custom_pakistani\ALERT\areeb_alert_normal_0066.jpg,ALERT,0.2844627026156993,0.29693067090726755,0.271994734324131,0.9765772160442232,-171.48327696447626,11.164772368868606,0.5357033647198128,0.7108958079054369,0.9657435454432088,0.45604807036766504,False,True,848,478
datasets\raw\custom_pakistani\ALERT\areeb_alert_normal_0067.jpg,ALERT,0.3023201137434751,0.3126612039578322,0.29197902352911803,0.9334404514035272,-168.08397279374955,9.736448358728907,2.3959494520037894,0.5247716603956047,0.8518809732859133,0.1976623475052962,False,True,848,478
datasets\raw\custom_pakistani\ALERT\areeb_alert_normal_0068.jpg,ALERT,0.30072560416782307,0.3142608492478565,0.2871903590877896,0.9754598782590038,-166.94386541662314,8.301294358382995,1.5262914754006678,0.6063497213541666,1.0,0.21269944270833335,False,True,848,478
datasets\raw\custom_pakistani\ALERT\areeb_alert_normal_0069.jpg,ALERT,0.3035382233773621,0.3210743265377956,0.28600212021692856,0.9778622934479295,-163.96949037220142,4.516941408961626,1.7364143062757482,0.5039839029606203,0.6898764235349529,0.3180913823862878,False,True,848,478
datasets\raw\custom_pakistani\ALERT\areeb_alert_normal_0070.jpg,ALERT,0.29394173453616323,0.302524336568594,0.28535913250373246,1.0263255525410264,-165.9159846004483,8.728211537418728,1.5696393899255627,0.4755426327007602,0.6897512871166284,0.261333978284892,False,True,848,478
datasets\raw\custom_pakistani\ALERT\areeb_alert_normal_0071.jpg,ALERT,0.3154019159405549,0.33731450685124315,0.2934893250298667,0.8785732570913681,-167.44976743736729,5.786947158534133,3.048522277044863,0.5671913681703619,1.0,0.13438273634072367,False,True,848,478
datasets\raw\custom_pakistani\ALERT\areeb_alert_normal_0072.jpg,ALERT,0.2963731164937493,0.3023371887544978,0.2904090442330009,0.8125667427676504,-164.18958952028774,0.637560907702952,3.609424154782553,0.7085334215784916,1.0,0.41706684315698334,False,True,848,478
datasets\raw\custom_pakistani\ALERT\areeb_alert_normal_0073.jpg,ALERT,0.32901030765666955,0.3243909269016824,0.3336296884116567,0.8773136711528939,-168.1962985611417,16.77071065523607,2.530004429236588,0.7006129644197518,1.0,0.4012259288395038,False,True,848,478
datasets\raw\custom_pakistani\ALERT\areeb_alert_normal_0074.jpg,ALERT,0.31429255820672014,0.32243181301596924,0.30615330339747104,0.89623086401752,-169.46626921158955,17.138439890280488,3.062742686115813,0.6691251531490392,1.0,0.33825030629807834,False,True,848,478
datasets\raw\custom_pakistani\ALERT\areeb_alert_normal_0075.jpg,ALERT,0.2985655703390163,0.31204462172346875,0.28508651895456383,0.8511801678388723,-163.1601268350964,-5.1425607643902564,1.7270018965146448,0.6334582465277778,1.0,0.26691649305555554,False,True,848,478
datasets\raw\custom_pakistani\ALERT\areeb_alert_normal_0076.jpg,ALERT,0.2953500947041387,0.30092255012830843,0.28977763927996897,0.8929880380347921,-161.4358305000287,-2.6420348956295348,2.276280915825534,0.48273933858414364,0.6745514650025299,0.29092721216575734,False,True,848,478
datasets\raw\custom_pakistani\ALERT\areeb_alert_normal_0077.jpg,ALERT,0.29743710526051437,0.295679200645321,0.2991950098757077,0.91434791216237,-163.5555205774521,4.1517321202978525,1.415332990757822,0.5012805341431106,0.7338669523014293,0.26869411598479176,False,True,848,478
datasets\raw\custom_pakistani\ALERT\areeb_alert_normal_0078.jpg,ALERT,0.3012605420839154,0.30051458385728735,0.3020065003105434,0.9239423736381831,-162.2927826934835,4.059713128073773,2.089164774571014,0.5234788179115626,0.7380378913100936,0.3089197445130315,False,True,848,478
datasets\raw\custom_pakistani\ALERT\areeb_alert_normal_0079.jpg,ALERT,0.30387171614030795,0.2982858669318869,0.309457565348729,0.8936925509494397,-163.1293146782171,2.3319901103191474,2.652357239040271,0.4828507043389757,0.6955509030470916,0.2701505056308598,False,True,848,478
datasets\raw\custom_pakistani\ALERT\areeb_alert_normal_0080.jpg,ALERT,0.3052366345722707,0.3019417875022968,0.3085314816422446,0.8876055333052318,-162.37215485983594,-3.6165716577654012,2.6283024312161203,0.4884727650710501,0.6932956913887707,0.2836498387533295,False,True,848,478
datasets\raw\custom_pakistani\ALERT\areeb_alert_normal_0081.jpg,ALERT,0.2903451699908781,0.29858176366552425,0.28210857631623204,0.852868823253504,-161.40985462442165,-4.224422577085338,2.875730951751942,0.46889355979925285,0.6047000814151926,0.33308703818331314,False,True,848,478
datasets\raw\custom_pakistani\ALERT\areeb_alert_normal_0082.jpg,ALERT,0.3208837357962179,0.3217392352084516,0.32002823638398414,0.8419166253557732,-159.45170162681686,-9.448230009169047,1.4081168143416893,0.4374262190975069,0.5673107038403045,0.3075417343547094,True,True,848,478
datasets\raw\custom_pakistani\ALERT\areeb_alert_normal_0083.jpg,ALERT,0.3090345722590748,0.31463116943740815,0.30343797508074144,0.8544889163683657,-160.29447486370458,-4.987991578193007,2.317349035465544,0.5127301150420956,0.7286590058293356,0.2968012242548557,False,True,848,478
datasets\raw\custom_pakistani\ALERT\areeb_alert_normal_0084.jpg,ALERT,0.3194747300810716,0.31588025757496585,0.3230692025871773,0.9453412781442898,-167.60579146617184,14.990075587798033,1.7202065165255265,0.6051010614180777,1.0,0.2102021228361555,False,True,848,478
datasets\raw\custom_pakistani\ALERT\areeb_alert_normal_0085.jpg,ALERT,0.3195573266521342,0.3290393069313394,0.310075346372929,0.9001491697637107,-168.46187428760868,15.91881958749913,3.2354479617199896,0.6882523235538559,1.0,0.37650464710771187,False,True,848,478
datasets\raw\custom_pakistani\ALERT\areeb_alert_normal_0086.jpg,ALERT,0.2956454238418359,0.294216373222104,0.29707447446156776,0.9655937594283911,-167.20191850282063,11.536097741638503,3.0299620274122443,0.5647823703393966,1.0,0.1295647406787931,False,True,848,478
datasets\raw\custom_pakistani\ALERT\areeb_alert_normal_0087.jpg,ALERT,0.30687203275126557,0.3195775079937444,0.29416655750878673,0.911801995907301,-167.62871129609667,10.990207030276329,3.5880270511350276,0.6044829599522589,1.0,0.20896591990451768,False,True,848,478
datasets\raw\custom_pakistani\ALERT\areeb_alert_normal_0088.jpg,ALERT,0.29780094717463,0.3045644825575647,0.2910374117916953,0.9884790601415389,-166.88913690044524,10.982007675229127,2.7096830517085446,0.576347762345679,1.0,0.15269552469135803,False,True,848,478
datasets\raw\custom_pakistani\ALERT\areeb_alert_normal_0089.jpg,ALERT,0.31574441082007654,0.33007337141571097,0.30141545022444216,0.9478006468110192,-167.36973374297222,14.000363306611591,4.079783274919957,0.7348129096174364,1.0,0.4696258192348728,False,True,848,478
datasets\raw\custom_pakistani\ALERT\areeb_alert_normal_0090.jpg,ALERT,0.31474151866086164,0.328103437925883,0.30137959939584025,0.9305614385484652,-170.13190536680267,15.539245332168147,3.26516458981571,0.6989132406022373,1.0,0.39782648120447456,False,True,848,478
datasets\raw\custom_pakistani\ALERT\areeb_alert_normal_0091.jpg,ALERT,0.28797627952960747,0.29231314647830814,0.28363941258090686,0.9317730182142049,-166.48223067038813,6.793336682130654,3.591315698106008,0.6956870510313382,1.0,0.3913741020626763,False,True,848,478
datasets\raw\custom_pakistani\ALERT\areeb_alert_normal_0092.jpg,ALERT,0.31070204397459655,0.312229778730653,0.30917430921854006,0.8657134844076216,-163.25124244210338,-1.6105901393784905,3.1240952428092608,0.5609965402990497,0.8996852204634217,0.2223078601346776,False,True,848,478
datasets\raw\custom_pakistani\ALERT\areeb_alert_normal_0093.jpg,ALERT,0.30025560869568213,0.3124870368902319,0.28802418050113243,0.8780985592856843,-163.21861299551264,3.8836461884116718,3.470162904400046,0.42032316990722735,0.620869290996009,0.21977704881844576,False,True,848,478
datasets\raw\custom_pakistani\ALERT\areeb_alert_normal_0094.jpg,ALERT,0.30054129673110747,0.3080047293267023,0.2930778641355126,0.8796409851692514,-162.20537605428197,-4.369872676552885,3.43658760520638,0.49955033603962007,0.6628955527789347,0.33620511930030544,False,True,848,478
datasets\raw\custom_pakistani\ALERT\areeb_alert_normal_0095.jpg,ALERT,0.2971247308977331,0.3069805022433941,0.2872689595520721,0.8541316799105582,-163.29633257799878,-2.8802844759455026,3.8138414870203876,0.5276551677258923,0.7496790353624845,0.3056313000893001,False,True,848,478
datasets\raw\custom_pakistani\ALERT\areeb_alert_normal_0096.jpg,ALERT,0.31187412285972654,0.30602567653915475,0.31772256918029834,0.8094320742288665,-160.47419887142152,-8.026503811345163,3.310661975358131,0.4447044340917847,0.626003689411347,0.26340517877222236,False,True,848,478
datasets\raw\custom_pakistani\ALERT\areeb_alert_normal_0097.jpg,ALERT,0.30050596004533403,0.29245454305377894,0.3085573770368891,0.857180682664403,-162.25342433570515,-2.6136571767482892,3.910006218648879,0.518484948328386,0.7234145377047423,0.3135553589520297,False,True,848,478
datasets\raw\custom_pakistani\ALERT\areeb_alert_normal_0098.jpg,ALERT,0.3058561560561409,0.2938447239709185,0.3178675881413633,0.8340274386308171,-162.6600669010913,-1.9260396218007525,4.403298863930689,0.48753355700655887,0.6878452177103718,0.2872218963027459,False,True,848,478
datasets\raw\custom_pakistani\ALERT\areeb_alert_normal_0099.jpg,ALERT,0.3058168369561909,0.30570926318225533,0.30592441073012644,0.8224516771936976,-161.63976794001314,-4.24989384863316,4.645149762807999,0.4948112321779545,0.6688093061980844,0.3208131581578245,False,True,848,478
datasets\raw\custom_pakistani\ALERT\areeb_alert_normal_0100.jpg,ALERT,0.3123628813179502,0.3166883317676079,0.30803743086829255,0.8473266806250039,-160.9510258867579,-5.600388722235135,4.576396376826856,0.5510467419561986,0.738914728462536,0.3631787554498613,False,True,848,478
datasets\raw\custom_pakistani\ALERT\areeb_alert_normal_0101.jpg,ALERT,0.30943652724853676,0.3290240229507478,0.28984903154632574,0.8419701680516315,-164.04979680155245,-2.123091488952441,4.294173994469282,0.529426575140766,0.7188704380617382,0.33998271221979365,False,True,848,478
datasets\raw\custom_pakistani\ALERT\areeb_alert_normal_0102.jpg,ALERT,0.31464957931333193,0.3208954303550087,0.30840372827165513,0.8458348081398064,-161.61312159402232,-4.3851963951287,3.884417844030508,0.5776833879278951,0.8132737792058087,0.3420929966499815,False,True,848,478
datasets\raw\custom_pakistani\ALERT\areeb_alert_normal_0103.jpg,ALERT,0.3211097229937391,0.32286420178020636,0.31935524420727174,0.8848920743265746,-166.96373187286883,3.345491072429705,3.6631530281318785,0.6559876084046703,1.0,0.3119752168093406,False,True,848,478
datasets\raw\custom_pakistani\ALERT\areeb_alert_normal_0104.jpg,ALERT,0.32629075133948626,0.3229883547352756,0.3295931479436969,0.8764679185807145,-167.82866573432008,16.10439916936566,4.621846360301547,0.6525187003968255,1.0,0.3050374007936509,False,True,848,478
datasets\raw\custom_pakistani\ALERT\areeb_alert_normal_0105.jpg,ALERT,0.31136997899524343,0.30596527328566425,0.31677468470482256,0.9061503979211977,-168.09082114560448,13.147373763524655,5.277314336445655,0.6199596495631843,1.0,0.23991929912636858,False,True,848,478
datasets\raw\custom_pakistani\ALERT\areeb_alert_normal_0106.jpg,ALERT,0.3031916454595017,0.3040695285054229,0.3023137624135806,0.9442476937549936,-166.43817741282862,10.469126199016204,3.840295167501201,0.5915934070471754,1.0,0.18318681409435086,False,True,848,478
datasets\raw\custom_pakistani\ALERT\areeb_alert_normal_0107.jpg,ALERT,0.2904756595250493,0.3072398521584134,0.27371146689168524,0.9528199025029578,-163.94886524240582,4.403051627452355,2.35644277092883,0.6606999637249964,1.0,0.3213999274499929,False,True,848,478
datasets\raw\custom_pakistani\ALERT\areeb_alert_normal_0108.jpg,ALERT,0.31522904845578714,0.34701278482881703,0.2834453120827572,0.9181293801162719,-164.1854205109536,3.7551732317437163,3.0892598153560265,0.6795815800754458,1.0,0.35916316015089156,False,True,848,478
datasets\raw\custom_pakistani\ALERT\areeb_alert_normal_0109.jpg,ALERT,0.3171784502295244,0.3414996903015686,0.2928572101574801,0.895213698716873,-168.02268813288174,8.7805578556982,3.6745467183828815,0.5815005738222129,1.0,0.16300114764442575,False,True,848,478
datasets\raw\custom_pakistani\ALERT\areeb_alert_normal_0110.jpg,ALERT,0.3166126098902038,0.3256132846493785,0.3076119351310291,0.8391205461404212,-163.9426503167359,-1.576681319726958,4.15730056800256,0.64746586121396,1.0,0.29493172242792004,False,True,848,478
datasets\raw\custom_pakistani\ALERT\areeb_alert_normal_0111.jpg,ALERT,0.32018739421883063,0.32933107399298983,0.31104371444467144,0.8537918721153781,-164.1222845584177,-2.326230898581148,3.896018721605704,0.681980960034266,1.0,0.36396192006853206,False,True,848,478
datasets\raw\custom_pakistani\ALERT\areeb_alert_normal_0112.jpg,ALERT,0.31730350032529137,0.33301660532365235,0.3015903953269304,0.8385677931175878,-163.15216072063396,-2.270055491865132,3.3673606645757133,0.6936122670133591,1.0,0.3872245340267183,False,True,848,478
datasets\raw\custom_pakistani\ALERT\areeb_alert_normal_0113.jpg,ALERT,0.32223406940108257,0.34299011188007594,0.30147802692208914,0.8505713568809214,-163.08612989959636,-2.9092153411271426,3.4136808765221978,0.7015470461136563,1.0,0.4030940922273125,False,True,848,478
datasets\raw\custom_pakistani\ALERT\areeb_alert_normal_0114.jpg,ALERT,0.30124089361353573,0.3146985309724615,0.28778325625461,0.8294348319676187,-164.05909903199003,-1.5561758575083762,3.6493571744854636,0.667591021492524,1.0,0.3351820429850481,False,True,848,478
datasets\raw\custom_pakistani\ALERT\areeb_alert_normal_0115.jpg,ALERT,0.3076782223590786,0.3260541927724,0.2893022519457572,0.8431402009920183,-161.41860627542272,-7.1925694615376266,4.102991634003001,0.6376498805372386,1.0,0.2752997610744772,False,True,848,478
datasets\raw\custom_pakistani\ALERT\areeb_alert_normal_0116.jpg,ALERT,0.2946792073015596,0.3131855924650417,0.27617282213807753,0.9060328041121641,-163.54299209977256,0.6312983090779717,3.06961658311821,0.6542069160997732,1.0,0.3084138321995465,False,True,848,478
datasets\raw\custom_pakistani\ALERT\areeb_alert_normal_0117.jpg,ALERT,0.29633785814144104,0.31394379550332946,0.2787319207795526,0.8602597809837405,-164.15244457678014,-3.1663654635269234,3.7618869864660076,0.5982206854163494,0.9841238949419513,0.21231747589074768,False,True,848,478
datasets\raw\custom_pakistani\ALERT\areeb_alert_normal_0118.jpg,ALERT,0.23575259333316684,0.24184414996947895,0.2296610366968547,0.8590289544783356,-165.38080619274876,-0.8407444753102727,1.5934939960799615,0.21447094973989217,0.2075465001742288,0.22139539930555557,True,True,848,478
datasets\raw\custom_pakistani\ALERT\areeb_alert_normal_0119.jpg,ALERT,0.2836148245463773,0.2878385817442599,0.2793910673484948,0.8380645673440337,-166.61799935012996,-2.863304116191857,1.2538951587171463,0.21160183662751356,0.21055452836628508,0.21264914488874204,True,True,848,478
datasets\raw\custom_pakistani\ALERT\areeb_alert_normal_0120.jpg,ALERT,0.2920159275980704,0.29981804240647664,0.2842138127896641,0.8553571482187844,-167.02951960893657,-1.2841728132707209,1.2047267463629483,0.23341005321038366,0.21787097878073058,0.24894912764003674,True,True,848,478
datasets\raw\custom_pakistani\ALERT\areeb_alert_normal_0121.jpg,ALERT,0.2908116804424809,0.28116072899484285,0.30046263189011896,0.8345907309982928,-164.71029448509617,-3.9957535990468136,0.13102898027877752,0.2431109990472023,0.21971677931882375,0.26650521877558087,True,True,848,478
datasets\raw\custom_pakistani\ALERT\areeb_alert_normal_0122.jpg,ALERT,0.3033070015039273,0.312383872039338,0.29423013096851663,0.852270842623297,-166.18245268000237,-1.2539180902942433,2.267627511423966,0.23309537626851184,0.21994850583442108,0.2462422467026026,True,True,848,478
datasets\raw\custom_pakistani\ALERT\areeb_alert_normal_0123.jpg,ALERT,0.2919560846384409,0.28217836145544933,0.3017338078214325,0.8368637236658282,-169.08195117456265,-1.844006978288183,1.1601268122718147,0.25505384228831424,0.24508085404339253,0.26502683053323595,True,True,848,478
datasets\raw\custom_pakistani\ALERT\areeb_alert_normal_0124.jpg,ALERT,0.30533685438008185,0.2959836063804119,0.3146901023797518,0.8205191782241027,-163.9708761012069,0.19976689689193142,-178.5143891195638,0.27014440677497775,0.26711030115326123,0.2731785123966942,True,True,848,478
datasets\raw\custom_pakistani\ALERT\areeb_alert_normal_0125.jpg,ALERT,0.3055196434210282,0.27742389638776366,0.3336153904542927,0.8368987377377944,-167.99993154290905,-5.834143266851993,2.47174153247764,0.23888423790162366,0.21913864284927176,0.25862983295397557,True,True,848,478
datasets\raw\custom_pakistani\ALERT\areeb_alert_normal_0126.jpg,ALERT,0.3127379192397357,0.321389639137573,0.3040861993418984,0.8719256989801751,-168.69410999049444,4.437001044605953,3.0031012943078546,0.25683062168605897,0.27203649706666666,0.24162474630545128,True,True,848,478
datasets\raw\custom_pakistani\ALERT\areeb_alert_normal_0127.jpg,ALERT,0.304167283946862,0.31194628184240203,0.2963882860513219,0.8552574836270745,-167.35012188432145,4.295962084550291,-178.34739522289456,0.26797877770240297,0.2682719352888889,0.267685620115917,True,True,848,478
datasets\raw\custom_pakistani\ALERT\areeb_alert_normal_0128.jpg,ALERT,0.28491258419724136,0.283706370251682,0.2861187981428007,0.8457461021713106,-160.95040811088717,-0.12756659435803094,-179.13363914161812,0.20744957636790587,0.1864708530900303,0.22842829964578143,True,True,848,478
datasets\raw\custom_pakistani\ALERT\areeb_alert_normal_0129.jpg,ALERT,0.2841249957080897,0.2876962627021042,0.28055372871407525,0.8721902400107302,-169.07104501551643,-2.8603488243153583,3.150574749451032,0.23562994812977206,0.2417037815091999,0.22955611475034424,True,True,848,478
datasets\raw\custom_pakistani\ALERT\areeb_alert_normal_0130.jpg,ALERT,0.3078986407780272,0.30401559595750766,0.3117816855985467,0.904813592711329,-165.85958365385983,-5.712080557558353,-178.37361936870437,0.22458858266806161,0.17597022222222225,0.273206943113901,True,True,848,478
datasets\raw\custom_pakistani\ALERT\areeb_alert_normal_0131.jpg,ALERT,0.3091832183804206,0.3044870868924019,0.3138793498684393,0.8396852530822388,-162.7039044062993,0.6662517256140514,-177.0081740483526,0.24799864796493065,0.2025402816340714,0.2934570142957899,True,True,848,478
datasets\raw\custom_pakistani\ALERT\areeb_alert_normal_0132.jpg,ALERT,0.2924180228970891,0.2982487841898264,0.28658726160435183,0.8566164451898622,-167.94114718707627,0.029978748245905917,1.4139369222720641,0.24219759404634647,0.23206764737654317,0.25232754071614977,True,True,848,478
datasets\raw\custom_pakistani\ALERT\areeb_alert_normal_0133.jpg,ALERT,0.3214705251352958,0.34331784384971825,0.2996232064208733,0.8603696949043372,-164.91426263360563,2.014251547394862,2.0594407859141315,0.34451603472370973,0.46622688385682975,0.22280518559058976,True,True,848,478
datasets\raw\custom_pakistani\ALERT\areeb_alert_normal_0134.jpg,ALERT,0.3212392061228232,0.30413200027577253,0.33834641196987386,0.8310159002154388,-166.41900937731006,0.17750514509714427,2.450858499572813,0.3883347396408846,0.5008997209961552,0.27576975828561406,True,True,848,478
datasets\raw\custom_pakistani\ALERT\areeb_alert_normal_0135.jpg,ALERT,0.3261168071468036,0.3267315007284483,0.32550211356515885,0.8733788119103855,-168.53226586760337,0.29343975768546565,4.592699217550446,0.29198234555353386,0.32865953228002776,0.25530515882703997,True,True,848,478
datasets\raw\custom_pakistani\ALERT\areeb_alert_normal_0136.jpg,ALERT,0.32839867716981547,0.32671521907239925,0.3300821352672317,0.8224149390354392,-169.91516247473632,2.365220058739227,2.360273676845499,0.269397163878033,0.3037501224489796,0.23504420530708633,True,True,848,478
datasets\raw\custom_pakistani\ALERT\areeb_alert_normal_0137.jpg,ALERT,0.31995341972705055,0.30561977149938196,0.33428706795471913,0.8027974210013961,-168.16616876453702,12.313910463037304,5.2176904917032365,0.2561466903457148,0.3019974321378458,0.21029594855358383,True,True,848,478
datasets\raw\custom_pakistani\ALERT\areeb_alert_normal_0138.jpg,ALERT,0.3200257857453331,0.3183194409787289,0.3217321305119373,0.8496003698421488,-168.52703530449563,7.569380121813841,3.5156324356359927,0.25900825531889116,0.273398355749741,0.24461815488804128,True,True,848,478
datasets\raw\custom_pakistani\ALERT\areeb_alert_normal_0139.jpg,ALERT,0.31836420828349,0.3189528780993119,0.31777553846766815,0.8226172448420379,-170.15592180017418,3.7889647626491723,3.4868810488728403,0.31872840943563197,0.38590378924131,0.2515530296299539,True,True,848,478
datasets\raw\custom_pakistani\ALERT\areeb_alert_normal_0140.jpg,ALERT,0.2519106356798446,0.24071110407891483,0.26311016728077447,0.8128188361176628,-171.2962952424457,1.58928423847768,2.930523971723211,0.36922742311052764,0.45669930165366796,0.28175554456738733,True,True,848,478
datasets\raw\custom_pakistani\ALERT\areeb_alert_normal_0141.jpg,ALERT,0.29250835684072785,0.3067818664327653,0.27823484724869046,0.8217195125815087,-165.65214252754683,-1.3529412833927295,3.1168282657253474,0.3606440856973817,0.44528829062820086,0.2759998807665626,True,True,848,478
datasets\raw\custom_pakistani\ALERT\areeb_alert_normal_0142.jpg,ALERT,0.2825695995270938,0.2897136884814185,0.2754255105727692,0.8145965954218346,-169.85184518834862,-0.4738910407483922,2.466458507597928,0.44186847643573746,0.6303510833333332,0.2533858695381417,False,True,848,478
datasets\raw\custom_pakistani\ALERT\areeb_alert_normal_0143.jpg,ALERT,0.2970293039104545,0.2975450768144087,0.2965135310065003,0.8655112655181442,-163.94877936260784,-3.7085156194119575,0.6193346483776025,0.24459157797407774,0.28576221324445755,0.20342094270369793,True,True,848,478
datasets\raw\custom_pakistani\ALERT\areeb_alert_normal_0144.jpg,ALERT,0.3040870930777888,0.30236738121414275,0.3058068049414349,0.8377923571716621,-164.86217972993248,-0.05141470644559625,1.8186902707062902,0.21478207676624939,0.20413518452592855,0.2254289690065702,True,True,848,478
datasets\raw\custom_pakistani\ALERT\areeb_alert_normal_0145.jpg,ALERT,0.2982106800292037,0.29742040322418123,0.2990009568342262,0.8388134549578005,-163.1846083882108,-0.8286551719721091,3.3288339216682883,0.2250855778162137,0.22165472404151929,0.22851643159090812,True,True,848,478
datasets\raw\custom_pakistani\ALERT\areeb_alert_normal_0146.jpg,ALERT,0.311508177550594,0.3129393762537917,0.3100769788473963,0.8565687303649125,-165.4724430426252,-2.0555154008035363,2.2899514851327845,0.2488588168024935,0.2714292120174767,0.22628842158751028,True,True,848,478
datasets\raw\custom_pakistani\ALERT\areeb_alert_normal_0147.jpg,ALERT,0.32688205534424997,0.31997286700534994,0.33379124368315005,0.838652076836347,-164.97716950863614,3.237973122353405,-177.81686005852168,0.3007229082658816,0.2919552097038605,0.3094906068279027,True,True,848,478
datasets\raw\custom_pakistani\ALERT\areeb_alert_normal_0148.jpg,ALERT,0.32196367194582887,0.3134314191100664,0.33049592478159134,0.8257597704153405,-168.08492160329536,-1.715613293899389,2.5264018936999895,0.2811316702931046,0.2891522466663928,0.2731110939198164,True,True,848,478
datasets\raw\custom_pakistani\ALERT\areeb_alert_normal_0149.jpg,ALERT,0.31574751202651175,0.3143239577831,0.31717106626992353,0.8306757305001714,-165.9977801527155,-0.904473777318609,2.2326883449076242,0.26464088134790803,0.2665219410711387,0.26275982162467737,True,True,848,478
datasets\raw\custom_pakistani\ALERT\areeb_alert_normal_0150.jpg,ALERT,0.3141158350246147,0.299287398048163,0.32894427200106635,0.84229626140847,-165.09329988319334,-0.9698288124809169,2.486416304677738,0.2928218277262854,0.2803920114766995,0.3052516439758713,True,True,848,478
datasets\raw\custom_pakistani\ALERT\areeb_alert_normal_0151.jpg,ALERT,0.31783713053435786,0.326488547736925,0.30918571333179073,0.8413795162217347,-166.78002228411077,-3.2711327254376195,3.693082900011061,0.28367468162178255,0.26187596372660044,0.3054733995169647,True,True,848,478
datasets\raw\custom_pakistani\ALERT\areeb_alert_normal_0152.jpg,ALERT,0.3045155599507361,0.2836193284088029,0.32541179149266924,0.8320950577785565,-163.96314479894332,-2.9336244446622066,2.1599507045913713,0.2670394199813698,0.24961344046749454,0.28446539949524513,True,True,848,478
datasets\raw\custom_pakistani\ALERT\areeb_alert_normal_0153.jpg,ALERT,0.29215805757354874,0.2880655495997517,0.2962505655473458,0.862448183565709,-166.55916429394105,-2.0564122367040567,2.669741235046567,0.2653315867575275,0.2491996165084003,0.28146355700665465,True,True,848,478
datasets\raw\custom_pakistani\ALERT\areeb_alert_normal_0154.jpg,ALERT,0.30951644488534397,0.31152762311800336,0.3075052666526846,0.8525846297526107,-167.92147998264403,-0.19655360652286258,2.6988134699730484,0.24923067982075572,0.24623964572680784,0.2522217139147036,True,True,848,478
datasets\raw\custom_pakistani\ALERT\areeb_alert_normal_0155.jpg,ALERT,0.3082395425965915,0.3149821006523189,0.3014969845408641,0.8473976020234938,-166.24127334490998,1.3965299591303306,2.8854803763542742,0.24762655141585432,0.2407931983895599,0.2544599044421487,True,True,848,478
datasets\raw\custom_pakistani\ALERT\areeb_alert_normal_0156.jpg,ALERT,0.2940565775770666,0.28732563882168777,0.3007875163324455,0.8406743689632687,-167.79302578033662,-2.025578685501092,2.672313975006469,0.25955080641850714,0.2443751822222222,0.274726430614792,True,True,848,478
datasets\raw\custom_pakistani\ALERT\areeb_alert_normal_0157.jpg,ALERT,0.2816708896224307,0.29406036065327773,0.26928141859158367,0.9264419158333935,-175.30020453310144,5.820478913976028,1.5708818394929098,0.19409281601744538,0.2824775221542427,0.10570810988064805,True,True,848,478
datasets\raw\custom_pakistani\ALERT\areeb_alert_normal_0158.jpg,ALERT,0.27822423354187176,0.2959842365540137,0.2604642305297299,0.8957424334953622,-174.81896505997932,6.463376442710635,1.5364785711104914,0.1925002097161036,0.260398077005854,0.12460234242635321,True,True,848,478
datasets\raw\custom_pakistani\ALERT\areeb_alert_normal_0159.jpg,ALERT,0.2658597007047014,0.2712012427384786,0.26051815867092415,0.9198531991587139,-177.2375341088378,7.886975658750077,1.2435595747572497,0.2647551761485027,0.3921593208333976,0.1373510314636078,True,True,848,478
datasets\raw\custom_pakistani\ALERT\areeb_alert_normal_0160.jpg,ALERT,0.2817517566519476,0.30259540350641306,0.26090810979748225,0.9040187978868854,-174.68761066983257,6.353107101490063,1.401875082788824,0.2123597282436437,0.2841516214033925,0.14056783508389484,True,True,848,478
datasets\raw\custom_pakistani\ALERT\areeb_alert_normal_0161.jpg,ALERT,0.29513086267056265,0.30678624052970344,0.28347548481142193,0.9124424100121922,-174.27585954193668,8.913926530329233,0.8547532145331673,0.19332879103287812,0.2438434753539697,0.14281410671178654,True,True,848,478
datasets\raw\custom_pakistani\ALERT\areeb_alert_normal_0162.jpg,ALERT,0.30609928684819604,0.31536466314794204,0.29683391054845004,0.8955291839460917,-174.44967506138406,8.506310435932889,1.5735033268082486,0.19372351524637352,0.24028277167388062,0.1471642588188664,True,True,848,478
datasets\raw\custom_pakistani\ALERT\areeb_alert_normal_0163.jpg,ALERT,0.30786670644705993,0.3120378147283374,0.3036955981657824,0.9269194946020322,-174.77603071563846,6.911106113387842,1.336661739273954,0.20856598128886777,0.25723486301768994,0.15989709956004564,True,True,848,478
datasets\raw\custom_pakistani\ALERT\areeb_alert_normal_0164.jpg,ALERT,0.29397337256849415,0.3096784490703128,0.2782682960666755,0.9177740861615105,-175.12311816892284,6.794754117687042,1.6595879792752926,0.230998236361321,0.3081707890127728,0.1538256837098692,True,True,848,478
datasets\raw\custom_pakistani\ALERT\areeb_alert_normal_0165.jpg,ALERT,0.29406597228316544,0.2907366962196014,0.2973952483467295,0.924133829713965,-176.93697991927334,6.324528831553817,1.0495112841532874,0.2763879113933446,0.4026156724500079,0.1501601503366813,True,True,848,478
datasets\raw\custom_pakistani\ALERT\areeb_alert_normal_0166.jpg,ALERT,0.2739283037810493,0.2672311064064293,0.28062550115566937,0.9179331515346119,-178.57967572438503,2.115625924906352,1.4798510680793742,0.2389397749161621,0.35364820617524195,0.12423134365708227,True,True,848,478
datasets\raw\custom_pakistani\ALERT\areeb_alert_normal_0167.jpg,ALERT,0.24819616488982268,0.24867983074630728,0.24771249903333808,0.9136476447047267,-177.42848890497692,7.738524351819722,1.8448861926561226,0.2145295095147004,0.26740415220071845,0.16165486682868235,True,True,848,478
datasets\raw\custom_pakistani\ALERT\areeb_alert_normal_0168.jpg,ALERT,0.2869810535049512,0.29716682430849956,0.27679528270140275,0.9152190726933963,-179.2956994540872,2.9028597810718217,4.394311835267949,0.28368998607941764,0.4292260044444444,0.13815396771439092,True,True,848,478
datasets\raw\custom_pakistani\ALERT\areeb_alert_normal_0169.jpg,ALERT,0.29315631607873055,0.27574111923092487,0.31057151292653623,0.9202181793651601,177.9238986470886,5.889464492200766,1.4388963361523475,0.21840359879337598,0.28769270658324997,0.149114491003502,True,True,848,478
datasets\raw\custom_pakistani\ALERT\areeb_alert_normal_0170.jpg,ALERT,0.2879653513847695,0.28347881648163753,0.2924518862879014,0.8935810775962397,173.80485230198366,7.479155857116477,1.217709364338362,0.320872496518298,0.4053649439663481,0.23638004907024793,True,True,848,478
datasets\raw\custom_pakistani\ALERT\areeb_alert_normal_0171.jpg,ALERT,0.2937368675542319,0.29110399592120517,0.29636973918725856,0.9103931133845723,174.45437863224984,5.238005927921693,1.7820515101844263,0.2875252526638086,0.38351764036817876,0.19153286495943841,True,True,848,478
datasets\raw\custom_pakistani\ALERT\areeb_alert_normal_0172.jpg,ALERT,0.2971430338939196,0.3034209911814356,0.29086507660640354,0.8743464438569555,174.7357999247444,5.767469519226291,1.88588217337271,0.31055266187040276,0.4051219322813938,0.21598339145941167,True,True,848,478
datasets\raw\custom_pakistani\ALERT\areeb_alert_normal_0173.jpg,ALERT,0.29296190142093376,0.2793280534303645,0.306595749411503,0.8928413383329813,175.99766823954042,4.3990226683478735,1.869883513447221,0.31786538159219835,0.41174866441896457,0.22398209876543212,True,True,848,478
datasets\raw\custom_pakistani\ALERT\areeb_alert_normal_0174.jpg,ALERT,0.26610990685414915,0.28489575683901874,0.24732405686927952,0.8610215455516059,174.3233926955969,5.334737198951077,1.9607349866702788,0.3113058124803491,0.4221704926650933,0.2004411322956049,True,True,848,478
datasets\raw\custom_pakistani\ALERT\areeb_alert_normal_0175.jpg,ALERT,0.28024126156613005,0.28105408335499327,0.27942843977726683,0.8863603402900571,-179.1989994613962,6.517316383043015,2.006321165043973,0.41303702461839037,0.6488948522762316,0.17717919696054918,False,True,848,478
datasets\raw\custom_pakistani\ALERT\areeb_alert_normal_0176.jpg,ALERT,0.29840907378391135,0.31338852829281555,0.2834296192750071,0.9284575270184842,-174.95184944491686,7.985443017608545,1.2230545123573506,0.20401489906964165,0.28201867146979326,0.12601112666949002,True,True,848,478
datasets\raw\custom_pakistani\ALERT\areeb_alert_normal_0177.jpg,ALERT,0.32947609842514325,0.3440556657318063,0.3148965311184802,0.9032016478487731,-173.23520039127482,7.13594154285803,1.5332286584468724,0.20645559139829567,0.25260792435847834,0.16030325843811302,True,True,848,478
datasets\raw\custom_pakistani\ALERT\areeb_alert_normal_0178.jpg,ALERT,0.3055155669017128,0.31049112360773473,0.3005400101956909,0.9349364233526697,-173.66881201022957,7.7867203309427735,1.2558404789970066,0.19258865523912275,0.23594019999122845,0.14923711048701704,True,True,848,478
datasets\raw\custom_pakistani\ALERT\areeb_alert_normal_0179.jpg,ALERT,0.3052054144928522,0.3146959371994852,0.29571489178621924,0.9112773723317644,-172.9407061667835,5.803306179771643,2.002211326798763,0.17725396764943474,0.21752150182615046,0.136986433472719,True,True,848,478
datasets\raw\custom_pakistani\ALERT\areeb_alert_normal_0180.jpg,ALERT,0.3158716151173805,0.31644246904881723,0.3153007611859437,0.9285331894067103,-171.54683990351998,3.0829093648659165,2.1327933649112647,0.20295914562418607,0.2642597091555556,0.14165858209281657,True,True,848,478
datasets\raw\custom_pakistani\ALERT\areeb_alert_normal_0181.jpg,ALERT,0.3039255820204364,0.3045575404211826,0.30329362361969026,0.9249484066806868,-171.63043714137527,0.054095524823396725,1.581292712594101,0.17736076598432704,0.2269761597633136,0.1277453722053405,True,True,848,478
datasets\raw\custom_pakistani\ALERT\areeb_alert_normal_0182.jpg,ALERT,0.31002696060283463,0.32157077173376397,0.29848314947190524,0.9171173620515263,-172.12208679672014,3.035003174212118,1.9104883974825473,0.19714481591436245,0.25006723372821044,0.14422239810051446,True,True,848,478
datasets\raw\custom_pakistani\ALERT\areeb_alert_normal_0183.jpg,ALERT,0.26582139853676945,0.2762260003476996,0.25541679672583933,0.9065827811709462,-171.5502518612187,5.258905575617577,2.0997741507428387,0.14220751884335614,0.17306636930896604,0.11134866837774621,True,True,848,478
datasets\raw\custom_pakistani\ALERT\areeb_alert_normal_0184.jpg,ALERT,0.27326354556337856,0.2834341822675705,0.2630929088591866,0.9207844610873918,-172.1092970140136,3.4175133908250994,1.728699206409905,0.16465508995380695,0.1969544433967321,0.13235573651088178,True,True,848,478
datasets\raw\custom_pakistani\ALERT\areeb_alert_normal_0185.jpg,ALERT,0.2862876894164359,0.29963580999829725,0.27293956883457454,0.9269180034636629,-173.51020267778642,8.573416606706402,1.3524164437365918,0.190441387825213,0.22931523354803837,0.15156754210238763,True,True,848,478
datasets\raw\custom_pakistani\ALERT\areeb_alert_normal_0186.jpg,ALERT,0.29319927276212604,0.2967266481107528,0.2896718974134993,0.8944538606142517,-172.2857987290023,8.4212825485313,1.6849613090377562,0.184281125353365,0.22853812187514078,0.1400241288315892,True,True,848,478
datasets\raw\custom_pakistani\ALERT\areeb_alert_normal_0187.jpg,ALERT,0.2898910970622107,0.29505793682438397,0.2847242573000375,0.9055207067309485,-171.89442410637312,5.916461696129161,1.4801164098674993,0.19018949269619956,0.22510641859573247,0.15527256679666668,True,True,848,478
datasets\raw\custom_pakistani\ALERT\areeb_alert_normal_0188.jpg,ALERT,0.28612550456161034,0.2940105024744969,0.27824050664872374,0.9086620753498591,-172.86614485607103,7.658545365145802,1.7968578097806274,0.19914263592585216,0.25955422115620413,0.13873105069550018,True,True,848,478
datasets\raw\custom_pakistani\ALERT\areeb_alert_normal_0189.jpg,ALERT,0.2833052633527935,0.2950346478169669,0.27157587888862006,0.9154387849817615,-172.78875572342392,6.713930641310577,2.2585932377130775,0.19234560438787962,0.23537871612516,0.1493124926505992,True,True,848,478
datasets\raw\custom_pakistani\ALERT\areeb_alert_normal_0190.jpg,ALERT,0.29280577465411883,0.2980732246561651,0.2875383246520725,0.9272537472603816,-173.8433914378041,6.088025004471865,2.6329353225833683,0.20411029437025252,0.26878076631325076,0.13943982242725428,True,True,848,478
datasets\raw\custom_pakistani\ALERT\areeb_alert_normal_0191.jpg,ALERT,0.30306654012386736,0.32582070238108873,0.28031237786664603,0.9057594862232544,-172.04187282369176,2.4765061678116282,2.1718699800424917,0.1894386549296467,0.24196616030143103,0.13691114955786238,True,True,848,478
datasets\raw\custom_pakistani\ALERT\areeb_alert_normal_0192.jpg,ALERT,0.2823887562275314,0.30133872937646233,0.26343878307860047,0.9071256668383577,-175.47102864594802,7.550046608126621,2.4101058633886447,0.20428196443568017,0.2515520892786442,0.15701183959271614,True,True,848,478
datasets\raw\custom_pakistani\ALERT\areeb_alert_normal_0193.jpg,ALERT,0.3030418637867177,0.32156367792396734,0.2845200496494681,0.9057247473660106,-173.748731163665,10.102232458491777,1.784730728195305,0.12969813414835724,0.15563610072535808,0.10376016757135638,True,True,848,478
datasets\raw\custom_pakistani\ALERT\areeb_alert_normal_0194.jpg,ALERT,0.26201766309253216,0.2715314660486146,0.2525038601364497,0.9206349169985124,-170.6094172336318,6.3354624143733576,3.5915419721804063,0.11658695027504466,0.1500168149548362,0.08315708559525312,True,True,848,478
datasets\raw\custom_pakistani\ALERT\areeb_alert_normal_0195.jpg,ALERT,0.28299969896903454,0.29574531160920164,0.27025408632886744,0.9409393867791869,-173.27096079009615,6.624164420540269,2.076791908778044,0.1190721136656995,0.13837913359568338,0.09976509373571561,True,True,848,478
datasets\raw\custom_pakistani\ALERT\areeb_alert_normal_0196.jpg,ALERT,0.2860273464785218,0.2948091331677748,0.27724555978926885,0.9091869014543704,-172.8299052868888,7.467509394126132,1.7536671216517692,0.1471508974047603,0.17076108236564946,0.12354071244387116,True,True,848,478
datasets\raw\custom_pakistani\ALERT\areeb_alert_normal_0197.jpg,ALERT,0.2858055704969601,0.2975900055802116,0.27402113541370865,0.908267070557498,-174.24094993063673,8.482554912622868,1.3072501186854284,0.1605738294941373,0.1698326449595436,0.15131501402873102,True,True,848,478
datasets\raw\custom_pakistani\ALERT\areeb_alert_normal_0198.jpg,ALERT,0.28490786287878556,0.2860079564333084,0.2838077693242627,0.9143013141519422,-175.39290746145474,8.502722496005807,1.2475736345009532,0.15132854219630665,0.1612408768354723,0.14141620755714096,True,True,848,478
datasets\raw\custom_pakistani\ALERT\areeb_alert_normal_0199.jpg,ALERT,0.2864340978049036,0.28879456733867176,0.28407362827113536,0.9044142716719491,-176.0113517730049,8.262555204037593,1.240253913458133,0.14861155648412466,0.1596135982836611,0.13760951468458826,True,True,848,478
datasets\raw\custom_pakistani\ALERT\areeb_alert_normal_0200.jpg,ALERT,0.30619881486088,0.29557588219745723,0.3168217475243028,0.8882254485729961,179.48910508976564,7.9834363896743605,1.6693467828708317,0.18620712040061665,0.21380902409801358,0.15860521670321975,True,True,848,478
datasets\raw\custom_pakistani\ALERT\areeb_alert_normal_0201.jpg,ALERT,0.33315094188821637,0.3258584010212603,0.3404434827551725,0.9002137607697089,179.73445891734107,7.72585706255093,1.8527561163055386,0.19863953821827213,0.21428944708764916,0.1829896293488951,True,True,848,478
datasets\raw\custom_pakistani\ALERT\areeb_alert_normal_0202.jpg,ALERT,0.30293873867946397,0.310811078155024,0.29506639920390393,0.9089296989992862,-179.69050135357813,6.951801154476554,1.6021804127523436,0.18586122471330818,0.214689869165023,0.15703258026159334,True,True,848,478
datasets\raw\custom_pakistani\ALERT\areeb_alert_normal_0203.jpg,ALERT,0.3178252389947621,0.3134863589936338,0.3221641189958904,0.9004104218982695,-178.2979872069511,6.044634933966302,1.3589063505038363,0.17949094599012982,0.19788351715555552,0.16109837482470415,True,True,848,478
datasets\raw\custom_pakistani\ALERT\areeb_alert_normal_0204.jpg,ALERT,0.33641489810476555,0.33923336611899696,0.33359643009053414,0.8970899487373069,-178.99659658402453,6.728106127153823,1.3464178930066837,0.19552229633233245,0.22508505600659284,0.16595953665807206,True,True,848,478
datasets\raw\custom_pakistani\ALERT\areeb_alert_normal_0205.jpg,ALERT,0.27616041652266987,0.2796565242577602,0.2726643087875796,0.8986189367991918,-178.85662089092574,7.685390212076126,1.0493225006296467,0.18248190908647777,0.19667443240052282,0.16828938577243274,True,True,848,478
datasets\raw\custom_pakistani\ALERT\areeb_alert_normal_0206.jpg,ALERT,0.27896129510237033,0.28628378439944313,0.27163880580529753,0.9057432220387563,-179.78446261136276,6.310959685808614,1.1347338985150872,0.17145785037346412,0.18904357188890353,0.1538721288580247,True,True,848,478
datasets\raw\custom_pakistani\ALERT\areeb_alert_normal_0207.jpg,ALERT,0.30633778614830365,0.31491720630959147,0.2977583659870158,0.8896126837978194,179.323087959432,6.759602830359112,0.6361107232849535,0.17982001218981014,0.18113329958109997,0.17850672479852028,True,True,848,478
datasets\raw\custom_pakistani\ALERT\areeb_alert_normal_0208.jpg,ALERT,0.2843568796981215,0.2948656062881136,0.27384815310812943,0.9107458969378197,179.3863348866069,5.610412396888561,0.6747462286037839,0.18824321391387602,0.2129959228250479,0.16349050500270415,True,True,848,478
datasets\raw\custom_pakistani\ALERT\areeb_alert_normal_0209.jpg,ALERT,0.28839589618880623,0.29125202857533905,0.28553976380227336,0.8962847724816589,-174.45873680802535,7.913392312413189,0.875481923302554,0.17174001965386182,0.19573650151176422,0.14774353779595945,True,True,848,478
datasets\raw\custom_pakistani\ALERT\areeb_alert_normal_0210.jpg,ALERT,0.2999868029062158,0.31855643259339694,0.28141717321903464,0.8720143372077466,-173.2141897301642,9.629673214401384,1.645645883143142,0.16074854969340394,0.18887074202229912,0.13262635736450876,True,True,848,478
datasets\raw\custom_pakistani\ALERT\areeb_alert_normal_0211.jpg,ALERT,0.26915145186867095,0.27484142066731176,0.2634614830700302,0.9013004008883276,-175.32271291060815,7.9652456123325255,2.927874307615914,0.16018790980751962,0.1735546195877418,0.14682120002729745,True,True,848,478
datasets\raw\custom_pakistani\ALERT\areeb_alert_normal_0212.jpg,ALERT,0.28074520117955737,0.2941653389074232,0.26732506345169155,0.8925680678568348,-175.58830001973254,9.532589353078054,2.8651909149491783,0.16524134974622792,0.19112115339663988,0.13936154609581597,True,True,848,478
datasets\raw\custom_pakistani\ALERT\areeb_alert_normal_0213.jpg,ALERT,0.2912269632867093,0.31242961716972484,0.27002430940369376,0.9046002857404625,-174.79140147504373,8.752992542402264,2.474888054327653,0.1566158511242139,0.17546273122832307,0.13776897102010469,True,True,848,478
datasets\raw\custom_pakistani\ALERT\areeb_alert_normal_0214.jpg,ALERT,0.12368444235182247,0.11665107037735235,0.13071781432629256,0.9137425248716293,-178.60477527146668,5.864490567123463,1.5434536934573513,0.18123044978539804,0.19818096478447988,0.16427993478631617,True,True,848,478
datasets\raw\custom_pakistani\ALERT\areeb_alert_normal_0215.jpg,ALERT,0.2738261654180725,0.2889565444317066,0.25869578640443835,0.8930647829192021,-178.99548492604794,7.333491828939465,1.2925752794288343,0.18889370603130645,0.2149786830633434,0.16280872899926951,True,True,848,478
datasets\raw\custom_pakistani\ALERT\areeb_alert_normal_0216.jpg,ALERT,0.3026855747103562,0.3213332732434822,0.2840378761772301,0.8821307765505529,-175.2630450609352,6.535683113506164,1.2695079797328745,0.18575307820908823,0.2104836736623853,0.16102248275579117,True,True,848,478
datasets\raw\custom_pakistani\ALERT\areeb_alert_normal_0217.jpg,ALERT,0.29235228073299274,0.3109255446275249,0.27377901683846056,0.904306893721832,-173.2146412429941,7.6106451980549705,1.4052905356928158,0.16388429836320823,0.18374653565129756,0.14402206107511892,True,True,848,478
datasets\raw\custom_pakistani\ALERT\areeb_alert_normal_0218.jpg,ALERT,0.2961250439007108,0.2979810216147788,0.2942690661866429,0.9177124367634873,-172.3273147692404,8.525680820995609,1.7671216863421026,0.16468435677806792,0.17809148070987654,0.15127723284625927,True,True,848,478
datasets\raw\custom_pakistani\ALERT\areeb_alert_normal_0219.jpg,ALERT,0.2972105736036468,0.27450144112281616,0.31991970608447745,0.8943880495369665,-175.91883983764396,10.779079271992702,1.2995853739498542,0.18984347178527114,0.21266011503667429,0.167026828533868,True,True,848,478
datasets\raw\custom_pakistani\ALERT\areeb_alert_normal_0220.jpg,ALERT,0.32269092111434217,0.3299258725388383,0.31545596968984607,0.8748988115483922,179.239103756275,7.430893274343287,0.816618738527453,0.20403906411943457,0.21506090007134365,0.19301722816752545,True,True,848,478
datasets\raw\custom_pakistani\ALERT\areeb_alert_normal_0221.jpg,ALERT,0.3030060695435869,0.2975137158048054,0.30849842328236843,0.8823481563342981,-178.79506292949984,5.670551625280071,1.3982065412341307,0.20208624736143202,0.22510342832333236,0.17906906639953168,True,True,848,478
datasets\raw\custom_pakistani\ALERT\areeb_alert_normal_0222.jpg,ALERT,0.2882981088299257,0.3113032722433695,0.2652929454164818,0.8931164189490186,-178.43367224625962,8.275167942322648,1.1272671927073574,0.14964650359528542,0.17540232183468402,0.12389068535588685,True,True,848,478
datasets\raw\custom_pakistani\ALERT\areeb_alert_normal_0223.jpg,ALERT,0.2838721480807815,0.3002360641202811,0.2675082320412819,0.9031907683692031,-176.93473533844943,8.175347833294957,1.764651630938484,0.1725401176535218,0.19166118565104676,0.15341904965599687,True,True,848,478
datasets\raw\custom_pakistani\ALERT\areeb_alert_normal_0224.jpg,ALERT,0.29203776415985194,0.3061711755521014,0.27790435276760245,0.8977048089538728,-175.60590158037488,6.798461190847732,1.740856997950807,0.15944318302536015,0.16853576397459574,0.15035060207612458,True,True,848,478
datasets\raw\custom_pakistani\ALERT\sh_alert_normal_0000.jpg,ALERT,0.345192067818887,0.34682274505083716,0.34356139058693685,1.0330538184527076,-177.96998591739109,24.466936102475092,-3.372902173943605,1.0,1.0,1.0,False,False,480,848
datasets\raw\custom_pakistani\ALERT\sh_alert_normal_0001.jpg,ALERT,0.3349633862529011,0.3387013030547572,0.33122546945104503,1.0180462529268375,-178.0904174168703,25.16561092545617,-3.647650684696365,0.7356202033971945,0.7018262718690416,0.7694141349253474,False,False,480,848
datasets\raw\custom_pakistani\ALERT\sh_alert_normal_0002.jpg,ALERT,0.3404052769869973,0.34827514295752376,0.3325354110164708,1.028756606721477,-178.3778996341518,24.3639639787004,-3.663620170158827,0.7098782466654115,0.6356745611847681,0.784081932146055,False,False,480,848
datasets\raw\custom_pakistani\ALERT\sh_alert_normal_0003.jpg,ALERT,0.3298818515024321,0.3405969736805011,0.319166729324363,1.0349782463087303,-175.8747539922739,24.17184571097804,-2.5853815369073527,0.6600286724734814,0.743524359451559,0.5765329854954039,False,True,480,848
datasets\raw\custom_pakistani\ALERT\sh_alert_normal_0004.jpg,ALERT,0.3396389668819185,0.3517274194033724,0.3275505143604646,1.0251477161577587,-174.8508151947314,26.16513419402882,-2.7066177751569898,0.6965959068866858,0.753748072399928,0.6394437413734436,False,False,480,848
datasets\raw\custom_pakistani\ALERT\sh_alert_normal_0005.jpg,ALERT,0.33510795365415214,0.340379499779226,0.3298364075290783,1.0469239933727155,-176.27990677995228,24.848411549950523,-3.7781235926245493,0.6510626826792022,0.6348611474193906,0.6672642179390138,False,False,480,848
datasets\raw\custom_pakistani\ALERT\sh_alert_normal_0006.jpg,ALERT,0.20883649527949036,0.23329556604740503,0.18437742451157568,0.9738786906695841,-175.5859557261658,25.783990684930995,-2.7501268606540847,0.663375156461435,0.6662124007052698,0.6605379122176,False,False,480,848
datasets\raw\custom_pakistani\ALERT\sh_alert_normal_0007.jpg,ALERT,0.33496432208181937,0.34694970922391916,0.32297893493971963,1.0223856630933033,-174.10290754963964,25.84226521397399,-2.595772995808645,0.7167408227853359,0.6731988382975261,0.7602828072731457,False,False,480,848
datasets\raw\custom_pakistani\ALERT\sh_alert_normal_0008.jpg,ALERT,0.045849541174539016,0.033616753742749195,0.05808232860632884,1.0231229249813831,-179.25315164217892,25.804232862947114,-4.094978221333658,0.6286777780122541,0.4734113440203494,0.7839442120041589,True,False,480,848
datasets\raw\custom_pakistani\ALERT\sh_alert_normal_0009.jpg,ALERT,0.327230240353914,0.33348614767638446,0.3209743330314435,1.0698362748073442,-174.3638553500777,26.385714521515446,-2.846667333522706,0.6959728165382302,0.6918249056218754,0.7001207274545849,False,False,480,848
datasets\raw\custom_pakistani\ALERT\sh_alert_normal_0010.jpg,ALERT,0.050816155849893165,0.04076666059139351,0.06086565110839282,1.0396477361239054,-178.63834590526093,26.473229874264188,-3.162076553345438,0.5242220702803602,0.41644385653309723,0.6320002840276231,True,False,480,848
datasets\raw\custom_pakistani\ALERT\sh_alert_normal_0011.jpg,ALERT,0.06715266842216638,0.068770423758025,0.06553491308630778,1.0419307952759247,-177.56509580403548,27.658938271309236,-2.8109116048276848,0.7138056918724746,0.49576143539784184,0.9318499483471073,True,False,480,848
datasets\raw\custom_pakistani\ALERT\sh_alert_normal_0012.jpg,ALERT,0.3075749774579433,0.3066187390546016,0.30853121586128507,1.0204802621664353,-178.65238734056442,28.689893179244375,-3.4386882683165334,0.7589149919853957,0.6847553696357501,0.8330746143350412,False,False,480,848
datasets\raw\custom_pakistani\ALERT\sh_alert_normal_0013.jpg,ALERT,0.3189075761830581,0.33155151427277363,0.3062636380933425,0.9850603562009893,177.70220950906614,28.226922530861426,-3.955206203795407,1.0,1.0,1.0,False,False,480,848
datasets\raw\custom_pakistani\ALERT\sh_alert_normal_0014.jpg,ALERT,0.30514018707420487,0.31081850774485886,0.2994618664035509,0.9730434897900518,178.8963862280535,29.24803659397668,-1.088770382779686,1.0,1.0,1.0,False,False,480,848
datasets\raw\custom_pakistani\ALERT\sh_alert_normal_0015.jpg,ALERT,0.31594811985733673,0.3338495867925314,0.2980466529221421,0.9500860844206671,178.91761610973015,29.23556338924586,-1.649088780635622,1.0,1.0,1.0,False,False,480,848
datasets\raw\custom_pakistani\ALERT\sh_alert_normal_0016.jpg,ALERT,0.3052612760131324,0.32404904177108435,0.2864735102551805,0.9980526667167448,179.69626237407945,29.58283186159401,-1.8859043309525847,1.0,1.0,1.0,False,False,480,848
datasets\raw\custom_pakistani\ALERT\sh_alert_normal_0017.jpg,ALERT,0.30969125905740097,0.3177124377874043,0.3016700803273976,0.9785315935668476,177.94726432140175,29.016677421772666,-3.358935735990568,0.9466248231926493,0.8932496463852985,1.0,False,False,480,848
datasets\raw\custom_pakistani\ALERT\sh_alert_normal_0018.jpg,ALERT,0.07834985107230842,0.09516485533605644,0.0615348468085604,0.9874984813648255,174.44277960455995,27.006792059199384,-5.18894768350429,1.0,1.0,1.0,False,False,480,848
datasets\raw\custom_pakistani\ALERT\sh_alert_normal_0019.jpg,ALERT,0.301122079444506,0.3128830406879008,0.2893611182011111,0.9897780947624109,178.20083956385668,29.919029214501315,-3.99386256809499,0.9513142472706866,0.9026284945413733,1.0,False,False,480,848
datasets\raw\custom_pakistani\ALERT\sh_alert_normal_0020.jpg,ALERT,0.30120191092056936,0.31536157532467746,0.28704224651646126,0.9797993735588925,177.8398065260345,31.200837525519933,-5.123298488062398,0.991723299275992,0.983446598551984,1.0,False,False,480,848
datasets\raw\custom_pakistani\ALERT\sh_alert_normal_0021.jpg,ALERT,0.231544077885332,0.2781367767844146,0.18495137898624936,0.9995112565855884,176.69374471906409,29.711825588612133,-6.766766066922184,1.0,1.0,1.0,False,False,480,848
datasets\raw\custom_pakistani\ALERT\sh_alert_normal_0022.jpg,ALERT,0.30917938534907174,0.29326261051088914,0.3250961601872543,1.0078192385585667,179.06263490329096,30.17173212824032,-4.705909388954075,1.0,1.0,1.0,False,False,480,848
datasets\raw\custom_pakistani\ALERT\sh_alert_normal_0023.jpg,ALERT,0.3051592256244524,0.3085899869277726,0.3017284643211322,0.9913074535498526,178.10781029672697,29.2368891722678,-5.039735917372176,0.9985845821864388,0.9971691643728776,1.0,False,False,480,848
datasets\raw\custom_pakistani\ALERT\sh_alert_normal_0024.jpg,ALERT,0.3224674135657881,0.3236661723367842,0.3212686547947921,0.986084577122015,177.8009077092788,29.773929802738166,-4.752296747084635,1.0,1.0,1.0,False,False,480,848
datasets\raw\custom_pakistani\ALERT\sh_alert_normal_0025.jpg,ALERT,0.3135314638190894,0.33227474260357515,0.2947881850346037,0.9514073818247664,176.06092629237887,29.598274005684992,-4.782224157377727,1.0,1.0,1.0,False,False,480,848
datasets\raw\custom_pakistani\ALERT\sh_alert_normal_0026.jpg,ALERT,0.3241134635858066,0.3255178947408213,0.32270903243079185,1.0024528788609979,-179.2213661741066,31.4231881292119,-3.1484953829105953,1.0,1.0,1.0,False,False,480,848
datasets\raw\custom_pakistani\ALERT\sh_alert_normal_0027.jpg,ALERT,0.30812960081240814,0.3185402046021436,0.29771899702267274,0.984445917028122,177.91577972987093,29.355187172125444,-4.714057838376818,1.0,1.0,1.0,False,False,480,848
datasets\raw\custom_pakistani\ALERT\sh_alert_normal_0028.jpg,ALERT,0.3195583281183512,0.3318437642415142,0.30727289199518826,1.0296567826922103,178.15953951200052,30.757349995570625,-4.921951384220189,1.0,1.0,1.0,False,False,480,848
datasets\raw\custom_pakistani\ALERT\sh_alert_normal_0029.jpg,ALERT,0.31259431587213227,0.3165921071611138,0.30859652458315073,0.9976108445944001,178.585138984773,30.392920938918397,-4.856540802915321,0.9393422680572504,0.8786845361145008,1.0,False,False,480,848
datasets\raw\custom_pakistani\ALERT\sh_alert_normal_0030.jpg,ALERT,0.2515134550748503,0.27278455104255933,0.23024235910714122,0.975624914627469,177.12561701890706,30.15360306690263,-4.815697463289311,1.0,1.0,1.0,False,False,480,848
datasets\raw\custom_pakistani\ALERT\sh_alert_normal_0031.jpg,ALERT,0.24176962073582103,0.26383124964017607,0.21970799183146603,0.987065417243648,175.1211217637397,28.789084443981725,-4.9375831068226885,1.0,1.0,1.0,False,False,480,848
datasets\raw\custom_pakistani\ALERT\sh_alert_normal_0032.jpg,ALERT,0.29041245793647985,0.2945845676681664,0.2862403482047934,0.9836357503982028,176.50226795679777,29.583943637734695,-4.545034693531358,0.9898401799482881,0.9796803598965761,1.0,False,False,480,848
datasets\raw\custom_pakistani\ALERT\sh_alert_normal_0033.jpg,ALERT,0.31717121569216855,0.31474965537851257,0.3195927760058245,1.0276775279720167,177.87017214111992,27.388937351355846,-4.9748148540777715,0.9533469153626187,0.9066938307252375,1.0,False,False,480,848
datasets\raw\custom_pakistani\ALERT\sh_alert_normal_0034.jpg,ALERT,0.30968261035833766,0.3092928852218043,0.31007233549487107,1.028770956380959,177.95815922450464,29.033892298501133,-5.406022345821108,0.911055943159454,0.822111886318908,1.0,False,False,480,848
datasets\raw\custom_pakistani\ALERT\sh_alert_normal_0035.jpg,ALERT,0.31368959606617913,0.3237575065042277,0.3036216856281306,1.0163805123143774,176.90509362860502,28.35209124092201,-5.027095913320479,0.9009399488440852,0.8018798976881704,1.0,False,False,480,848
datasets\raw\custom_pakistani\ALERT\sh_alert_normal_0036.jpg,ALERT,0.3135983937396222,0.314738595442314,0.3124581920369305,1.0110445229035478,178.01991249926357,28.67169338826487,-4.794899727187303,0.9878112791694929,0.9756225583389857,1.0,False,False,480,848
datasets\raw\custom_pakistani\ALERT\sh_alert_normal_0037.jpg,ALERT,0.3058044725183381,0.30934050860383855,0.3022684364328376,1.0014108584342796,177.5204425214236,28.51728167351876,-4.970234817877457,0.9998972062783447,0.9997944125566894,1.0,False,False,480,848
datasets\raw\custom_pakistani\ALERT\sh_alert_normal_0038.jpg,ALERT,0.17695149121339854,0.1776815066881693,0.1762214757386278,0.9736545049960889,175.8097863520448,29.254280515991077,-5.655670662093278,0.9371926130295479,0.8743852260590959,1.0,False,False,480,848
datasets\raw\custom_pakistani\ALERT\sh_alert_normal_0039.jpg,ALERT,0.3118554796677954,0.30436008995240277,0.3193508693831881,1.0175259894860307,-177.49372004732018,27.0862633922262,-3.3694323641691577,0.6281674724007358,0.5573964436679585,0.6989385011335131,True,False,480,848
datasets\raw\custom_pakistani\ALERT\sh_alert_normal_0040.jpg,ALERT,0.31663829590256315,0.3137897553273585,0.3194868364777678,1.0248857503833295,-177.43327055551427,29.360670982312115,-2.1894159938347064,0.6148127729085149,0.5737749975733456,0.6558505482436842,True,False,480,848
datasets\raw\custom_pakistani\ALERT\sh_alert_normal_0041.jpg,ALERT,0.31374222722248446,0.29764921248687043,0.32983524195809844,1.02714407118789,-179.00295911192978,28.138683633709316,-2.6154386344637155,0.8452293478503511,0.8807341523725668,0.8097245433281354,False,False,480,848
datasets\raw\custom_pakistani\ALERT\sh_alert_normal_0042.jpg,ALERT,0.31981393263034336,0.32902360851796547,0.31060425674272124,1.0025335275364424,-178.02045135392004,29.000535041560116,-1.6800155513638346,0.7569197084586727,0.7071010218347947,0.8067383950825509,False,False,480,848
datasets\raw\custom_pakistani\ALERT\sh_alert_normal_0043.jpg,ALERT,0.3099868732706036,0.3104406020955305,0.30953314444567676,1.0349250635258318,-177.24643516617544,29.910979691382757,-1.3989026635953583,0.8776588086194692,0.8423589720558329,0.9129586451831057,False,False,480,848
datasets\raw\custom_pakistani\ALERT\sh_alert_normal_0044.jpg,ALERT,0.30588784892099463,0.29635274768078934,0.3154229501611999,0.976253029901402,-178.87207251477804,30.690353753860933,-2.2385868681641465,0.8160134463654027,0.8463075081154209,0.7857193846153845,False,False,480,848
datasets\raw\custom_pakistani\ALERT\sh_alert_normal_0045.jpg,ALERT,0.3263706420464806,0.3153174546910267,0.3374238294019345,1.0027851021734988,-179.39538148779818,30.7538349316477,-1.56364470742936,0.921956726173602,0.8570697801177266,0.9868436722294774,False,False,480,848
datasets\raw\custom_pakistani\ALERT\sh_lowlight_alert_normal_0000.jpg,ALERT,0.30930350641737914,0.29325771606579815,0.3253492967689602,0.9258129148498356,160.55767431744434,47.26603308511061,170.2874359759281,0.6367323469789327,1.0,0.27346469395786527,False,True,480,848
datasets\raw\custom_pakistani\ALERT\sh_lowlight_alert_normal_0001.jpg,ALERT,0.27182082997083007,0.25660207159651466,0.2870395883451455,0.8335022032657757,157.66754936948777,49.79408669943167,169.20179751314654,0.37525099547125323,0.6972423202422486,0.05325967070025788,False,True,480,848
datasets\raw\custom_pakistani\ALERT\sh_lowlight_alert_normal_0002.jpg,ALERT,0.2903134458680086,0.2894700697973484,0.2911568219386688,0.9511668794976837,158.12727702547556,46.3376064260242,169.2364282913471,0.1422298696749774,0.21204840631373784,0.07241133303621693,True,True,480,848
datasets\raw\custom_pakistani\ALERT\sh_lowlight_alert_normal_0003.jpg,ALERT,0.27233678809283185,0.26365113704691606,0.28102243913874764,0.9190344357550312,159.4372269183198,47.787205493085416,170.03506617486036,0.17726265379324577,0.28389813961505317,0.07062716797143838,True,True,480,848
datasets\raw\custom_pakistani\ALERT\sh_lowlight_alert_normal_0004.jpg,ALERT,0.2825289022805165,0.2846326367961998,0.2804251677648332,0.9420856213039817,159.4272720872407,48.32905787420248,169.65272098561485,0.27760616625925494,0.4765910314981017,0.07862130102040815,True,True,480,848
datasets\raw\custom_pakistani\ALERT\sh_lowlight_alert_normal_0005.jpg,ALERT,0.29884752509239826,0.28253710316004993,0.3151579470247466,0.9165411724026292,157.51221652246045,48.755064739713184,167.7732274587492,0.2345899640775876,0.3985618499220437,0.07061807823313149,True,True,480,848
datasets\raw\custom_pakistani\ALERT\sh_lowlight_alert_normal_0006.jpg,ALERT,0.280613262178693,0.3108764054960693,0.2503501188613167,0.9105165990875901,156.84916949186933,49.70639928811903,166.00536217140393,0.217570899486307,0.3667919602031116,0.06834983876950239,True,True,480,848
datasets\raw\custom_pakistani\ALERT\sh_lowlight_alert_normal_0007.jpg,ALERT,0.2291990675382512,0.21294874751666001,0.2454493875598424,0.880301322332518,158.78995399567836,49.35140100940191,166.94377455176223,0.09679613089226854,0.10805380340727398,0.08553845837726311,True,True,480,848
datasets\raw\custom_pakistani\ALERT\sh_lowlight_alert_normal_0008.jpg,ALERT,0.28351130983521755,0.27641037524929274,0.2906122444211424,0.8665553200764035,157.3285705721252,50.92051305591346,166.23186831665265,0.26010685784322235,0.4488325187741398,0.07138119691230488,True,True,480,848
datasets\raw\custom_pakistani\ALERT\sh_lowlight_alert_normal_0009.jpg,ALERT,0.3266645199873286,0.29907148976744463,0.3542575502072125,0.9062519596519578,178.45210195709478,28.497159896665412,0.09472030998766963,0.1397022747255307,0.2089497654910765,0.07045478395998493,True,True,480,848
datasets\raw\custom_pakistani\ALERT\sh_lowlight_alert_normal_0010.jpg,ALERT,0.23950204840694206,0.2780979804610964,0.20090611635278774,0.9246692076213561,160.2178606658345,50.720502299033434,168.79031669673233,0.06631781052602426,0.06388339263278107,0.06875222841926744,True,True,480,848
datasets\raw\custom_pakistani\ALERT\sh_lowlight_alert_normal_0011.jpg,ALERT,0.30969448789858767,0.3197596775973693,0.29962929819980605,0.9531489193719331,154.21419910473958,46.79451962380421,165.3516149322897,0.25271122004987207,0.4387702859047328,0.06665215419501132,True,True,480,848
datasets\raw\custom_pakistani\ALERT\sh_lowlight_alert_normal_0012.jpg,ALERT,0.29289022960413963,0.2724293429252044,0.3133511162830749,0.8354722975541595,155.5671075700282,55.198507339286245,165.60523241455127,0.089982518290102,0.12122072467617767,0.05874431190402631,True,True,480,848
datasets\raw\custom_pakistani\ALERT\sh_lowlight_alert_normal_0013.jpg,ALERT,0.27346942839617827,0.28895247879047375,0.2579863780018828,0.8192537747299976,159.65216376449277,53.410010520209575,168.4353115804118,0.23022049377625936,0.39766080543094057,0.06278018212157818,True,True,480,848
datasets\raw\custom_pakistani\ALERT\sh_lowlight_alert_normal_0014.jpg,ALERT,0.25831639614066093,0.25773169703275906,0.25890109524856286,0.8875411320424864,152.46222799546567,49.990707209889266,165.48223918005118,0.5301621391397698,1.0,0.060324278279539775,False,True,480,848
datasets\raw\custom_pakistani\ALERT\sh_lowlight_alert_normal_0015.jpg,ALERT,0.3023834856679577,0.2958541189390528,0.30891285239686256,0.9207871762365474,156.0014775929369,51.230701216106134,167.85907860067573,0.11146077879722673,0.13359114103869085,0.0893304165557626,True,True,480,848
datasets\raw\custom_pakistani\ALERT\sh_lowlight_alert_normal_0016.jpg,ALERT,0.30849466972635586,0.316231898860508,0.30075744059220366,0.8777495404348701,158.17393024960595,50.73433615544458,168.8991518269717,0.1733203250442435,0.2644787369417455,0.08216191314674147,True,True,480,848
datasets\raw\custom_pakistani\ALERT\sh_lowlight_alert_normal_0017.jpg,ALERT,0.30227506222042066,0.30838048606616947,0.29616963837467186,0.8543108650539394,155.94563696859618,52.56524116040878,168.06493838481222,0.1416356658394817,0.21128763840129625,0.07198369327766714,True,True,480,848
datasets\raw\custom_pakistani\ALERT\sh_lowlight_alert_normal_0018.jpg,ALERT,0.28124948276162287,0.28419721106490836,0.2783017544583374,0.8714905349620086,159.02974612401803,49.00139652686297,171.28009695628356,0.10009337981013201,0.12917018352236925,0.07101657609789477,True,True,480,848
datasets\raw\custom_pakistani\ALERT\sh_lowlight_alert_normal_0019.jpg,ALERT,0.3116683604471231,0.3153247136405918,0.3080120072536544,0.8530447762744842,176.80173042874213,26.518494608060713,1.2143732437018555,0.09327305591006159,0.11614440285918289,0.07040170896094029,True,True,480,848
datasets\raw\custom_pakistani\ALERT\sh_lowlight_alert_normal_0020.jpg,ALERT,0.28834937968336927,0.3205442287672715,0.25615453059946697,0.9436356287212554,158.93853659015963,49.6942452677688,168.2213683076304,0.07194671556980047,0.05923118954613095,0.08466224159346998,True,True,480,848
datasets\raw\custom_pakistani\ALERT\sh_lowlight_alert_normal_0021.jpg,ALERT,0.3145640904087922,0.3380843716505948,0.2910438091669896,0.9064863292966279,158.80015873569914,47.59811067511588,169.77686133322277,0.08768475521586672,0.10492147108843534,0.0704480393432981,True,True,480,848
datasets\raw\custom_pakistani\ALERT\sh_lowlight_alert_normal_0022.jpg,ALERT,0.3306209313805709,0.3674630696235482,0.2937787931375936,0.8836426142787939,159.1623918418013,48.34465551802107,169.5677369086611,0.22448805448633616,0.3790310491527123,0.06994505981996,True,True,480,848
datasets\raw\custom_pakistani\ALERT\sh_lowlight_alert_normal_0023.jpg,ALERT,0.31265988209260864,0.3178342224445689,0.30748554174064846,0.8990832963682557,-178.96406528488384,29.306997526496247,2.3021893852237807,0.34147417761920734,0.6139685362663495,0.06897981897206514,False,True,480,848
datasets\raw\custom_pakistani\ALERT\sh_wcap_alert_normal_0000.jpg,ALERT,0.32696609539533217,0.3607597912618308,0.29317239952883356,1.0368328347453695,154.99183022014122,54.40938925859108,156.06711101562001,0.8017020771713832,0.8189333963432867,0.7844707579994796,False,False,480,848
datasets\raw\custom_pakistani\ALERT\sh_wcap_alert_normal_0001.jpg,ALERT,0.3330237699670643,0.3571175795352957,0.3089299603988328,1.0404935450597714,154.50622443563327,54.39751076334247,156.47457551634574,0.48694948584596387,0.5084870059462215,0.46541196574570615,True,True,480,848
datasets\raw\custom_pakistani\ALERT\sh_wcap_alert_normal_0002.jpg,ALERT,0.3489840208580499,0.3745340799176594,0.3234339617984404,0.9935072981130487,-169.98227356704072,32.08637289635579,-0.27504927113892724,0.4866939831935436,0.44605745776137956,0.5273305086257076,True,True,480,848
datasets\raw\custom_pakistani\ALERT\sh_wcap_alert_normal_0003.jpg,ALERT,0.29695510686235926,0.3183343225612875,0.275575891163431,0.9526670797615768,152.53475703179245,54.30108781171383,155.0075219913996,0.5119125532635018,0.48159888552992386,0.5422262209970797,True,True,480,848
datasets\raw\custom_pakistani\ALERT\sh_wcap_alert_normal_0004.jpg,ALERT,0.3369190996430519,0.3905215262238971,0.28331667306220665,0.9524787481230808,145.30389874933036,56.966530871651834,145.88872423331526,0.492029485921212,0.4082568834083986,0.5758020884340254,True,True,480,848
datasets\raw\custom_pakistani\ALERT\sh_wcap_alert_normal_0005.jpg,ALERT,0.1387367436721771,0.17733262749492346,0.10014085984943075,0.9478707764835279,144.51192149362416,54.877179401545575,148.49814313607789,0.4981668533608,0.3360835629017446,0.6602501438198555,True,False,480,848
datasets\raw\custom_pakistani\ALERT\sh_wcap_alert_normal_0006.jpg,ALERT,0.3424863602378731,0.3826879916790588,0.3022847287966874,0.9395082571190922,145.41313784971115,55.05317927925914,151.63797666592328,0.4840628605240248,0.39746998334313155,0.5706557377049181,True,True,480,848
datasets\raw\custom_pakistani\ALERT\sh_wcap_alert_normal_0007.jpg,ALERT,0.34415273760056087,0.39718757612062655,0.29111789908049523,0.9091470598927648,140.7575524185457,51.98087728847885,153.06833205118343,0.5202052550507142,0.4165623440753464,0.6238481660260821,True,False,480,848
datasets\raw\custom_pakistani\ALERT\sh_wcap_alert_normal_0008.jpg,ALERT,0.27346327053339803,0.287996286167516,0.25893025489928007,0.926457935430804,141.647005769496,51.102854174020436,155.44259264076317,0.5819093553923755,0.4906093069748935,0.6732094038098575,True,False,480,848
datasets\raw\custom_pakistani\ALERT\sh_wcap_alert_normal_0009.jpg,ALERT,0.33664407488285275,0.37649558924136983,0.2967925605243356,0.9115277076104207,140.1356416659236,51.05275390480056,154.34349637228846,0.4957993863774883,0.40438399730776076,0.5872147754472159,True,True,480,848
datasets\raw\custom_pakistani\ALERT\sh_wcap_alert_normal_0010.jpg,ALERT,0.3080468047397624,0.33718608032833314,0.27890752915119177,0.9672548327540778,139.88784396109745,50.945883583253035,153.99101447733804,0.5981760097697753,0.44855741072955724,0.7477946088099934,True,False,480,848
datasets\raw\custom_pakistani\ALERT\sh_wcap_alert_normal_0011.jpg,ALERT,0.3009460002074884,0.3445007889225084,0.25739121149246846,0.9445691274275865,140.19385095899403,51.46398044677708,152.93906217639184,0.4667412989996752,0.3369790461033951,0.5965035518959553,True,True,480,848
datasets\raw\custom_pakistani\ALERT\sh_wcap_alert_normal_0012.jpg,ALERT,0.308049780107513,0.3648457825627731,0.2512537776522529,0.9372612560955925,141.86265148949042,51.86356082120326,153.49232391798185,0.6257416411310941,0.45869788317868143,0.7927853990835068,True,False,480,848
datasets\raw\custom_pakistani\ALERT\sh_wcap_alert_normal_0013.jpg,ALERT,0.3175251119261488,0.3627225603766904,0.2723276634756072,0.9797932576756602,139.85447279193076,50.15160882813818,154.76752302350954,0.629024340204756,0.49174132987411623,0.7663073505353956,True,False,480,848
datasets\raw\custom_pakistani\ALERT\sh_wcap_alert_normal_0014.jpg,ALERT,0.29200912526379635,0.32151950721590034,0.2624987433116924,0.9107862854427703,141.46884359324594,52.07764865410727,153.11643662412243,0.48865882484393713,0.409177888046355,0.5681397616415192,True,True,480,848
datasets\raw\custom_pakistani\ALERT\sh_wcap_alert_normal_0015.jpg,ALERT,0.33372886179138544,0.34842324392103974,0.31903447966173115,0.8990851336145725,137.9622177452443,52.99112180416301,147.93591344363787,0.6994293253613953,0.3988586507227907,1.0,True,False,480,848
datasets\raw\custom_pakistani\ALERT\sh_wcap_alert_normal_0016.jpg,ALERT,0.31360005808628916,0.32440876015072095,0.30279135602185736,0.9380936736689758,135.95856175396452,53.349868556922374,146.18358814660795,0.4564614136389888,0.29147242584019206,0.6214504014377855,True,False,480,848
datasets\raw\custom_pakistani\ALERT\sh_wcap_alert_normal_0017.jpg,ALERT,0.3259656862619249,0.3617609957223361,0.2901703768015137,0.9051610995953934,138.3640638656737,51.51190907539537,151.15960986627604,0.711017272417877,0.48734302721088435,0.9346915176248697,True,False,480,848
datasets\raw\custom_pakistani\ALERT\sh_wcap_alert_normal_0018.jpg,ALERT,0.3456587469271466,0.37979473357191135,0.3115227602823819,0.9090410267116508,138.91522197242435,51.05067379094753,151.20439734937537,0.6664718773405139,0.5297869943908036,0.8031567602902243,True,False,480,848
datasets\raw\custom_pakistani\ALERT\sh_wcap_alert_normal_0019.jpg,ALERT,0.34344700752363133,0.3820143105837042,0.30487970446355844,0.8918944855447242,140.29829776294127,50.36940251252418,151.26253488371827,0.6049166456377222,0.4508836391758349,0.7589496520996094,True,False,480,848
datasets\raw\custom_pakistani\ALERT\sh_wcap_alert_normal_0020.jpg,ALERT,0.3454443654295593,0.39218175405969685,0.29870697679942176,0.961182092666967,-178.37939324750258,30.251219020102784,0.7659967254783069,0.5840228984184884,0.47899256782958083,0.689053229007396,True,False,480,848
datasets\raw\custom_pakistani\ALERT\sh_wcap_alert_normal_0021.jpg,ALERT,0.29531802133104856,0.33670411059812816,0.253931932063969,0.9650784543876443,140.6118764615264,48.67589256164019,155.3585789604915,0.5385795258025701,0.5351536630986529,0.5420053885064874,True,True,480,848
datasets\raw\custom_pakistani\ALERT\sh_wcap_alert_normal_0022.jpg,ALERT,0.3055802837057,0.3460245240011293,0.2651360434102707,0.9438812135005757,140.31720277062678,49.51819808208248,153.24425847193405,0.5633561795446425,0.5363880354307851,0.5903243236584998,True,True,480,848
datasets\raw\custom_pakistani\ALERT\sh_wcap_alert_normal_0023.jpg,ALERT,0.3404832039576725,0.3740193901161158,0.3069470177992292,0.9574037992879164,138.91872117722858,49.41751892463552,152.49813305157485,0.6118019464182878,0.519557321703191,0.7040465711333844,True,False,480,848
datasets\raw\custom_pakistani\ALERT\sh_wcap_alert_normal_0024.jpg,ALERT,0.35251562967447314,0.39283520757517787,0.31219605177376836,0.9349530943905976,140.07791137140347,49.80583434997978,153.39787819355345,0.724859480390998,0.6439784354865914,0.8057405252954046,False,False,480,848
datasets\raw\custom_pakistani\ALERT\sh_wcap_alert_normal_0025.jpg,ALERT,0.38410326903711717,0.4360029556668051,0.33220358240742925,0.932595105949553,138.32482131250472,49.14307578014345,152.77731574251845,0.6614148781212273,0.4911604810733599,0.8316692751690947,True,False,480,848
datasets\raw\custom_pakistani\ALERT\sh_wcap_alert_normal_0026.jpg,ALERT,0.36700064565094265,0.42898224531341034,0.30501904598847496,0.9436001412528366,139.5270182181194,49.517022853304184,152.85481321349684,0.6406240473657229,0.4990882504572922,0.7821598442741535,True,False,480,848
datasets\raw\custom_pakistani\ALERT\sh_wcap_alert_normal_0027.jpg,ALERT,0.3585545729995213,0.38839681649873803,0.32871232950030466,0.935642810042316,142.88892523286796,50.70212255485838,155.04159285121526,0.5483749379241825,0.4356073038268805,0.6611425720214844,True,False,480,848
datasets\raw\custom_pakistani\ALERT\sh_wcap_alert_normal_0028.jpg,ALERT,0.361198816211592,0.4055439278142709,0.31685370460891304,0.9239625071389088,143.57240150379036,52.09383566688283,153.81596947913192,0.5337280863515921,0.34569973070564275,0.7217564419975413,True,False,480,848
datasets\raw\custom_pakistani\ALERT\sh_wglasses_alert_normal_0000.jpg,ALERT,0.28419653493419406,0.307193222367245,0.26119984750114306,1.058327148045868,-175.46438118637417,27.984681580266553,-0.36594852158086055,0.8683879585359238,1.0,0.7367759170718476,False,False,480,848
datasets\raw\custom_pakistani\ALERT\sh_wglasses_alert_normal_0001.jpg,ALERT,0.3079535038541731,0.30708990494064353,0.30881710276770263,1.0141212535418727,-173.5771095471349,27.631145825341186,-0.5869625849213851,0.7094981766712404,1.0,0.41899635334248075,False,True,480,848
datasets\raw\custom_pakistani\ALERT\sh_wglasses_alert_normal_0002.jpg,ALERT,0.3060911728460526,0.31087882298201325,0.30130352271009186,1.0624005597797281,-174.59307588536964,27.352322432910327,-0.45806090951274303,0.8000277343776082,1.0,0.6000554687552164,False,False,480,848
datasets\raw\custom_pakistani\ALERT\sh_wglasses_alert_normal_0003.jpg,ALERT,0.3115104589730532,0.3095945549758395,0.3134263629702669,1.0089418621423347,-176.50747671438245,30.98919609183551,3.1250380869362955,0.8171744077655747,1.0,0.6343488155311493,False,False,480,848
datasets\raw\custom_pakistani\ALERT\sh_wglasses_alert_normal_0004.jpg,ALERT,0.27359037267076936,0.2354775317496739,0.31170321359186487,1.0375166498978674,-179.67807101218693,31.04190772492007,2.448086675226357,1.0,1.0,1.0,False,False,480,848
datasets\raw\custom_pakistani\ALERT\sh_wglasses_alert_normal_0005.jpg,ALERT,0.2950766899142373,0.2798298631085066,0.310323516719968,0.9914786845394713,-179.23293834415037,33.57430275287919,1.1554287378456243,1.0,1.0,1.0,False,False,480,848
datasets\raw\custom_pakistani\ALERT\sh_wglasses_alert_normal_0006.jpg,ALERT,0.2763053039509147,0.25357089027483753,0.2990397176269919,0.9240232242959979,-178.97284029792064,34.59127878704869,-1.7889798156939944,1.0,1.0,1.0,False,False,480,848
datasets\raw\custom_pakistani\ALERT\sh_wglasses_alert_normal_0007.jpg,ALERT,0.2526687429882748,0.24933375996562893,0.2560037260109207,0.9863870225250257,-178.78163982843432,33.54249651880637,-1.5991021198834814,1.0,1.0,1.0,False,False,480,848
datasets\raw\custom_pakistani\ALERT\sh_wglasses_alert_normal_0008.jpg,ALERT,0.27576524606483444,0.2605062944704378,0.2910241976592311,0.9977521486823098,-178.97974656662797,34.52080710350119,0.587482228465818,1.0,1.0,1.0,False,False,480,848
datasets\raw\custom_pakistani\ALERT\sh_wglasses_alert_normal_0009.jpg,ALERT,0.2995253112086921,0.27096100349002344,0.32808961892736077,0.9572776864868929,-178.66306714025694,31.515540484710037,3.4124367005604435,0.8483595694889526,1.0,0.6967191389779053,False,False,480,848
datasets\raw\custom_pakistani\ALERT\sh_wglasses_alert_normal_0010.jpg,ALERT,0.23724246116672743,0.21158153688031459,0.26290338545314024,0.98052522610095,-176.34590521836844,34.548616077692955,-1.2058048375557509,0.8126347044433252,1.0,0.6252694088866504,False,False,480,848
datasets\raw\custom_pakistani\ALERT\sh_wglasses_alert_normal_0011.jpg,ALERT,0.23677385324426775,0.220204266502781,0.2533434399857545,0.9496773276741776,123.42458743484801,56.05820132372163,137.42138305438314,0.9557162013387942,1.0,0.9114324026775884,False,False,480,848
datasets\raw\custom_pakistani\ALERT\sh_wglasses_alert_normal_0012.jpg,ALERT,0.2577525201736529,0.2445515467813492,0.2709534935659566,0.9422246011420824,122.36435015871871,53.134625188657814,140.02296187688066,0.9741401058353625,1.0,0.9482802116707251,False,False,480,848
datasets\raw\custom_pakistani\ALERT\sh_wglasses_alert_normal_0013.jpg,ALERT,0.28367071726129056,0.24932962128049763,0.3180118132420835,0.9527963705041566,-176.7162705020272,32.972946356713834,5.6221042229896305,1.0,1.0,1.0,False,False,480,848
datasets\raw\custom_pakistani\ALERT\sh_wglasses_alert_normal_0014.jpg,ALERT,0.2730210778151587,0.24216610789360293,0.30387604773671456,0.9003634740382485,125.3743450667996,53.145466180225846,143.05822848775608,0.8919862023178413,1.0,0.7839724046356825,False,False,480,848
datasets\raw\custom_pakistani\ALERT\sh_wglasses_alert_normal_0015.jpg,ALERT,0.2249557978247893,0.21959620530689078,0.23031539034268783,0.7981926394255681,113.26283313099553,60.088410078789416,129.49547627087125,1.0,1.0,1.0,False,False,480,848
datasets\raw\custom_pakistani\ALERT\sh_wglasses_alert_normal_0016.jpg,ALERT,0.2800091059879921,0.23837031196555758,0.32164790001042665,0.8840440250777183,117.09503077968078,58.12441008818873,131.752881642592,0.9161154219998799,1.0,0.8322308439997598,False,False,480,848
datasets\raw\custom_pakistani\ALERT\sh_wglasses_alert_normal_0017.jpg,ALERT,0.2600187026461538,0.25198124301923047,0.2680561622730771,0.9301372042768614,125.47872980708755,53.20366365551427,141.77691942271392,0.8286987358940971,1.0,0.6573974717881944,False,False,480,848
datasets\raw\custom_pakistani\ALERT\sh_wglasses_alert_normal_0018.jpg,ALERT,0.29316808751110823,0.2762039866465555,0.310132188375661,0.9224986818886743,133.74200653488836,49.90483297184124,149.92418989102336,0.8560273506035875,1.0,0.712054701207175,False,False,480,848
datasets\raw\custom_pakistani\ALERT\sh_wglasses_alert_normal_0019.jpg,ALERT,0.2844909455402713,0.2805514387913801,0.28843045228916253,0.926881227331599,126.53034877788716,51.64058667111087,145.41676598977622,0.8905284104475506,1.0,0.7810568208951012,False,False,480,848
datasets\raw\custom_pakistani\ALERT\sh_wglasses_alert_normal_0020.jpg,ALERT,0.27428456615641467,0.24435263994762105,0.30421649236520826,0.9528645593802202,125.33509459128925,50.642875547358216,147.18188262053167,0.8882286871610925,1.0,0.7764573743221851,False,False,480,848
datasets\raw\custom_pakistani\ALERT\sh_wglasses_alert_normal_0021.jpg,ALERT,0.2697163846590343,0.22151544819843658,0.317917321119632,0.9800962668636102,-173.77336382272546,33.987406226516114,9.652675766468342,0.8531856227630852,0.9345911832466919,0.7717800622794785,False,False,480,848
datasets\raw\custom_pakistani\ALERT\sh_wglasses_alert_normal_0022.jpg,ALERT,0.27059961335172117,0.2517440723848299,0.28945515431861246,1.0279764680308128,-172.7540460714942,33.26861228368672,7.2025313621620795,0.9218951845060941,1.0,0.8437903690121881,False,False,480,848
datasets\raw\custom_pakistani\ALERT\sh_wglasses_alert_normal_0023.jpg,ALERT,0.2679453986609286,0.250032816085396,0.2858579812364612,0.9492490169724117,-172.9488171708891,33.399322386244044,8.765501402485711,0.8794585747518984,1.0,0.7589171495037966,False,False,480,848
datasets\raw\custom_pakistani\ALERT\sh_wglasses_alert_normal_0024.jpg,ALERT,0.2905898296524757,0.2650006116173523,0.31617904768759914,0.9994214216365016,-171.66364381236,35.033772888666135,11.903036995818999,0.5721518466354852,0.5686505614727152,0.5756531317982553,True,True,480,848
datasets\raw\custom_pakistani\ALERT\sh_wglasses_alert_normal_0025.jpg,ALERT,0.29721952577948485,0.26253101258001127,0.33190803897895843,0.9774194556061702,-173.2253446571852,40.174876454121566,9.580889271744493,0.882610360586056,0.9874843499189645,0.7777363712531475,False,False,480,848
datasets\raw\custom_pakistani\ALERT\sh_wglasses_alert_normal_0026.jpg,ALERT,0.30620825639608196,0.2805016273265112,0.33191488546565273,0.989339930651001,-176.45095845981467,38.264864250379844,3.8016379547182715,1.0,1.0,1.0,False,False,480,848
datasets\raw\custom_pakistani\ALERT\sh_wglasses_alert_normal_0027.jpg,ALERT,0.2991306334876015,0.2936309682816188,0.30463029869358427,0.9878415759477458,-170.58684752602028,36.29465036883439,6.2212206035646425,0.8708375513466787,1.0,0.7416751026933575,False,False,480,848
datasets\raw\custom_pakistani\ALERT\sh_wglasses_alert_normal_0028.jpg,ALERT,0.3162380666845339,0.2828057180789073,0.3496704152901606,1.0768652735685111,-171.66966612997965,33.699854705536474,4.788051553600765,0.8629542258276677,1.0,0.7259084516553355,False,False,480,848
datasets\raw\custom_pakistani\ALERT\sh_wglasses_alert_normal_0029.jpg,ALERT,0.3021190367700213,0.27238831873400393,0.3318497548060386,1.0522865918313706,-171.27772270038602,34.893232594258045,6.268341468773499,0.893221921449582,1.0,0.786443842899164,False,False,480,848
datasets\raw\custom_pakistani\ALERT\sh_wglasses_alert_normal_0030.jpg,ALERT,0.3079038891655499,0.3114583366996316,0.30434944163146826,1.0568816720509415,-170.60854137567446,33.063711683141804,7.5111366071112915,0.906524640528594,1.0,0.813049281057188,False,False,480,848
datasets\raw\custom_pakistani\ALERT\sh_wglasses_alert_normal_0031.jpg,ALERT,0.3210809464946919,0.32159663149890505,0.32056526149047865,1.0309988116661175,-170.2453725691249,36.15096447621539,8.41351657890407,0.8286883186110265,1.0,0.657376637222053,False,False,480,848
datasets\raw\custom_pakistani\ALERT\sh_wglasses_alert_normal_0032.jpg,ALERT,0.3085833753580509,0.2963415441848427,0.3208252065312591,1.0562928235158686,-170.20261393855603,34.0676979002168,6.688035315983443,0.815429563354253,1.0,0.630859126708506,False,False,480,848
datasets\raw\custom_pakistani\ALERT\sh_wglasses_alert_normal_0033.jpg,ALERT,0.30796093744205766,0.3014344034860478,0.3144874713980676,1.0512548237063133,-171.26522119205418,33.78355966840838,6.284326568983427,0.8520272612721559,1.0,0.7040545225443118,False,False,480,848
datasets\raw\custom_pakistani\ALERT\sh_wglasses_alert_normal_0034.jpg,ALERT,0.3046297771660556,0.3173510932665466,0.2919084610655646,1.0572107964772224,-171.36965925813297,33.8741902454446,7.792348615780863,0.5834896135675592,0.5081147762588408,0.6588644508762777,True,False,480,848
datasets\raw\custom_pakistani\ALERT\sh_wglasses_alert_normal_0035.jpg,ALERT,0.2919198168728912,0.2877189214617371,0.2961207122840453,1.0159519406859059,-171.14636260256327,35.33811211382057,7.747960641526433,0.6812474365828911,0.6917518260344465,0.6707430471313358,False,False,480,848
datasets\raw\custom_pakistani\ALERT\sh_wglasses_alert_normal_0036.jpg,ALERT,0.24719021428889587,0.2516694863832414,0.2427109421945504,1.0559515791549483,-171.44498121552715,32.948443348615896,7.403650745694483,0.7138242270855966,0.7609271533145064,0.6667213008566866,False,False,480,848
datasets\raw\custom_pakistani\ALERT\sh_wglasses_alert_normal_0037.jpg,ALERT,0.321126681743429,0.3084652994778604,0.33378806400899763,1.045283431168555,-169.98064973982068,33.71937174092889,7.403212545562946,0.8172169551891826,1.0,0.634433910378365,False,False,480,848
datasets\raw\custom_pakistani\ALERT\sh_wglasses_alert_normal_0038.jpg,ALERT,0.29544259502077796,0.29845959618172857,0.29242559385982736,1.0832561295676435,-170.06161528220306,32.83987023897934,6.878000545548009,0.7826781360024221,1.0,0.5653562720048442,False,True,480,848
datasets\raw\custom_pakistani\ALERT\sh_wglasses_alert_normal_0039.jpg,ALERT,0.31240302193159464,0.33493618573694595,0.2898698581262433,1.0729280458309114,-170.09841662201376,32.367457827995935,6.581472003305873,0.8327744771506587,1.0,0.6655489543013172,False,False,480,848
datasets\raw\custom_pakistani\ALERT\sh_wglasses_alert_normal_0040.jpg,ALERT,0.30220836582648936,0.2948366305170995,0.30958010113587925,1.022569477267156,-171.23936388991538,34.275664131974516,6.566552318306577,0.8209336875196763,1.0,0.6418673750393527,False,False,480,848
datasets\raw\custom_pakistani\ALERT\sh_wmask_alert_normal_0000.jpg,ALERT,0.3016746386683584,0.31719612692833,0.2861531504083868,0.8516467091539749,-166.48810872094742,13.507971289055819,0.3994002558687839,1.0,1.0,1.0,False,False,480,848
datasets\raw\custom_pakistani\ALERT\sh_wmask_alert_normal_0001.jpg,ALERT,0.23001845859309714,0.27016777987214846,0.1898691373140458,0.9218240944435848,-172.41778850736765,15.618954960808205,-0.07373037579177281,0.7636261583903772,0.9583885045198113,0.5688638122609432,False,True,480,848
datasets\raw\custom_pakistani\ALERT\sh_wmask_alert_normal_0002.jpg,ALERT,0.30494516039526687,0.3408890669680853,0.26900125382244844,0.8349991922593133,-172.46871891791776,15.245977666021428,-3.3441911704496765,0.742740021902305,1.0,0.4854800438046101,False,True,480,848
datasets\raw\custom_pakistani\ALERT\sh_wmask_alert_normal_0003.jpg,ALERT,0.31882973022221195,0.321642846759954,0.3160166136844698,0.873794052442524,-166.6331636110243,24.05840586623254,-1.7380197722315434,0.5357589099291193,0.7507380556366489,0.3207797642215899,False,True,480,848
datasets\raw\custom_pakistani\ALERT\sh_wmask_alert_normal_0004.jpg,ALERT,0.3007457799511175,0.29552013213265454,0.3059714277695805,0.9191769320736145,-165.42538874713765,21.780993774472883,-3.347149245887701,0.9458948779641357,1.0,0.8917897559282715,False,False,480,848
datasets\raw\custom_pakistani\ALERT\sh_wmask_alert_normal_0005.jpg,ALERT,0.09256333109301444,0.1125893600560841,0.07253730212994479,0.9098682736783478,179.10178395785297,18.847717483978517,-2.0882464908528178,0.9006670909958058,1.0,0.8013341819916115,False,False,480,848
datasets\raw\custom_pakistani\ALERT\sh_wmask_alert_normal_0006.jpg,ALERT,0.29556208665654743,0.3232068223757628,0.26791735093733204,0.9325975693858848,-177.23531557986968,20.720047775866202,1.5242316804231815,0.9894859832062036,1.0,0.9789719664124072,False,False,480,848
datasets\raw\custom_pakistani\ALERT\sh_wmask_alert_normal_0007.jpg,ALERT,0.2774924022507187,0.31269840959775036,0.24228639490368709,0.8116566473137866,-175.6497126979133,17.876158684315563,0.9152622231491525,0.9940312174817898,1.0,0.9880624349635795,False,False,480,848
datasets\raw\custom_pakistani\ALERT\sh_wmask_alert_normal_0008.jpg,ALERT,0.23684691613168396,0.24900049621677775,0.22469333604659017,0.8800256267297634,179.9126830161971,19.20053904538128,-0.5278981084829221,0.8545113699890654,1.0,0.7090227399781307,False,False,480,848
datasets\raw\custom_pakistani\ALERT\sh_wmask_alert_normal_0009.jpg,ALERT,0.23306815309257312,0.25105178931428895,0.2150845168708573,0.8859490388428035,-178.467612255406,19.897222993889876,-2.232830199443806,1.0,1.0,1.0,False,False,480,848
datasets\raw\custom_pakistani\ALERT\sh_wmask_alert_normal_0010.jpg,ALERT,0.2448283921986634,0.2655623647707318,0.224094419626595,0.792395255485487,175.99914298094922,16.6701998970223,-2.62090677232961,0.938500936789698,1.0,0.8770018735793961,False,False,480,848
datasets\raw\custom_pakistani\ALERT\sh_wmask_alert_normal_0011.jpg,ALERT,0.288410421626657,0.32263997523351057,0.2541808680198034,0.8543991690382815,-176.61792326266354,19.168825605428076,-0.9116942076667829,1.0,1.0,1.0,False,False,480,848
datasets\raw\custom_pakistani\ALERT\sh_wmask_alert_normal_0012.jpg,ALERT,0.280875711860604,0.31121702800416606,0.250534395717042,0.9031810689542482,-178.11911486043158,17.460605660086227,-0.6514190221499391,0.8764340023066728,1.0,0.7528680046133457,False,False,480,848
datasets\raw\custom_pakistani\ALERT\sh_wmask_alert_normal_0013.jpg,ALERT,0.2790101839922903,0.28499980561973287,0.27302056236484773,0.8532782485438157,178.93095626528162,14.633185631207267,-1.5230728503303932,1.0,1.0,1.0,False,False,480,848
datasets\raw\custom_pakistani\ALERT\sh_wmask_alert_normal_0014.jpg,ALERT,0.328605385104133,0.3498789524659899,0.30733181774227614,0.8090862090080739,-177.11991693424434,18.583260403555265,1.1029588553468366,0.90529391523906,1.0,0.8105878304781199,False,False,480,848
datasets\raw\custom_pakistani\ALERT\sh_wmask_alert_normal_0015.jpg,ALERT,0.28574865332132227,0.3144941972359799,0.2570031094066646,0.821522062694527,-171.17483130715698,18.67030857721357,-0.20983730270151613,1.0,1.0,1.0,False,False,480,848
datasets\raw\custom_pakistani\ALERT\sh_wmask_alert_normal_0016.jpg,ALERT,0.2648499351883601,0.2946816117583633,0.2350182586183568,0.785686636803605,-171.46230881447727,18.44671062815804,0.778632954424637,0.8151419698732743,1.0,0.6302839397465484,False,False,480,848
datasets\raw\custom_pakistani\ALERT\sh_wmask_alert_normal_0017.jpg,ALERT,0.22929850987009615,0.2294286258474584,0.22916839389273386,0.8540278481637301,-174.00157367171798,17.226454300937625,-0.08166561891800259,0.929151570259495,1.0,0.8583031405189899,False,False,480,848
datasets\raw\custom_pakistani\ALERT\sh_wmask_alert_normal_0018.jpg,ALERT,0.2983709582076377,0.31883792314040327,0.2779039932748722,0.8703052284253673,-173.95653358753944,19.27884700804403,-0.4302055064970591,0.9144504567001965,1.0,0.828900913400393,False,False,480,848
datasets\raw\custom_pakistani\ALERT\sh_wmask_alert_normal_0019.jpg,ALERT,0.3001001128009074,0.3180846078134666,0.2821156177883483,0.901378403409969,-176.31363303835673,16.662528685361735,-1.0908861248277835,0.8998887150752084,1.0,0.7997774301504169,False,False,480,848
datasets\raw\custom_pakistani\ALERT\sh_wmask_alert_normal_0020.jpg,ALERT,0.2896844262141809,0.2902892142665498,0.2890796381618119,0.8398030047877524,-171.3392347849009,19.63427359802014,-0.015721611938174652,0.958277855837026,1.0,0.916555711674052,False,False,480,848
datasets\raw\custom_pakistani\ALERT\sh_wmask_alert_normal_0021.jpg,ALERT,0.30836847262752903,0.3239878727736561,0.292749072481402,0.8335287574031953,-173.2269934475924,18.108089196890177,-0.28716804273569296,0.9790426997245181,1.0,0.958085399449036,False,False,480,848
datasets\raw\custom_pakistani\ALERT\sh_wmask_alert_normal_0022.jpg,ALERT,0.2798017744424404,0.28943490454390935,0.2701686443409715,0.9589758337243794,-178.99548509608877,16.313677943566006,-1.9851121127979516,1.0,1.0,1.0,False,False,480,848
datasets\raw\custom_pakistani\ALERT\sh_wmask_alert_normal_0023.jpg,ALERT,0.1663104765889771,0.19441313300067237,0.13820782017728184,0.8800797290010561,-174.07348186824487,23.09888045621935,-0.7055987515406184,0.7209335815429687,1.0,0.44186716308593754,False,True,480,848
datasets\raw\custom_pakistani\ALERT\sh_wmask_alert_normal_0024.jpg,ALERT,0.2810641738975854,0.30206832951585927,0.2600600182793115,0.8339244323308487,-175.38415634405675,20.142310179236443,-0.45654086107824016,0.9710984440765515,1.0,0.9421968881531032,False,False,480,848
datasets\raw\custom_pakistani\ALERT\sh_wmask_alert_normal_0025.jpg,ALERT,0.2867356120857746,0.28767022579929824,0.2858009983722509,0.8487031865006391,-173.41545042086267,22.559819231016274,0.7785927423204114,0.6870421790039545,1.0,0.37408435800790907,False,True,480,848
datasets\raw\custom_pakistani\ALERT\sh_wmask_alert_normal_0026.jpg,ALERT,0.3163257605315583,0.3382547586713874,0.29439676239172924,0.8658230747171651,-174.97555308129319,17.166512950619985,-0.7022844220305797,0.9811848535798617,1.0,0.9623697071597234,False,False,480,848
datasets\raw\custom_pakistani\ALERT\sh_wmask_alert_normal_0027.jpg,ALERT,0.3090899719637794,0.3273263849861214,0.2908535589414374,0.9635054317258366,-174.68194971938118,16.097706640627024,-0.38738137336218387,0.8307912651227751,1.0,0.6615825302455504,False,False,480,848
datasets\raw\custom_pakistani\ALERT\sh_wmask_alert_normal_0028.jpg,ALERT,0.2931951118819526,0.3009979271152951,0.28539229664861,0.8996866859093768,-170.828683977972,18.924130172061815,1.1933267644378946,0.9879186392912997,1.0,0.9758372785825995,False,False,480,848
datasets\raw\custom_pakistani\ALERT\sh_wmask_alert_normal_0029.jpg,ALERT,0.2797099802644425,0.302903751925971,0.25651620860291396,0.9281557224900269,-167.52788543127883,21.723679567950878,2.15279828032749,0.7066794097002014,1.0,0.41335881940040264,False,True,480,848
datasets\raw\custom_pakistani\ALERT\sh_wmask_alert_normal_0030.jpg,ALERT,0.2841260062280698,0.29998683286131705,0.2682651795948226,0.954240364247882,-169.45045844871714,18.980702639921134,0.6692178428093668,0.9477684703652896,1.0,0.8955369407305792,False,False,480,848
datasets\raw\custom_pakistani\ALERT\sh_wmask_alert_normal_0031.jpg,ALERT,0.33098220061838907,0.3360426674310451,0.325921733805733,0.9049571494437104,-171.68211553908773,17.741639507739258,1.1454534525161828,0.8833931543753637,1.0,0.7667863087507275,False,False,480,848
datasets\raw\custom_pakistani\ALERT\sh_wmask_alert_normal_0032.jpg,ALERT,0.342341735264171,0.35099911384436205,0.33368435668398,0.9375653868816312,-174.04863649574006,18.224270244339188,0.030349854989423223,0.8645085064809084,1.0,0.7290170129618168,False,False,480,848
datasets\raw\custom_pakistani\DROWSY\abrar_drowsy_normal_0000.jpg,DROWSY,0.1993009223368434,0.19350454140743026,0.20509730326625655,0.9079350542230593,170.55133994185843,0.27806383669374984,1.1650933811271669,0.7080783900352028,1.0,0.4161567800704055,False,True,478,850
datasets\raw\custom_pakistani\DROWSY\abrar_drowsy_normal_0001.jpg,DROWSY,0.1364397891917505,0.09697174359205718,0.17590783479144384,0.9765781981225428,170.01114395793556,0.6880508012654203,0.7101305572967966,0.7054991021309189,1.0,0.410998204261838,False,True,478,850
datasets\raw\custom_pakistani\DROWSY\abrar_drowsy_normal_0002.jpg,DROWSY,0.2063406839956819,0.21963096940650237,0.1930503985848614,0.9083314794969163,172.49398275494818,0.2327984475175063,1.6926817370632354,0.7321990594362164,1.0,0.46439811887243293,False,True,478,850
datasets\raw\custom_pakistani\DROWSY\abrar_drowsy_normal_0003.jpg,DROWSY,0.15883858196537548,0.1360415377677547,0.18163562616299622,0.9118161268101794,170.87383950143828,0.3663609105540052,0.5538807025875382,0.7133438151989027,1.0,0.4266876303978052,False,True,478,850
datasets\raw\custom_pakistani\DROWSY\abrar_drowsy_normal_0004.jpg,DROWSY,0.14861495955055604,0.10829115540989417,0.18893876369121793,0.9350348650595147,171.52596017205252,0.4914992935724554,0.9056467653604028,0.7582136958667283,1.0,0.5164273917334566,False,True,478,850
datasets\raw\custom_pakistani\DROWSY\abrar_drowsy_normal_0005.jpg,DROWSY,0.1502092752072216,0.12572901976905942,0.1746895306453838,0.9012308179475206,172.35740284702456,-0.01701917617949413,0.7562272806515751,0.7836806358839903,1.0,0.5673612717679806,False,True,478,850
datasets\raw\custom_pakistani\DROWSY\abrar_drowsy_normal_0006.jpg,DROWSY,0.14136191402696152,0.11385917305012218,0.16886465500380088,0.9370934626034589,170.36509477316832,0.05337927962042232,0.0013334258017850891,0.7493929877332646,1.0,0.4987859754665292,False,True,478,850
datasets\raw\custom_pakistani\DROWSY\abrar_drowsy_normal_0007.jpg,DROWSY,0.12767723438193063,0.0827960649853399,0.17255840377852139,0.9582245887088697,171.0744919577763,-0.7746211472607485,0.05976578490659463,0.6917288504791336,1.0,0.3834577009582671,False,True,478,850
datasets\raw\custom_pakistani\DROWSY\abrar_drowsy_normal_0008.jpg,DROWSY,0.15920223416404217,0.153664448124003,0.16474002020408135,0.9471416718568908,174.58645644854224,-1.3380715108266834,0.6717541451035,0.7373268172486567,1.0,0.4746536344973133,False,True,478,850
datasets\raw\custom_pakistani\DROWSY\abrar_drowsy_normal_0009.jpg,DROWSY,0.14911828240669794,0.14679198147678707,0.15144458333660885,0.9319736663428914,177.9318483460812,-0.5581538852904823,-0.6440953045939938,0.7478279123840288,1.0,0.49565582476805753,False,True,478,850
datasets\raw\custom_pakistani\DROWSY\abrar_drowsy_normal_0010.jpg,DROWSY,0.1684944780781451,0.15359221415333116,0.18339674200295902,0.932455275172233,175.32524769049252,-1.077898168879241,-1.088888389893752,0.7356487422759541,1.0,0.47129748455190823,False,True,478,850
datasets\raw\custom_pakistani\DROWSY\abrar_drowsy_normal_0011.jpg,DROWSY,0.18991961077502273,0.20533535711068182,0.17450386443936367,0.9207315761308897,177.18628876847987,-1.7023684501256864,-0.8331240591926867,0.7135935349216064,1.0,0.4271870698432128,False,True,478,850
datasets\raw\custom_pakistani\DROWSY\abrar_drowsy_normal_0012.jpg,DROWSY,0.1580450961718176,0.19342451798751964,0.1226656743561156,0.9363958495511526,177.93545518010893,-1.5712244711912255,-1.1079730749830212,0.7153599658097821,1.0,0.43071993161956423,False,True,478,850
datasets\raw\custom_pakistani\DROWSY\abrar_drowsy_normal_0013.jpg,DROWSY,0.17697685722210155,0.14193518952388864,0.21201852492031448,0.9328680034848906,179.86727303755563,-2.149680262979536,-1.814820530859573,0.8272742935808453,1.0,0.6545485871616904,False,False,478,850
datasets\raw\custom_pakistani\DROWSY\abrar_drowsy_normal_0014.jpg,DROWSY,0.17362799550613417,0.14947996197544614,0.19777602903682223,0.9336027119435979,179.61464763551086,-2.8926434275949733,-2.0783692331342465,0.6496266711301961,0.8629757765012832,0.4362775657591091,False,True,478,850
datasets\raw\custom_pakistani\DROWSY\abrar_drowsy_normal_0015.jpg,DROWSY,0.17519019769051516,0.17351146965785036,0.17686892572317997,0.9395304847587642,-178.63425571623415,-4.24427582293002,-2.530983986363901,0.5732477186757258,0.7390962312295489,0.40739920612190256,False,True,478,850
datasets\raw\custom_pakistani\DROWSY\abrar_drowsy_normal_0016.jpg,DROWSY,0.19722534968611233,0.19095876328937741,0.2034919360828472,0.9174630489555696,-179.18219186577258,-0.5589108887614039,-1.5012949894470902,0.728221781712609,1.0,0.45644356342521797,False,True,478,850
datasets\raw\custom_pakistani\DROWSY\abrar_drowsy_normal_0017.jpg,DROWSY,0.19138826150676863,0.17092328449787372,0.21185323851566357,0.8764059613578057,-179.4540788862632,-1.5377491896226039,-1.9003818561387933,0.7389190351722731,1.0,0.4778380703445462,False,True,478,850
datasets\raw\custom_pakistani\DROWSY\abrar_drowsy_normal_0018.jpg,DROWSY,0.22475949214599755,0.23032227664248728,0.2191967076495078,0.9108345793542134,174.16980350788393,-2.0126950445285687,-2.3972676192872524,0.7224125158532783,1.0,0.4448250317065565,False,True,478,850
datasets\raw\custom_pakistani\DROWSY\abrar_drowsy_normal_0019.jpg,DROWSY,0.21134996833410527,0.2293877472864065,0.19331218938180403,0.8890454245435211,175.34488500416563,-1.2602715055094027,-2.1318200982405036,0.7649655934950157,1.0,0.5299311869900314,False,True,478,850
datasets\raw\custom_pakistani\DROWSY\abrar_drowsy_normal_0020.jpg,DROWSY,0.1828437993583896,0.16513940240484815,0.20054819631193105,0.9185187364080583,177.71808559537047,-1.2563178267174528,-0.6964420322924375,0.7342288190251307,1.0,0.46845763805026136,False,True,478,850
datasets\raw\custom_pakistani\DROWSY\abrar_drowsy_normal_0021.jpg,DROWSY,0.2062076810830264,0.2043148387977762,0.2081005233682766,0.9191743205271637,179.38580044484723,-1.2832035496283494,-0.37025866007094443,0.6900629526131161,1.0,0.3801259052262322,False,True,478,850
datasets\raw\custom_pakistani\DROWSY\abrar_drowsy_normal_0022.jpg,DROWSY,0.22429239781331234,0.23152466155111262,0.21706013407551208,0.9466346280255408,178.53492530060132,-0.5106746449846457,-0.07558693870446623,0.5407004765674075,0.6743943754577884,0.40700657767702675,False,True,478,850
datasets\raw\custom_pakistani\DROWSY\abrar_drowsy_normal_0023.jpg,DROWSY,0.20835376826274746,0.19765684954660626,0.21905068697888866,0.9481518908137534,176.36763340220554,-1.1173962829396176,-1.0601740071711079,0.7124507831292128,1.0,0.4249015662584258,False,True,478,850
datasets\raw\custom_pakistani\DROWSY\abrar_drowsy_normal_0024.jpg,DROWSY,0.18947276042921046,0.1917577669249691,0.18718775393345186,0.949495821197993,177.37445617023872,-3.134416325886111,-0.9244250192206407,0.7793145833801287,1.0,0.5586291667602573,False,True,478,850
datasets\raw\custom_pakistani\DROWSY\abrar_drowsy_normal_0025.jpg,DROWSY,0.16207862900629932,0.16884920117819865,0.15530805683439997,0.9372182014933756,179.82285741911062,-1.1780165763072212,-0.3947916685902013,0.6888353030541984,1.0,0.37767060610839676,False,True,478,850
datasets\raw\custom_pakistani\DROWSY\abrar_drowsy_normal_0026.jpg,DROWSY,0.2050295681137182,0.18427966385977268,0.22577947236766369,0.9271717446019622,179.23441941088308,-1.5472877856211915,-4.483991915928534,0.27414152976618417,0.48988004585379136,0.058403013678576955,True,True,478,850
datasets\raw\custom_pakistani\DROWSY\abrar_drowsy_normal_0027.jpg,DROWSY,0.23774450181799422,0.2518987142025019,0.22359028943348652,0.9041900451131216,178.80962024337308,-0.6542804420129444,-6.527126860672073,0.1443201201781069,0.07315202728439958,0.21548821307181418,True,True,478,850
datasets\raw\custom_pakistani\DROWSY\abrar_drowsy_normal_0028.jpg,DROWSY,0.2018580945512662,0.22046042786707498,0.18325576123545737,0.9407533178030562,179.11153053222097,-0.6577411318139924,-3.2269267264505594,0.2965826019526382,0.3011597590692169,0.29200544483605956,True,True,478,850
datasets\raw\custom_pakistani\DROWSY\abrar_drowsy_normal_0029.jpg,DROWSY,0.20396751496316815,0.21762778395620416,0.19030724597013213,0.8930941407844786,-179.50990702077922,-1.3563626057339133,-0.7791499481922716,0.32770256632879413,0.3435943775470974,0.3118107551104909,True,True,478,850
datasets\raw\custom_pakistani\DROWSY\abrar_drowsy_normal_0030.jpg,DROWSY,0.19445396826329892,0.22276420360556262,0.16614373292103518,0.8825966838539678,179.54350924748977,-0.3926886269068257,-0.3847652283120136,0.37635111595204895,0.3523575555068732,0.40034467639722476,True,True,478,850
datasets\raw\custom_pakistani\DROWSY\abrar_drowsy_normal_0031.jpg,DROWSY,0.2734423680362198,0.2823937132326365,0.264491022839803,0.9061389458520905,-178.85448320940475,-0.8345337859577462,0.23538685332744222,0.4016111812319978,0.36300226390900114,0.4402200985549944,True,True,478,850
datasets\raw\custom_pakistani\DROWSY\abrar_drowsy_normal_0032.jpg,DROWSY,0.3077217867552897,0.2897446001852641,0.3256989733253154,0.9400633775547763,-178.59868394689988,-0.6961550422180491,0.6917236128766568,0.38166309258594244,0.32893577284528386,0.4343904123266011,True,True,478,850
datasets\raw\custom_pakistani\DROWSY\abrar_drowsy_normal_0033.jpg,DROWSY,0.2522124946809253,0.2465571920720146,0.257867797289836,0.8753042443658596,-178.72599306926026,-1.1812198209793614,-0.0645351300907954,0.39284861550914185,0.4287708168732736,0.35692641414501014,True,True,478,850
datasets\raw\custom_pakistani\DROWSY\abrar_drowsy_normal_0034.jpg,DROWSY,0.1388698223288624,0.16430736886346356,0.1134322757942613,0.8958774589996483,-178.85594483037795,-1.1750724146769072,0.5855156250262803,0.3396455521399112,0.296791298202256,0.38249980607756645,True,True,478,850
datasets\raw\custom_pakistani\DROWSY\abrar_drowsy_normal_0035.jpg,DROWSY,0.11511866389265196,0.1353089783268852,0.09492834945841873,0.9138696749668953,179.0372963910849,-0.737780948677595,0.8305648246359034,0.35896776090493376,0.28916384863610134,0.42877167317376624,True,True,478,850
datasets\raw\custom_pakistani\DROWSY\abrar_drowsy_normal_0036.jpg,DROWSY,0.12777396592501533,0.14232139321203754,0.11322653863799313,0.9556827740778777,-179.29934264417628,-0.7352966563147394,0.7411702419330459,0.36582757420458956,0.2605881679863779,0.47106698042280115,True,True,478,850
datasets\raw\custom_pakistani\DROWSY\abrar_drowsy_normal_0037.jpg,DROWSY,0.12282892828463565,0.11379522809944372,0.1318626284698276,0.9498460362397011,-179.5673089068047,-1.1266497454386006,0.1997380939197563,0.29740914038534133,0.24587054839874536,0.34894773237193727,True,True,478,850
datasets\raw\custom_pakistani\DROWSY\abrar_drowsy_normal_0038.jpg,DROWSY,0.14046969962091896,0.151021339249755,0.12991805999208292,0.9333628555673145,-178.96662676775597,-0.29034288274893255,0.8917876795563718,0.32224124332500936,0.26802098244607986,0.3764615042039389,True,True,478,850
datasets\raw\custom_pakistani\DROWSY\abrar_drowsy_normal_0039.jpg,DROWSY,0.13679309753964747,0.1311151422178682,0.1424710528614267,0.9314794326778478,-178.45154197539304,-0.8318150208005385,0.4033911861130595,0.304577383258934,0.20394464348847816,0.40521012302938986,True,True,478,850
datasets\raw\custom_pakistani\DROWSY\abrar_drowsy_normal_0040.jpg,DROWSY,0.15021664602747203,0.17009257135915004,0.13034072069579405,0.9049936876763238,-178.12199309199133,-0.09527883038825195,0.5751115948341883,0.3183124692405781,0.285653545098957,0.35097139338219924,True,True,478,850
datasets\raw\custom_pakistani\DROWSY\abrar_drowsy_normal_0041.jpg,DROWSY,0.13189937882311098,0.12404337721287885,0.13975538043334312,0.9671907761396445,-176.41113221823218,-0.8077724552316313,-0.014799049405084167,0.2673306366567974,0.22310046012877752,0.3115608131848173,True,True,478,850
datasets\raw\custom_pakistani\DROWSY\abrar_drowsy_normal_0042.jpg,DROWSY,0.12961080154746335,0.15148181293003296,0.10773979016489375,0.9452303244764273,-175.8549720969551,-1.5057346341448985,0.34961654427464095,0.2278562113978469,0.21385359583808528,0.2418588269576085,True,True,478,850
datasets\raw\custom_pakistani\DROWSY\abrar_drowsy_normal_0043.jpg,DROWSY,0.16683560476821296,0.16614843276298763,0.1675227767734383,0.9684376092190315,-175.4985088548291,-1.6565020323497377,0.5088667791943958,0.22055473512077917,0.20380877303050507,0.2373006972110533,True,True,478,850
datasets\raw\custom_pakistani\DROWSY\abrar_drowsy_normal_0044.jpg,DROWSY,0.1721378234081769,0.19510430205593401,0.14917134476041977,0.9625775033409703,-175.14800920378502,-0.7022677147441074,0.9404037645435267,0.16399336094343592,0.15235605524049567,0.17563066664637614,True,True,478,850
datasets\raw\custom_pakistani\DROWSY\abrar_drowsy_normal_0045.jpg,DROWSY,0.16141819431148186,0.16539823842941148,0.15743815019355226,0.9492209553336426,-176.71417173453918,-1.9058053429497317,-0.2632510113989072,0.17008253485675,0.14848877324681442,0.19167629646668563,True,True,478,850
datasets\raw\custom_pakistani\DROWSY\abrar_drowsy_normal_0046.jpg,DROWSY,0.14837798380137024,0.13050158824532712,0.16625437935741333,0.9781086353330986,-174.47007644803537,-2.556281325096262,-0.12676366571359698,0.09603122731308755,0.10875436819881079,0.08330808642736433,True,True,478,850
datasets\raw\custom_pakistani\DROWSY\abrar_drowsy_normal_0047.jpg,DROWSY,0.21047882400648604,0.22654624377175384,0.19441140424121828,0.8272362816270916,179.38429591297526,-1.0810192365615137,1.1024683432669415,0.138073295781176,0.16910528914346387,0.10704130241888815,True,True,478,850
datasets\raw\custom_pakistani\DROWSY\abrar_drowsy_normal_0048.jpg,DROWSY,0.20315468848663845,0.21898596865430356,0.18732340831897334,0.8951185545710395,174.45949397845712,-3.393083230819587,-0.3867289466149329,0.3482423944750902,0.3974750418777916,0.29900974707238887,True,True,478,850
datasets\raw\custom_pakistani\DROWSY\abrar_drowsy_normal_0049.jpg,DROWSY,0.21516594432426916,0.22534773779905654,0.20498415084948182,0.9252218561375846,176.55029082510285,-2.9747353499374256,-0.03792385938458665,0.2554342575622051,0.2753858482984505,0.23548266682595975,True,True,478,850
datasets\raw\custom_pakistani\DROWSY\areeb_drowsy_normal_0000.jpg,DROWSY,0.2627280822100398,0.27294409424435373,0.25251207017572586,0.8970400739921469,174.01846442855293,8.637323666836862,2.00564107595297,0.21210280285389382,0.25813647835276204,0.16606912735502558,True,True,848,478
datasets\raw\custom_pakistani\DROWSY\areeb_drowsy_normal_0001.jpg,DROWSY,0.24907636979427136,0.24367803584933423,0.2544747037392085,0.8706489508484156,166.5026502077607,2.1677655001035703,1.250206806249792,0.28549082481763166,0.30821699363435884,0.2627646560009045,True,True,848,478
datasets\raw\custom_pakistani\DROWSY\areeb_drowsy_normal_0002.jpg,DROWSY,0.22015034401305045,0.22400883472044228,0.2162918533056586,0.9426797688877196,168.75583433186952,3.29154423210578,1.7922114382366876,0.4315365891600581,0.4539597726576073,0.4091134056625089,True,True,848,478
datasets\raw\custom_pakistani\DROWSY\areeb_drowsy_normal_0003.jpg,DROWSY,0.06228582439408782,0.07074415410436959,0.053827494683806064,0.9006145715776068,177.98810038401334,-4.184965851405754,2.3974477675702146,0.2596057664766635,0.3230456274247735,0.1961659055285535,True,True,848,478
datasets\raw\custom_pakistani\DROWSY\areeb_drowsy_normal_0004.jpg,DROWSY,0.06561993816058923,0.06398643045596879,0.06725344586520968,0.8808620654147191,-174.70975570764682,0.4521831575248814,-0.6433995668991853,0.16058488959029357,0.21907970863683662,0.10209007054375052,True,True,848,478
datasets\raw\custom_pakistani\DROWSY\areeb_drowsy_normal_0005.jpg,DROWSY,0.09032832499939175,0.1115423247554029,0.06911432524338061,0.8806561181889943,-175.55886807323282,0.02803627774827359,-3.4793833208245335,0.176863904750526,0.2181764362855861,0.1355513732154659,True,True,848,478
datasets\raw\custom_pakistani\DROWSY\areeb_drowsy_normal_0006.jpg,DROWSY,0.07194707292364985,0.07654543343324297,0.06734871241405675,0.8981084986579226,-179.0950479846545,3.8050937358576187,-1.5814412526999009,0.21481024563496226,0.2579758389261745,0.17164465234375,True,True,848,478
datasets\raw\custom_pakistani\DROWSY\areeb_drowsy_normal_0007.jpg,DROWSY,0.06545146744644567,0.06564606877166576,0.0652568661212256,0.8744258108276531,-173.90231627436734,4.592217826026239,-2.8434215572383232,0.17320266479505028,0.21921676689787487,0.1271885626922257,True,True,848,478
datasets\raw\custom_pakistani\DROWSY\areeb_drowsy_normal_0008.jpg,DROWSY,0.08137940938379089,0.08541375878770434,0.07734505997987744,0.9072863523397054,-171.24633535750095,4.879682553684657,-3.5058886173123907,0.14445003849723104,0.182905613326642,0.10599446366782006,True,True,848,478
datasets\raw\custom_pakistani\DROWSY\areeb_drowsy_normal_0009.jpg,DROWSY,0.09263902187218315,0.09487886189917735,0.09039918184518894,0.91243878380092,-168.10820889110326,3.873651901567379,-3.5046160834104176,0.1596074126478584,0.19873720642932924,0.12047761886638757,True,True,848,478
datasets\raw\custom_pakistani\DROWSY\areeb_drowsy_normal_0010.jpg,DROWSY,0.09002422357665085,0.09114556958532691,0.08890287756797481,0.9160844696581457,-168.93761974818614,3.347541417498381,-4.840797179705309,0.11906343044888326,0.1491388987897675,0.08898796210799903,True,True,848,478
datasets\raw\custom_pakistani\DROWSY\areeb_drowsy_normal_0011.jpg,DROWSY,0.10674389103177884,0.10977656827263903,0.10371121379091866,0.9351309818306763,-166.89303589194137,4.747295432446114,-4.92154498243923,0.1289771391651557,0.1616747212925388,0.09627955703777263,True,True,848,478
datasets\raw\custom_pakistani\DROWSY\areeb_drowsy_normal_0012.jpg,DROWSY,0.10162650798780715,0.10692648950966968,0.09632652646594463,0.9385993801827817,-166.11789853797077,4.596462106599461,-4.469943711107801,0.12576595690025677,0.15224820897740785,0.09928370482310571,True,True,848,478
datasets\raw\custom_pakistani\DROWSY\areeb_drowsy_normal_0013.jpg,DROWSY,0.09926049260966009,0.11115546160027115,0.08736552361904903,0.8948521717431415,-166.10213446841087,5.05874639156295,-2.9070851148898007,0.12604644720573524,0.16611127750000002,0.08598161691147048,True,True,848,478
datasets\raw\custom_pakistani\DROWSY\areeb_drowsy_normal_0014.jpg,DROWSY,0.23442816382779058,0.32136648831364023,0.14748983934194093,1.2246014111427261,-159.0459034953329,4.548971953494914,-5.310444050511439,0.13768946632540224,0.1895361328652444,0.08584279978556009,True,True,848,478
datasets\raw\custom_pakistani\DROWSY\areeb_drowsy_normal_0015.jpg,DROWSY,0.11922793271978466,0.11064712956592693,0.1278087358736424,0.9533624655444546,-161.97589660086544,-5.9688778092359716,-5.13583135164385,0.08833515422762098,0.12282953493494948,0.05384077352029247,True,True,848,478
datasets\raw\custom_pakistani\DROWSY\areeb_drowsy_normal_0016.jpg,DROWSY,0.10886289510380502,0.138468420461034,0.07925736974657605,1.0246651658784947,-170.8442905677813,6.9148089048490835,-3.5606891633576394,0.23098434462212258,0.20099553311120366,0.2609731561330415,True,True,848,478
datasets\raw\custom_pakistani\DROWSY\areeb_drowsy_normal_0017.jpg,DROWSY,0.10337702031638227,0.07423923812396023,0.1325148025088043,0.9018227609756007,-168.76068196053419,6.906380432248949,179.99248556562975,0.3363343272329872,0.24348270975056688,0.4291859447154075,True,True,848,478
datasets\raw\custom_pakistani\DROWSY\areeb_drowsy_normal_0018.jpg,DROWSY,0.12096383239713393,0.17356472551626134,0.06836293927800652,1.0099491623232213,177.5491227941667,6.474843551132798,177.29831480779112,0.3744454728673331,0.2866772969006469,0.4622136488340193,True,True,848,478
datasets\raw\custom_pakistani\DROWSY\areeb_drowsy_normal_0019.jpg,DROWSY,0.0811511249679314,0.0910122717027158,0.07128997823314702,1.0572287663743705,178.51709964090546,26.020859422084932,178.2870575977606,0.2846978082181808,0.2987947075126188,0.2706009089237428,True,True,848,478
datasets\raw\custom_pakistani\DROWSY\areeb_drowsy_normal_0020.jpg,DROWSY,0.15102254046133418,0.1660029988583351,0.13604208206433327,0.9333307101912128,176.08631475075254,-2.7772565835626084,0.8634706754291976,0.22155278506873372,0.28792191358024694,0.1551836565572205,True,True,848,478
datasets\raw\custom_pakistani\DROWSY\areeb_drowsy_normal_0021.jpg,DROWSY,0.08328595266737576,0.07999465972654232,0.0865772456082092,0.910780572142537,176.54882238178547,0.5128370225757682,0.9226641408577012,0.21014977425464482,0.2707894040593528,0.14951014444993682,True,True,848,478
datasets\raw\custom_pakistani\DROWSY\areeb_drowsy_normal_0022.jpg,DROWSY,0.06492866307604997,0.06619924560031762,0.06365808055178233,0.8957248741248024,178.96787349663015,-1.024489380325332,0.8386343024506018,0.17906602899969618,0.2228218859453392,0.13531017205405316,True,True,848,478
datasets\raw\custom_pakistani\DROWSY\areeb_drowsy_normal_0023.jpg,DROWSY,0.06848031127850371,0.05883842632670104,0.07812219623030638,0.8902534584908846,-175.63561053553894,-3.3262836603675607,0.3235287537971786,0.18010806992383166,0.22835457482587077,0.13186156502179253,True,True,848,478
datasets\raw\custom_pakistani\DROWSY\areeb_drowsy_normal_0024.jpg,DROWSY,0.21083560808006732,0.21851609423199692,0.20315512192813773,0.9289482560778783,-178.03453368238783,-1.9882808936714638,0.9059073637533704,0.1721260498801901,0.21708480231679675,0.12716729744358346,True,True,848,478
datasets\raw\custom_pakistani\DROWSY\areeb_drowsy_normal_0025.jpg,DROWSY,0.06498204156712427,0.061367005405492656,0.06859707772875588,0.878436315482219,-176.04466836857225,-0.22297794973390866,0.7283417657030443,0.1790031129971072,0.2165175310494288,0.1414886949447856,True,True,848,478
datasets\raw\custom_pakistani\DROWSY\areeb_drowsy_normal_0026.jpg,DROWSY,0.2454433614087937,0.2610917058652105,0.22979501695237686,0.9246851100340154,-176.3716855285865,0.3548306809536137,0.1651463126495376,0.17309397180126504,0.21459690789923674,0.13159103570329334,True,True,848,478
datasets\raw\custom_pakistani\DROWSY\areeb_drowsy_normal_0027.jpg,DROWSY,0.22108617373065956,0.2344634592912909,0.20770888817002822,0.8945633379472446,-175.9413195964005,2.2259562779215907,1.1186357152320467,0.1854280174380965,0.2215986486582045,0.1492573862179885,True,True,848,478
datasets\raw\custom_pakistani\DROWSY\areeb_drowsy_normal_0028.jpg,DROWSY,0.069639453597682,0.06648205611285009,0.07279685108251394,0.8951385454864775,-175.35286517619087,-0.28848070752263394,2.8277762007436715,0.14387008726444123,0.18260196179096538,0.1051382127379171,True,True,848,478
datasets\raw\custom_pakistani\DROWSY\areeb_drowsy_normal_0029.jpg,DROWSY,0.08754844838938829,0.08729626908434622,0.08780062769443035,0.8850804488719066,-169.46391852676643,-3.1025730724435596,2.5073043875010317,0.18348985440306473,0.25034756235827665,0.11663214644785279,True,True,848,478
datasets\raw\custom_pakistani\DROWSY\areeb_drowsy_normal_0030.jpg,DROWSY,0.1020826365104732,0.10942760826792253,0.09473766475302388,0.9371029879927899,-170.32640601362078,-3.9959792886580496,-0.44497626528102646,0.1689481479350268,0.22241835937499999,0.1154779364950536,True,True,848,478
datasets\raw\custom_pakistani\DROWSY\areeb_drowsy_normal_0031.jpg,DROWSY,0.22113608407032986,0.21545140501095214,0.22682076312970761,0.9355743848599504,-177.49307448577906,-0.34057758757715284,0.19232633697383986,0.18939034489374298,0.22972148668503212,0.14905920310245385,True,True,848,478
datasets\raw\custom_pakistani\DROWSY\areeb_drowsy_normal_0032.jpg,DROWSY,0.05697469888171239,0.05465388471738178,0.059295513046043,0.8802440307573447,178.80690987577532,6.660344126442074,2.1664023619424615,0.20580549955356542,0.2549739435299589,0.15663705557717195,True,True,848,478
datasets\raw\custom_pakistani\DROWSY\areeb_drowsy_normal_0033.jpg,DROWSY,0.08546880413833777,0.07867982931361951,0.09225777896305604,0.8972727249770581,-173.2451321384684,12.254064092421071,3.3943067842122554,0.17780016335311657,0.2601821638527056,0.09541816285352757,True,True,848,478
datasets\raw\custom_pakistani\DROWSY\areeb_drowsy_normal_0034.jpg,DROWSY,0.09966268352558919,0.09670095117164934,0.10262441587952903,0.9090265483890497,-172.19786890312344,13.208975437887695,2.3659257224179746,0.17009969015761056,0.2431773110175727,0.09702206929764844,True,True,848,478
datasets\raw\custom_pakistani\DROWSY\areeb_drowsy_normal_0035.jpg,DROWSY,0.09975466175420489,0.10500747914694854,0.09450184436146124,1.021571950678625,-169.52668612205667,12.7783202497137,0.22334585825891054,0.13277156041868832,0.16780327980292367,0.09773984103445299,True,True,848,478
datasets\raw\custom_pakistani\DROWSY\areeb_drowsy_normal_0036.jpg,DROWSY,0.12032706204092175,0.12872517228078895,0.11192895180105454,0.9788850925187822,-166.34224572107226,13.792209352545036,0.8367946667348287,0.12485323344798366,0.18162083030487325,0.06808563659109408,True,True,848,478
datasets\raw\custom_pakistani\DROWSY\areeb_drowsy_normal_0037.jpg,DROWSY,0.13453440989387178,0.14385861958284052,0.125210200204903,1.027700112780396,-160.28868449147112,29.804830190764694,-176.06480249720624,0.10839850274347938,0.14893829193115235,0.06785871355580642,True,True,848,478
datasets\raw\custom_pakistani\DROWSY\areeb_drowsy_normal_0038.jpg,DROWSY,0.1396232903906421,0.13476027348501385,0.14448630729627038,1.054433598274331,-165.09337437036163,13.780327021239444,0.7595210239518337,0.11217014439879233,0.1557115713755836,0.06862871742200104,True,True,848,478
datasets\raw\custom_pakistani\DROWSY\areeb_drowsy_normal_0039.jpg,DROWSY,0.1070374233295795,0.11096464108796776,0.10311020557119122,0.9921029218013468,-168.64314676648655,11.113334439526783,-4.374619846620374,0.12359462899824572,0.17641923407972662,0.0707700239167648,True,True,848,478
datasets\raw\custom_pakistani\DROWSY\areeb_drowsy_normal_0040.jpg,DROWSY,0.07465303210351044,0.08265819189407177,0.06664787231294912,0.9279253188839423,-178.56016148060527,8.827839051518664,-5.2018284251922005,0.16638470626718596,0.20205769539246718,0.13071171714190474,True,True,848,478
datasets\raw\custom_pakistani\DROWSY\areeb_drowsy_normal_0041.jpg,DROWSY,0.07923145441278247,0.06139047242628006,0.09707243639928488,0.9051904962434664,179.3347013847116,6.963406342334664,-3.023429511966394,0.19330047934143427,0.23473752812963705,0.15186343055323148,True,True,848,478
datasets\raw\custom_pakistani\DROWSY\areeb_drowsy_normal_0042.jpg,DROWSY,0.07323586477428823,0.0865407320261945,0.05993099752238197,0.8767811828612538,176.51813190680517,5.533964932061635,-1.2134822022132976,0.23798799902299134,0.2799264192019359,0.19604957884404675,True,True,848,478
datasets\raw\custom_pakistani\DROWSY\areeb_drowsy_normal_0043.jpg,DROWSY,0.0662923494933374,0.0688542552165702,0.06373044377010459,0.8821422127129148,-178.3883192224447,1.6202007920415944,-0.33266042090088904,0.17852568195353302,0.21778604679166588,0.13926531711540016,True,True,848,478
datasets\raw\custom_pakistani\DROWSY\areeb_drowsy_normal_0044.jpg,DROWSY,0.07687766830296514,0.0800053562716608,0.07374998033426945,0.9355157429680568,-176.6877070625586,-1.6276681274382596,-1.6850231441115977,0.20063392295468346,0.24966230634242273,0.15160553956694417,True,True,848,478
datasets\raw\custom_pakistani\DROWSY\areeb_drowsy_normal_0045.jpg,DROWSY,0.07077995343549998,0.06606131250755937,0.0754985943634406,0.912267536800706,-173.2888700239335,1.392372310572702,-1.9779943615366147,0.19030617942302164,0.2440613077669084,0.1365510510791349,True,True,848,478
datasets\raw\custom_pakistani\DROWSY\areeb_drowsy_normal_0046.jpg,DROWSY,0.08352906390366967,0.08270525121934781,0.08435287658799152,0.9243624284365904,-169.84930461103136,3.8070792963470197,-1.6892279577187006,0.15963470968564764,0.21216265021631153,0.10710676915498377,True,True,848,478
datasets\raw\custom_pakistani\DROWSY\areeb_drowsy_normal_0047.jpg,DROWSY,0.23520859323055351,0.24876102939297987,0.22165615706812716,0.9198866235150858,-176.88706879900087,3.2399112978422293,-1.9555188653845537,0.1748662716610452,0.19257902468732638,0.15715351863476404,True,True,848,478
datasets\raw\custom_pakistani\DROWSY\areeb_drowsy_normal_0048.jpg,DROWSY,0.07061825777199118,0.08237812224349006,0.05885839330049232,0.9092809990029072,-177.98958568629124,-10.552199819542711,-3.755942846273988,0.20515730758131123,0.23795950438791494,0.17235511077470755,True,True,848,478
datasets\raw\custom_pakistani\DROWSY\areeb_drowsy_normal_0049.jpg,DROWSY,0.06406685109790383,0.07168383380816581,0.05644986838764184,0.9107291065564533,-179.1683504181881,-23.05769748690349,-4.1006338096423045,0.20290733466729935,0.24997864439625717,0.15583602493834153,True,True,848,478
datasets\raw\custom_pakistani\DROWSY\areeb_drowsy_normal_0050.jpg,DROWSY,0.08877342030963128,0.09426382098210516,0.0832830196371574,0.9255853654656022,-170.86575312396033,-23.043628424854084,-6.595159205774494,0.17308714911304635,0.20880706326626514,0.13736723495982756,True,True,848,478
datasets\raw\custom_pakistani\DROWSY\areeb_drowsy_normal_0051.jpg,DROWSY,0.10710596922455323,0.09709095506435382,0.11712098338475263,0.9202355667363219,-168.03284484644905,-20.256995155853172,-8.050875882755758,0.15216976617520922,0.17967322141380537,0.12466631093661308,True,True,848,478
datasets\raw\custom_pakistani\DROWSY\areeb_drowsy_normal_0052.jpg,DROWSY,0.10539055115022758,0.10486312368953432,0.10591797861092084,0.9468441286785465,-166.15242507871136,-20.744146478801074,-7.806203331075395,0.15108885103880043,0.16322474375156207,0.1389529583260388,True,True,848,478
datasets\raw\custom_pakistani\DROWSY\areeb_drowsy_normal_0053.jpg,DROWSY,0.25527237594822905,0.25846718261256413,0.2520775692838939,0.9275329114546904,-170.6161448384766,-18.312998977545185,-4.6613992034702765,0.14255411686671207,0.19091209504952442,0.09419613868389971,True,True,848,478
datasets\raw\custom_pakistani\DROWSY\areeb_drowsy_normal_0054.jpg,DROWSY,0.0938564961207618,0.09036376647655628,0.09734922576496731,0.9185838242545356,-167.40543633853753,-5.090288909407263,2.5065837789335963,0.14046094923384034,0.1923259717796758,0.08859592668800488,True,True,848,478
datasets\raw\custom_pakistani\DROWSY\areeb_drowsy_normal_0057.jpg,DROWSY,0.18793789003831513,0.13430421014047547,0.24157156993615478,0.894545563861954,-105.8983547871074,18.014987975646903,-141.0150958727455,0.19816791458177457,0.2628790411834394,0.13345678798010974,True,True,848,478
datasets\raw\custom_pakistani\DROWSY\areeb_drowsy_normal_0058.jpg,DROWSY,0.13984530674291734,0.18184318895971524,0.09784742452611944,1.1804317143699141,174.03759800904075,-12.027822715639068,-2.933569184952101,0.4438968787579055,0.6240517437625205,0.2637420137532906,False,True,848,478
datasets\raw\custom_pakistani\DROWSY\areeb_drowsy_normal_0059.jpg,DROWSY,0.09085259749160404,0.1262228040995609,0.05548239088364717,0.8801453274256652,-178.17508570379925,-20.845583566845537,-0.07623174180014332,0.3064376961696963,0.3536553530505289,0.25922003928886367,True,True,848,478
datasets\raw\custom_pakistani\DROWSY\areeb_drowsy_normal_0061.jpg,DROWSY,0.16874591517787466,0.18333139232314138,0.15416043803260793,0.918359916538882,-169.3134835816678,1.7271559503801703,0.38866753567840884,0.11722929475246946,0.15627682798628004,0.07818176151865887,True,True,848,478
datasets\raw\custom_pakistani\DROWSY\areeb_drowsy_normal_0062.jpg,DROWSY,0.1331471495593776,0.1754123742094124,0.09088192490934277,0.9510001616699195,177.00352336007847,1.266638818565052,1.780718886246251,0.1955066311304136,0.20831446175577667,0.18269880050505052,True,True,848,478
datasets\raw\custom_pakistani\DROWSY\areeb_drowsy_normal_0063.jpg,DROWSY,0.12565944501774606,0.15149520747600567,0.09982368255948644,0.8566411629807584,172.74691694096765,0.3141650701169571,-2.913869553760879,0.21340997190383562,0.19878564686981703,0.2280342969378542,True,True,848,478
datasets\raw\custom_pakistani\DROWSY\areeb_drowsy_normal_0064.jpg,DROWSY,0.086662391841514,0.13137587688875088,0.041948906794277124,1.0562150121458198,169.74965598271368,-2.7432857632021714,-2.2750115199408256,0.44936111291124103,0.31951529222873215,0.57920693359375,True,True,848,478
datasets\raw\custom_pakistani\DROWSY\areeb_drowsy_normal_0065.jpg,DROWSY,0.11567169436907442,0.1313734832210534,0.09996990551709542,1.151627643859274,167.69533890347225,-4.325301124745309,-1.0657001909410426,0.466570338779006,0.2847908436071161,0.648349833950896,True,False,848,478
datasets\raw\custom_pakistani\DROWSY\areeb_drowsy_normal_0066.jpg,DROWSY,0.12951934075113108,0.16771554014834592,0.09132314135391623,1.0880885839875396,167.69007713870377,-7.897967053342355,-1.1281288224147694,0.5208576199860753,0.2632403396767458,0.7784749002954047,True,False,848,478
datasets\raw\custom_pakistani\DROWSY\areeb_drowsy_normal_0067.jpg,DROWSY,0.13534164607378485,0.1696899065371343,0.10099338561043542,1.0099663553643743,169.6058285899671,-5.304109438671048,-0.8710752258193133,0.515281193413018,0.25942418086585844,0.7711382059601776,True,False,848,478
datasets\raw\custom_pakistani\DROWSY\areeb_drowsy_normal_0068.jpg,DROWSY,0.15604359117071104,0.15559094775559434,0.15649623458582776,0.9515738900057272,165.42111310402106,0.48559799670739445,0.22771167623169095,0.28091549749691647,0.2897459081012799,0.27208508689255306,True,True,848,478
datasets\raw\custom_pakistani\DROWSY\areeb_drowsy_normal_0069.jpg,DROWSY,0.08375031225692736,0.06970782509520827,0.09779279941864645,0.8872013197123961,167.12149965531643,3.5253832790898825,-0.8796490783234109,0.20686905122983607,0.2514052469511447,0.16233285550852744,True,True,848,478
datasets\raw\custom_pakistani\DROWSY\areeb_drowsy_normal_0070.jpg,DROWSY,0.07204820642589674,0.07638638187360311,0.06771003097819037,0.9134446214268896,176.86780147493167,2.418925815374464,0.3131646975960948,0.15966261030507517,0.1968239297663645,0.12250129084378586,True,True,848,478
datasets\raw\custom_pakistani\DROWSY\areeb_drowsy_normal_0071.jpg,DROWSY,0.12136792820539502,0.14251926896218553,0.10021658744860452,0.9119509676432108,-178.77572086512254,-0.0531412249640453,4.134723185201219,0.14640467270769505,0.19453222366782008,0.09827712174757001,True,True,848,478
datasets\raw\custom_pakistani\DROWSY\areeb_drowsy_normal_0072.jpg,DROWSY,0.21132563660409565,0.22568071092467015,0.1969705622835211,0.9286410774244171,-179.28258251705353,3.3978779501749923,6.3072344397478775,0.16228834079020327,0.19578960081302482,0.12878708076738168,True,True,848,478
datasets\raw\custom_pakistani\DROWSY\areeb_drowsy_normal_0073.jpg,DROWSY,0.16976237422935014,0.18418605458006898,0.15533869387863128,0.9184129551156014,177.03462608863282,3.7928898790544445,5.188314742754206,0.1829539209859799,0.21071943800660173,0.15518840396535805,True,True,848,478
datasets\raw\custom_pakistani\DROWSY\areeb_drowsy_normal_0074.jpg,DROWSY,0.08723500840654247,0.08799713970470954,0.08647287710837538,0.8916100470552841,176.48149541392462,3.8919094866271653,4.481652966749702,0.21744644038442656,0.25173298602906424,0.18315989473978891,True,True,848,478
datasets\raw\custom_pakistani\DROWSY\areeb_drowsy_normal_0075.jpg,DROWSY,0.07174745451749931,0.07297591533757862,0.07051899369742,0.9263087670137485,179.557367048268,2.925141000358852,6.6205523117757314,0.177397549536442,0.2003302111103767,0.1544648879625073,True,True,848,478
datasets\raw\custom_pakistani\DROWSY\areeb_drowsy_normal_0076.jpg,DROWSY,0.08455972861900612,0.08089953996883234,0.08821991726917992,0.9206619424198368,-171.16402852945436,5.3026713800901,7.7350335613802015,0.13612413000545553,0.17044655100466113,0.10180170900624995,True,True,848,478
datasets\raw\custom_pakistani\DROWSY\areeb_drowsy_normal_0077.jpg,DROWSY,0.08476925308791841,0.08162557398046032,0.08791293219537649,0.9363688096124212,-171.63229698798523,4.795739959610376,6.7080515666011715,0.14948383776265484,0.17840313059466784,0.12056454493064182,True,True,848,478
datasets\raw\custom_pakistani\DROWSY\areeb_drowsy_normal_0078.jpg,DROWSY,0.07427554942478679,0.06469695754704932,0.08385414130252426,0.9118524719112507,-173.2582196102519,5.489459638963957,4.727454158515656,0.16682348235064454,0.20920253936659272,0.12444442533469637,True,True,848,478
datasets\raw\custom_pakistani\DROWSY\areeb_drowsy_normal_0079.jpg,DROWSY,0.20599957693769533,0.20988009980697384,0.2021190540684168,0.9198301309944112,-178.91019334633998,8.123210802783628,2.966321680620284,0.1722824661969513,0.19236034499432791,0.1522045873995747,True,True,848,478
datasets\raw\custom_pakistani\DROWSY\areeb_drowsy_normal_0080.jpg,DROWSY,0.20482828916192652,0.21715863736028834,0.19249794096356473,0.9019521691264147,175.8350940416453,7.529010782780741,1.868204051797263,0.17794632725573645,0.19653518504515863,0.15935746946631427,True,True,848,478
datasets\raw\custom_pakistani\DROWSY\areeb_drowsy_normal_0081.jpg,DROWSY,0.27537757295178933,0.2770008479137558,0.2737542979898229,0.8806888553711163,174.21617343240416,8.203500178296924,2.0501076306622927,0.29128960581794394,0.4135531986601093,0.16902601297577857,True,True,848,478
datasets\raw\custom_pakistani\DROWSY\areeb_drowsy_normal_0082.jpg,DROWSY,0.22779257173988549,0.21996741255040125,0.23561773092936975,0.9177558878140295,178.30303597906052,8.355640072603466,0.7959919471947549,0.36952368850667183,0.5512706404480143,0.18777673656532928,True,True,848,478
datasets\raw\custom_pakistani\DROWSY\areeb_drowsy_normal_0083.jpg,DROWSY,0.1602049653730631,0.15214161553970898,0.16826831520641722,0.926855322446435,-177.1072596791856,3.698571084708037,0.602412665170059,0.20243652743256418,0.25832634589638526,0.14654670896874308,True,True,848,478
datasets\raw\custom_pakistani\DROWSY\areeb_drowsy_normal_0084.jpg,DROWSY,0.13826209979105353,0.1375558361306166,0.13896836345149047,0.897264452580982,-164.0035536191508,2.3425184341353957,0.8591848549432745,0.12963792628066378,0.19095874598536386,0.06831710657596372,True,True,848,478
datasets\raw\custom_pakistani\DROWSY\areeb_drowsy_normal_0085.jpg,DROWSY,0.12603577128894355,0.13299047436947775,0.11908106820840936,0.9519219534377498,-163.1863767653657,0.3824385042647152,1.9430658070351154,0.1294168528357846,0.17305976258814806,0.08577394308342115,True,True,848,478
datasets\raw\custom_pakistani\DROWSY\areeb_drowsy_normal_0086.jpg,DROWSY,0.1442221559987955,0.1596560031632642,0.12878830883432682,0.9511570711794103,-161.59183203015738,-1.1288431892700057,0.5164917502095208,0.13108747154881487,0.1678619038761338,0.09431303922149593,True,True,848,478
datasets\raw\custom_pakistani\DROWSY\areeb_drowsy_normal_0087.jpg,DROWSY,0.1397837319017553,0.14993978547817838,0.12962767832533223,0.9671249951498316,-159.82042916498912,0.7983212403761587,0.4640193554869079,0.13512618675381843,0.16627084729949487,0.10398152620814201,True,True,848,478
datasets\raw\custom_pakistani\DROWSY\areeb_drowsy_normal_0088.jpg,DROWSY,0.16192440289292376,0.17402136584920438,0.14982743993664313,0.9449621417380579,-158.3616570974209,1.5079891096472715,0.368480959407065,0.1306065142339051,0.15852778108072402,0.10268524738708619,True,True,848,478
datasets\raw\custom_pakistani\DROWSY\areeb_drowsy_normal_0089.jpg,DROWSY,0.15799405300396296,0.1720369298540803,0.14395117615384564,0.9610721609750079,-159.7115839572375,1.7655546574538437,0.41561401542597154,0.13307308294947992,0.17888783673469388,0.08725832916426594,True,True,848,478
datasets\raw\custom_pakistani\DROWSY\areeb_drowsy_normal_0090.jpg,DROWSY,0.16886149625559344,0.18381629946027148,0.15390669305091542,0.9602493862251787,-160.66503742451613,2.4344560792869303,0.05192673950995427,0.1267588841426044,0.1694843103844014,0.08403345790080738,True,True,848,478
datasets\raw\custom_pakistani\DROWSY\areeb_drowsy_normal_0091.jpg,DROWSY,0.1634945083075463,0.17200015880305108,0.1549888578120415,0.9827966070630008,-162.31744379849215,3.226431041287261,-3.264891810690299,0.10199285099742865,0.14043932893311653,0.06354637306174077,True,True,848,478
datasets\raw\custom_pakistani\DROWSY\areeb_drowsy_normal_0092.jpg,DROWSY,0.14099689090089157,0.1495966582050765,0.13239712359670666,0.9699045716441174,-164.85375545685696,8.92347250955056,-6.740150390124592,0.11813405374636639,0.16372373824843642,0.07254436924429636,True,True,848,478
datasets\raw\custom_pakistani\DROWSY\areeb_drowsy_normal_0093.jpg,DROWSY,0.12945584065708707,0.14120849585892106,0.11770318545525307,0.9416267081480421,-170.29420655249479,8.386685724822001,-4.587745896269699,0.13565799310746532,0.1832081330690998,0.08810785314583082,True,True,848,478
datasets\raw\custom_pakistani\DROWSY\areeb_drowsy_normal_0094.jpg,DROWSY,0.13094194544521184,0.13446413598406634,0.12741975490635735,0.9080526628739751,-177.57614270330097,7.908168695459385,0.7335863046903423,0.16634116934339288,0.21172018760734573,0.12096215107944004,True,True,848,478
datasets\raw\custom_pakistani\DROWSY\areeb_drowsy_normal_0095.jpg,DROWSY,0.23658476605529744,0.2141150815372538,0.25905445057334103,0.873907510402111,179.0347151170691,10.551363944002613,4.394625035772305,0.2965086605492533,0.43114653565129757,0.16187078544720904,True,True,848,478
datasets\raw\custom_pakistani\DROWSY\areeb_drowsy_normal_0096.jpg,DROWSY,0.26537446269190057,0.2502162706519058,0.2805326547318953,0.839737487028737,176.3705171954297,10.87398779200372,5.640222729360243,0.3685914391875914,0.5432057962474822,0.19397708212770062,True,True,848,478
datasets\raw\custom_pakistani\DROWSY\areeb_drowsy_normal_0097.jpg,DROWSY,0.2842442740742437,0.2907422025982596,0.27774634555022776,0.8845749465692,176.73745589138838,6.816752799286345,2.349154444241564,0.31352851379937047,0.44783153058117875,0.17922549701756219,True,True,848,478
datasets\raw\custom_pakistani\DROWSY\areeb_drowsy_normal_0098.jpg,DROWSY,0.2685374686916894,0.2809333734104294,0.25614156397294935,0.8621876400104979,167.52163622689363,6.3806258651205,0.4006129475512869,0.3141046680615009,0.3550470193996009,0.27316231672340086,True,True,848,478
datasets\raw\custom_pakistani\DROWSY\areeb_drowsy_normal_0099.jpg,DROWSY,0.20537823649081743,0.20574980315196062,0.20500666982967422,0.8905534873030587,167.45870797969644,2.7217717329602475,-1.1606870133304128,0.33145874306278467,0.3783009231042861,0.2846165630212833,True,True,848,478
datasets\raw\custom_pakistani\DROWSY\areeb_drowsy_normal_0100.jpg,DROWSY,0.21843311225579645,0.2353895645940097,0.2014766599175832,0.9480987960719037,169.71453911394386,-2.6035138949192027,-2.6333000296384683,0.32531518012971805,0.43808580470388053,0.2125445555555556,True,True,848,478
datasets\raw\custom_pakistani\DROWSY\areeb_drowsy_normal_0101.jpg,DROWSY,0.25568599223011634,0.2561449129680994,0.25522707149213325,0.8993459851878083,171.61206692758927,-5.35210510408897,-1.1270619298414446,0.26726670280902964,0.3387273217629081,0.19580608385515125,True,True,848,478
datasets\raw\custom_pakistani\DROWSY\areeb_drowsy_normal_0102.jpg,DROWSY,0.2263996894140767,0.24304872969721622,0.2097506491309372,0.8885060957746294,166.1174379645483,-3.370828143715973,-1.1277322955084217,0.307194345563849,0.3662833453695866,0.24810534575811136,True,True,848,478
datasets\raw\custom_pakistani\DROWSY\areeb_drowsy_normal_0103.jpg,DROWSY,0.23879778517493855,0.24317590078945397,0.23441966956042315,0.8805749309689705,167.15118505932043,-0.16768448721067863,0.27338258829032236,0.3429011937677161,0.44576390511167874,0.24003848242375345,True,True,848,478
datasets\raw\custom_pakistani\DROWSY\areeb_drowsy_normal_0104.jpg,DROWSY,0.2531078163118724,0.25444244269091354,0.2517731899328313,0.9080006280173827,167.50594912061496,-2.554549475632497,0.1831463494463082,0.30063308191560545,0.3756814839302113,0.22558467990099956,True,True,848,478
datasets\raw\custom_pakistani\DROWSY\areeb_drowsy_normal_0105.jpg,DROWSY,0.22469948842848564,0.23931137598210434,0.21008760087486697,0.8736437238624849,167.80703694479072,-0.5996273561866943,-0.5392620399855693,0.3465723318578553,0.46065519347836686,0.2324894702373438,True,True,848,478
datasets\raw\custom_pakistani\DROWSY\areeb_drowsy_normal_0106.jpg,DROWSY,0.24044716172161468,0.24138519050873045,0.23950913293449888,0.9798446317858133,167.62819865466815,0.5251903451958412,0.09413894900902817,0.2799311780814192,0.29781254362378884,0.2620498125390495,True,True,848,478
datasets\raw\custom_pakistani\DROWSY\areeb_drowsy_normal_0107.jpg,DROWSY,0.18945641557609103,0.16082257754881524,0.2180902536033668,0.9256280279757182,-179.31928639264424,-25.129207357240684,-14.142701271195422,0.4597657137472719,0.7217968602309992,0.19773456726354455,False,True,848,478
datasets\raw\custom_pakistani\DROWSY\areeb_drowsy_normal_0108.jpg,DROWSY,0.2784325779275626,0.2814616831729298,0.27540347268219545,0.9269095658117269,171.55526108919955,-1.0049141589432968,0.6105272894236574,0.24803094343250695,0.3070037143731264,0.1890581724918875,True,True,848,478
datasets\raw\custom_pakistani\DROWSY\areeb_drowsy_normal_0109.jpg,DROWSY,0.18134160395904952,0.18001444723588955,0.18266876068220952,0.9674591671073194,166.64625542757707,-4.549480624255519,-1.8163651203581934,0.25599878580447843,0.32462739600010293,0.187370175608854,True,True,848,478
datasets\raw\custom_pakistani\DROWSY\areeb_drowsy_normal_0110.jpg,DROWSY,0.1891852909401202,0.217746765420884,0.1606238164593564,0.9301543548732014,170.0131253584868,-3.420608856728986,-2.3930504187037167,0.3900831021291168,0.6009581308065597,0.17920807345167386,False,True,848,478
datasets\raw\custom_pakistani\DROWSY\areeb_drowsy_normal_0111.jpg,DROWSY,0.22845040897400806,0.22205850962357865,0.23484230832443748,0.9009180098896375,172.23697943234058,-2.491820128571596,-2.2500712199332855,0.3738321068171032,0.5881615968193435,0.15950261681486289,True,True,848,478
datasets\raw\custom_pakistani\DROWSY\areeb_drowsy_normal_0112.jpg,DROWSY,0.21632999426457444,0.22791972644193678,0.20474026208721208,0.9203452911348793,176.0210412922392,-3.7272827873044876,-2.9822672229348917,0.3967277863225167,0.6567698855041713,0.13668568714086216,False,True,848,478
datasets\raw\custom_pakistani\DROWSY\areeb_drowsy_normal_0113.jpg,DROWSY,0.20606245942270318,0.25715415567224253,0.1549707631731638,0.9022407315012317,177.87928237188046,-3.146830775826911,-2.7466744571767983,0.5364901221092474,0.9523940080815104,0.12058623613698428,False,True,848,478
datasets\raw\custom_pakistani\DROWSY\areeb_drowsy_normal_0114.jpg,DROWSY,0.1800998699944099,0.23378071546666765,0.1264190245221522,0.9023736838006791,177.56542946933973,-2.8375170659228903,-3.324137601163959,0.4601209057677127,0.7945658627369809,0.12567594879844443,False,True,848,478
datasets\raw\custom_pakistani\DROWSY\areeb_drowsy_normal_0115.jpg,DROWSY,0.22323432595821854,0.2497397033959417,0.19672894852049538,0.903831522072665,-177.05274026500746,-1.7122613948662355,-4.519758796544662,0.2730562855273704,0.39109953499312367,0.15501303606161712,True,True,848,478
datasets\raw\custom_pakistani\DROWSY\areeb_drowsy_normal_0116.jpg,DROWSY,0.2056964027807433,0.2075242200003064,0.20386858556118023,0.9135396538931859,-172.6546546395373,0.2237801443105077,-5.749836264937765,0.15408315575853626,0.18656294812670582,0.12160336339036668,True,True,848,478
datasets\raw\custom_pakistani\DROWSY\areeb_drowsy_normal_0117.jpg,DROWSY,0.18043767123209162,0.19285807417855633,0.1680172682856269,0.9153858427640068,-164.1351552119229,2.6804545926515324,-9.653232871021379,0.0675041145076627,0.09991341727104067,0.03509481174428473,True,True,848,478
datasets\raw\custom_pakistani\DROWSY\areeb_drowsy_normal_0118.jpg,DROWSY,0.22589468522423228,0.2315111318878368,0.22027823856062775,0.8766758226568,177.4222082533604,5.552083117479085,-2.4113840536084403,0.29149712901878394,0.3849209577808261,0.1980733002567418,True,True,848,478
datasets\raw\custom_pakistani\DROWSY\areeb_drowsy_normal_0119.jpg,DROWSY,0.2317913810416231,0.22735433683618775,0.23622842524705845,0.9425358667066628,168.31862243821044,0.9139794022667799,1.5885955024737035,0.30360687781931106,0.41742593700769215,0.18978781863092994,True,True,848,478
datasets\raw\custom_pakistani\DROWSY\areeb_drowsy_normal_0120.jpg,DROWSY,0.31262052424418985,0.31898638327989726,0.3062546652084825,0.8197695205101446,168.80356095196268,19.94534404942009,4.10428636626316,0.38314301040834886,0.5499242943620626,0.2163617264546351,True,True,848,478
datasets\raw\custom_pakistani\DROWSY\areeb_drowsy_normal_0121.jpg,DROWSY,0.28131700816615074,0.2826877621651054,0.2799462541671961,0.7818914307960985,161.27805009618845,47.77543722193502,178.70709054043934,0.4726341491093832,0.6701364796975424,0.2751318185212239,False,True,848,478
datasets\raw\custom_pakistani\DROWSY\areeb_drowsy_normal_0122.jpg,DROWSY,0.20950509712808021,0.22851749369538893,0.1904927005607715,0.853201266761453,164.7704102818853,42.44963215366962,-178.9480267056325,0.522981222668707,0.7547984495711014,0.29116399576631236,False,True,848,478
datasets\raw\custom_pakistani\DROWSY\areeb_drowsy_normal_0123.jpg,DROWSY,0.1383587193791041,0.13779065519364417,0.138926783564564,0.9152832463482862,-165.2042223098159,9.111306546603744,3.575431139716951,0.14030235474137012,0.19481724512150594,0.08578746436123431,True,True,848,478
datasets\raw\custom_pakistani\DROWSY\areeb_drowsy_normal_0124.jpg,DROWSY,0.12474729951243503,0.13105856454292214,0.11843603448194792,0.9324521125633567,-164.83507779972496,5.621026992197889,-0.6748439271413098,0.12895727170275664,0.16878557183276344,0.08912897157274985,True,True,848,478
datasets\raw\custom_pakistani\DROWSY\areeb_drowsy_normal_0125.jpg,DROWSY,0.13173645875935008,0.1426850536875671,0.12078786383113306,0.9294070168039343,-165.68891384264995,6.531530581481468,-3.171711386577571,0.14436270667125473,0.19285379523644353,0.09587161810606595,True,True,848,478
datasets\raw\custom_pakistani\DROWSY\areeb_drowsy_normal_0126.jpg,DROWSY,0.13181752140871694,0.13548299203594358,0.1281520507814903,0.9206575205742672,-164.63014795004952,6.5780667707881095,-4.407260608968017,0.12217455060976173,0.1594115519651002,0.08493754925442325,True,True,848,478
datasets\raw\custom_pakistani\DROWSY\areeb_drowsy_normal_0127.jpg,DROWSY,0.136622291653073,0.1528588016558962,0.1203857816502498,0.9745110930108305,-165.04351886355005,6.588967404393909,-5.1767966172132205,0.11239962947508583,0.14153672318315272,0.08326253576701893,True,True,848,478
datasets\raw\custom_pakistani\DROWSY\areeb_drowsy_normal_0128.jpg,DROWSY,0.1375815516381575,0.14134997927894186,0.1338131239973731,0.9218690349590706,-163.76599641191476,6.00564156977239,-6.197152420942895,0.11132352986301428,0.14563686264308015,0.07701019708294841,True,True,848,478
datasets\raw\custom_pakistani\DROWSY\areeb_drowsy_normal_0129.jpg,DROWSY,0.2357774718377757,0.21415154524645236,0.25740339842909904,0.8933393466783054,-179.12652117592728,11.42815917513581,-3.9327311200182207,0.18017193969833917,0.23502411215093708,0.12531976724574126,True,True,848,478
datasets\raw\custom_pakistani\DROWSY\areeb_drowsy_normal_0130.jpg,DROWSY,0.2503179616728314,0.21505884861144697,0.28557707473421573,0.8883730022364852,172.3519889198249,6.571174980908972,-0.45017435902078207,0.2827357677856874,0.37194357584724735,0.19352795972412742,True,True,848,478
datasets\raw\custom_pakistani\DROWSY\areeb_drowsy_normal_0131.jpg,DROWSY,0.2372067830357552,0.25479128700435955,0.21962227906715084,0.9044895977216384,174.3929851170663,-2.1598126601628658,2.4657158998171433,0.35063916687308616,0.5366541892472054,0.16462414449896695,True,True,848,478
datasets\raw\custom_pakistani\DROWSY\areeb_drowsy_normal_0132.jpg,DROWSY,0.11525511903223776,0.14685399461156912,0.08365624345290641,0.9869861168525735,174.05889839830473,-22.35142436661169,0.973362090461406,0.24978417238459116,0.35462190155731677,0.14494644321186556,True,True,848,478
datasets\raw\custom_pakistani\DROWSY\areeb_drowsy_normal_0133.jpg,DROWSY,0.16058079801171823,0.2225487453643324,0.09861285065910409,0.9475865836542441,178.57487593851175,-18.43268266138871,1.0682837020527276,0.20679252878419457,0.27356918559556787,0.14001587197282128,True,True,848,478
datasets\raw\custom_pakistani\DROWSY\areeb_drowsy_normal_0134.jpg,DROWSY,0.1021736462615011,0.09256479128494857,0.11178250123805362,0.946475431851307,-175.82583212202854,-15.216787684699415,-2.288937602231058,0.19169456580603073,0.2362145570956396,0.14717457451642185,True,True,848,478
datasets\raw\custom_pakistani\DROWSY\areeb_drowsy_normal_0135.jpg,DROWSY,0.12066973798825203,0.15177203977212392,0.08956743620438014,0.9377795087601409,-174.13843600037734,-11.87022330563002,-0.6975074715271896,0.202520765990156,0.2608189401684035,0.1442225918119085,True,True,848,478
datasets\raw\custom_pakistani\DROWSY\areeb_drowsy_normal_0136.jpg,DROWSY,0.20474101488777074,0.2582002472729355,0.15128178250260596,0.8803398241135675,175.77754666458608,-2.134736726531297,1.743922286216915,0.5781548526391831,1.0,0.15630970527836627,False,True,848,478
datasets\raw\custom_pakistani\DROWSY\areeb_drowsy_normal_0137.jpg,DROWSY,0.21919832685731094,0.23930269660744252,0.1990939571071794,0.9129706503866519,172.3637443248404,-0.8797335836636542,0.8954983417793781,0.5920594181015095,1.0,0.18411883620301894,False,True,848,478
datasets\raw\custom_pakistani\DROWSY\areeb_drowsy_normal_0138.jpg,DROWSY,0.20658864677968508,0.22917102954789784,0.1840062640114723,0.90287476000713,175.1525076145957,-0.8487410351474537,1.3971449676212675,0.586518629426852,1.0,0.17303725885370397,False,True,848,478
datasets\raw\custom_pakistani\DROWSY\areeb_drowsy_normal_0139.jpg,DROWSY,0.2040544575114572,0.2053581607136581,0.20275075430925632,0.8983577198394886,-179.05412702910402,4.216369398818892,0.818980198145273,0.45551530599767237,0.7461465816682066,0.1648840303271382,False,True,848,478
datasets\raw\custom_pakistani\DROWSY\areeb_drowsy_normal_0140.jpg,DROWSY,0.2462747849722559,0.2408122142261699,0.2517373557183419,0.9408679891105086,-172.51488533216363,7.587016474723995,0.35156000635032736,0.10706415008706716,0.14115387561964052,0.07297442455449381,True,True,848,478
datasets\raw\custom_pakistani\DROWSY\areeb_drowsy_normal_0141.jpg,DROWSY,0.12402226165210278,0.13925920293157718,0.10878532037262839,0.9640311314377504,-165.49698138896036,4.275737574777392,1.6051810543048257,0.13186660376896403,0.1876349604888139,0.07609824704911414,True,True,848,478
datasets\raw\custom_pakistani\DROWSY\areeb_drowsy_normal_0142.jpg,DROWSY,0.12439331899103148,0.13503493441374514,0.1137517035683178,0.9914523342031499,-165.0532648361606,1.882823608508964,0.3531683810845899,0.12938173138353554,0.18461851325757575,0.07414494950949535,True,True,848,478
datasets\raw\custom_pakistani\DROWSY\areeb_drowsy_normal_0143.jpg,DROWSY,0.12896574314132137,0.12278957896234691,0.13514190732029582,0.9360831890525748,-166.19281806231683,3.580172311306923,1.281190236317156,0.1289066261513161,0.18372911897089528,0.07408413333173691,True,True,848,478
datasets\raw\custom_pakistani\DROWSY\areeb_drowsy_normal_0144.jpg,DROWSY,0.11131319436882209,0.10877038249706529,0.11385600624057887,0.936520060990735,-167.214887322858,3.445135010588285,0.9312934658582349,0.14467439994655806,0.1904638427734375,0.0988849571196786,True,True,848,478
datasets\raw\custom_pakistani\DROWSY\areeb_drowsy_normal_0145.jpg,DROWSY,0.12162895494447797,0.1117838987982337,0.13147401109072224,0.9706066189010332,-165.90322333647384,1.5034981102649503,1.4448777729734121,0.13716809909579003,0.19078963506437233,0.08354656312720771,True,True,848,478
datasets\raw\custom_pakistani\DROWSY\areeb_drowsy_normal_0146.jpg,DROWSY,0.12819744360937096,0.13622762428811797,0.12016726293062398,0.9391651338366096,-163.31262329958224,5.082318349265941,2.745988128155566,0.1093563075309133,0.15430855796400952,0.06440405709781706,True,True,848,478
datasets\raw\custom_pakistani\DROWSY\areeb_drowsy_normal_0147.jpg,DROWSY,0.17037047105545586,0.190905197975241,0.14983574413567072,0.9625127840685815,-164.73656906794866,6.999834254139671,3.5362275406243926,0.10412603420520813,0.13623712596649656,0.07201494244391972,True,True,848,478
datasets\raw\custom_pakistani\DROWSY\areeb_drowsy_normal_0148.jpg,DROWSY,0.1171137127582089,0.11901876795912533,0.11520865755729245,0.9709512236784765,-169.02965580121855,6.3286395387722365,4.017831249489352,0.15058503062632891,0.19420684435232427,0.10696321690033354,True,True,848,478
datasets\raw\custom_pakistani\DROWSY\areeb_drowsy_normal_0149.jpg,DROWSY,0.12739913336186526,0.11646290857730304,0.13833535814642747,0.866287072562649,-178.28998488641795,8.350696250451225,1.637635126798296,0.21635279981197025,0.24162507097392194,0.1910805286500186,True,True,848,478
datasets\raw\custom_pakistani\DROWSY\areeb_drowsy_normal_0150.jpg,DROWSY,0.15534703876032335,0.1022475163934393,0.2084465611272074,0.8361113091038103,171.26634840611715,9.34796237995051,0.13088810363931605,0.2917782053646298,0.3583934047471653,0.2251630059820943,True,True,848,478
datasets\raw\custom_pakistani\DROWSY\areeb_drowsy_normal_0151.jpg,DROWSY,0.19315241888617163,0.19071448905000848,0.19559034872233477,0.8686198417279776,172.87657368994155,6.901914278353765,1.072687045428332,0.3197234238660027,0.4516002854484181,0.18784656228358732,True,True,848,478
datasets\raw\custom_pakistani\DROWSY\areeb_drowsy_normal_0152.jpg,DROWSY,0.2336856394766081,0.22914206075332463,0.2382292181998915,0.8787496690221801,177.1232458130314,7.039519400283677,4.159697824456714,0.3683273774209277,0.5856999313124437,0.15095482352941175,True,True,848,478
datasets\raw\custom_pakistani\DROWSY\areeb_drowsy_normal_0153.jpg,DROWSY,0.2357624802939217,0.21855801601137426,0.2529669445764691,0.8493724679875481,174.27695909495242,8.733767132750724,5.100942364563914,0.37546814646230475,0.5452013178522438,0.20573497507236577,True,True,848,478
datasets\raw\custom_pakistani\DROWSY\areeb_drowsy_normal_0154.jpg,DROWSY,0.3206437675349493,0.3061892011347196,0.3350983339351789,0.8394475720014765,171.23355517384624,8.709457697613592,2.122586110617455,0.32368165710647,0.4416255135916105,0.20573780062132954,True,True,848,478
datasets\raw\custom_pakistani\DROWSY\areeb_drowsy_normal_0155.jpg,DROWSY,0.3162883320477267,0.30712344025233107,0.32545322384312236,0.8521669285572423,169.54625389684924,9.387940057431473,-2.947260831620397,0.30552356748475457,0.40564183559693723,0.20540529937257193,True,True,848,478
datasets\raw\custom_pakistani\DROWSY\areeb_drowsy_normal_0156.jpg,DROWSY,0.11008440257213958,0.1355920370979835,0.08457676804629564,0.8542425279876934,164.52018619842735,5.397095177011172,-4.702383157317502,0.3771524597052217,0.48128196126200273,0.27302295814844074,True,True,848,478
datasets\raw\custom_pakistani\DROWSY\areeb_drowsy_normal_0157.jpg,DROWSY,0.2526477447993675,0.26216182375336566,0.24313366584536938,0.8600921334291054,166.87928381174234,4.400582680897366,-1.1951283318621515,0.29771901173333115,0.34736147598492445,0.24807654748173782,True,True,848,478
datasets\raw\custom_pakistani\DROWSY\areeb_drowsy_normal_0158.jpg,DROWSY,0.2685803909501333,0.27572510209095924,0.2614356798093074,0.8802021342476595,169.4091481879971,4.936364126924098,0.5667460525893333,0.26542903358278647,0.30001966273916336,0.23083840442640963,True,True,848,478
datasets\raw\custom_pakistani\DROWSY\areeb_drowsy_normal_0159.jpg,DROWSY,0.2646756794666756,0.2684834344516301,0.260867924481721,0.9097017175101396,172.14098242080541,6.312279832335475,2.437069122466629,0.34156779306006607,0.45672989689662785,0.2264056892235043,True,True,848,478
datasets\raw\custom_pakistani\DROWSY\areeb_drowsy_normal_0160.jpg,DROWSY,0.24232669030599924,0.23631614262381961,0.24833723798817883,0.8963813814359896,169.65519776135073,3.7809522414981025,2.3262867667270126,0.3441064006539426,0.47237395948598015,0.2158388418219051,True,True,848,478
datasets\raw\custom_pakistani\DROWSY\areeb_drowsy_normal_0161.jpg,DROWSY,0.21203867168060309,0.21046683266347296,0.21361051069773318,0.9018262652949454,169.87247057081603,4.302496568725622,1.8558868302986207,0.35733652189179255,0.4541001023448217,0.26057294143876336,True,True,848,478
datasets\raw\custom_pakistani\DROWSY\areeb_drowsy_normal_0162.jpg,DROWSY,0.22796089891904767,0.23346841489190961,0.22245338294618572,0.9089945671209765,170.54917120816344,-2.3343749140498065,0.692046828982367,0.4087201552948574,0.6471243581851699,0.17031595240454486,False,True,848,478
datasets\raw\custom_pakistani\DROWSY\areeb_drowsy_normal_0163.jpg,DROWSY,0.21354280692298988,0.19745405421529857,0.2296315596306812,0.9276970783857181,168.23945467227477,-0.04378198986927047,0.9004355847395548,0.3576441565377562,0.5127702087725182,0.20251810430299422,True,True,848,478
datasets\raw\custom_pakistani\DROWSY\areeb_drowsy_normal_0164.jpg,DROWSY,0.2012547720404636,0.17849920291348362,0.22401034116744356,0.9038163221684031,168.82450318404278,3.9745491340937664,-1.491371809457663,0.28103127032382075,0.3663552060491494,0.19570733459849207,True,True,848,478
datasets\raw\custom_pakistani\DROWSY\areeb_drowsy_normal_0165.jpg,DROWSY,0.2272581779565513,0.2326340276017798,0.2218823283113228,0.8860318749609998,169.16272563760072,3.6450227068051158,-1.5362063190119504,0.3130213788998164,0.3835202994454554,0.24252245835417735,True,True,848,478
datasets\raw\custom_pakistani\DROWSY\areeb_drowsy_normal_0166.jpg,DROWSY,0.2171436968757815,0.20039388809350386,0.2338935056580591,0.8475535066064689,166.22007859206826,4.5425263223150045,-2.9666557462265595,0.2786226437468794,0.3077198722988436,0.24952541519491514,True,True,848,478
datasets\raw\custom_pakistani\DROWSY\areeb_drowsy_normal_0167.jpg,DROWSY,0.2405125463587931,0.2331755977316635,0.2478494949859227,0.8747998459067079,167.80941487830768,2.5405032495597966,-5.319081439477578,0.2681565282511187,0.36239442644833636,0.17391863005390104,True,True,848,478
datasets\raw\custom_pakistani\DROWSY\areeb_drowsy_normal_0168.jpg,DROWSY,0.19183994679251315,0.16162753415007153,0.2220523594349548,0.875441063470456,171.1488409507638,3.8301307229984087,-9.8294376353588,0.23796090928330088,0.3129918598889158,0.16292995867768595,True,True,848,478
datasets\raw\custom_pakistani\DROWSY\areeb_drowsy_normal_0169.jpg,DROWSY,0.19775269464252224,0.1344797792825127,0.26102561000253177,0.8627001443864226,166.4143646879418,4.9949752941352195,-14.053126658086821,0.23252928117875887,0.3176024486400463,0.1474561137174715,True,True,848,478
datasets\raw\custom_pakistani\DROWSY\areeb_drowsy_normal_0170.jpg,DROWSY,0.19476784461749336,0.1673435620355174,0.2221921271994693,0.8593423634884408,168.39272049742007,4.881693466105869,-9.803843991903875,0.2841590123543297,0.36446833699239645,0.20384968771626302,True,True,848,478
datasets\raw\custom_pakistani\DROWSY\areeb_drowsy_normal_0171.jpg,DROWSY,0.2230924139309623,0.20681004225762334,0.23937478560430123,0.884317639339385,167.23329458691424,5.405415037796953,-10.67579549046555,0.29024090579181216,0.3964956481447542,0.18398616343887014,True,True,848,478
datasets\raw\custom_pakistani\DROWSY\areeb_drowsy_normal_0172.jpg,DROWSY,0.21906385602089215,0.18280191980713956,0.25532579223464474,0.8626348070989286,168.57305962272704,4.434200050163846,-11.480361925710827,0.2639146065418279,0.3148638284864301,0.21296538459722578,True,True,848,478
datasets\raw\custom_pakistani\DROWSY\areeb_drowsy_normal_0173.jpg,DROWSY,0.23408188570983285,0.23025580741777363,0.2379079640018921,0.907797619363711,173.68525343705696,1.4455107858988236,-3.9106780121624336,0.27656332957500906,0.4051208514279107,0.14800580772210745,True,True,848,478
datasets\raw\custom_pakistani\DROWSY\areeb_drowsy_normal_0174.jpg,DROWSY,0.23966579665306315,0.2285155309108828,0.25081606239524346,0.8748815507018544,174.89908479884957,5.811407629371711,0.7930386043411756,0.27977788859209407,0.40974277353356614,0.14981300365062195,True,True,848,478
datasets\raw\custom_pakistani\DROWSY\areeb_drowsy_normal_0175.jpg,DROWSY,0.2667747844588877,0.2627029724064606,0.27084659651131476,0.8513583068192723,-174.90159749763046,-0.20260642310722124,0.6755504321532136,0.5565768834007252,1.0,0.11315376680145034,False,True,848,478
datasets\raw\custom_pakistani\DROWSY\areeb_drowsy_normal_0176.jpg,DROWSY,0.23583278978269098,0.2358629529092766,0.23580262665610535,0.9238616325410764,-175.28227370922758,4.443166408778671,-2.155335225320003,0.3310292763658758,0.5138795718746381,0.14817898085711353,True,True,848,478
datasets\raw\custom_pakistani\DROWSY\areeb_drowsy_normal_0177.jpg,DROWSY,0.11883699077321935,0.11470526759384624,0.12296871395259247,0.8128414123576132,-175.47071889293105,-0.8039056583867168,-2.6173081452475864,0.24631114380945146,0.3417979599807396,0.15082432763816336,True,True,848,478
datasets\raw\custom_pakistani\DROWSY\areeb_drowsy_normal_0178.jpg,DROWSY,0.12799120009792883,0.1156462266511739,0.14033617354468375,0.8177615942076658,-167.0707818076995,-3.286129554836816,-0.5986052051576999,0.18820198136737035,0.20054796783678153,0.17585599489795917,True,True,848,478
datasets\raw\custom_pakistani\DROWSY\areeb_drowsy_normal_0179.jpg,DROWSY,0.09384237084503139,0.09302322781308156,0.09466151387698123,0.8675750167874392,-164.9825785986022,-5.170714563573997,-0.8423507580460852,0.17243843937111786,0.20021118920839925,0.14466568953383646,True,True,848,478
datasets\raw\custom_pakistani\DROWSY\areeb_drowsy_normal_0180.jpg,DROWSY,0.11203026836286693,0.11932906857409857,0.1047314681516353,0.9033328629771494,-170.52389190933795,-3.469862291950634,-2.318000928779834,0.16628955476945168,0.1878867639241245,0.14469234561477884,True,True,848,478
datasets\raw\custom_pakistani\DROWSY\areeb_drowsy_normal_0181.jpg,DROWSY,0.11050030738706865,0.11233092099847598,0.1086696937756613,0.8787279077131812,-170.13390598550362,1.4379699300872462,-3.702755817312089,0.15857097953653004,0.1811454515858432,0.13599650748721692,True,True,848,478
datasets\raw\custom_pakistani\DROWSY\areeb_drowsy_normal_0182.jpg,DROWSY,0.09658398545384986,0.08785254886863321,0.1053154220390665,0.837407118221183,-169.464302809199,0.21556297751302722,-3.4138154350526766,0.13809452409469303,0.13634051676081463,0.13984853142857143,True,True,848,478
datasets\raw\custom_pakistani\DROWSY\areeb_drowsy_normal_0183.jpg,DROWSY,0.22572497274341846,0.23389257526425494,0.217557370222582,0.8226645624802813,-176.34655774413682,1.8530075472027459,-3.278085323004175,0.22744110170552112,0.2911847057697533,0.1636974976412889,True,True,848,478
datasets\raw\custom_pakistani\DROWSY\areeb_drowsy_normal_0184.jpg,DROWSY,0.20264416482113773,0.20663547827804846,0.198652851364227,0.8827838058279853,-176.7038101779977,-0.6631791382930547,-2.6666820059873446,0.38535957746623256,0.6266999104,0.1440192445324652,False,True,848,478
datasets\raw\custom_pakistani\DROWSY\areeb_drowsy_normal_0185.jpg,DROWSY,0.29516469521637745,0.3225371343206799,0.267792256112075,0.829987591902067,-167.05695210121507,-5.84450730917503,2.6864227600367263,0.3224643732516757,0.4466123096536422,0.19831643684970923,True,True,848,478
datasets\raw\custom_pakistani\DROWSY\areeb_drowsy_normal_0186.jpg,DROWSY,0.23868043447380066,0.23737462496257583,0.2399862439850255,0.8673611610581177,-173.7996820982898,-9.496337727565152,3.594961175196877,0.34990762064503445,0.45548046274335613,0.2443347785467128,True,True,848,478
datasets\raw\custom_pakistani\DROWSY\areeb_drowsy_normal_0187.jpg,DROWSY,0.2543949168334819,0.2520129207935812,0.2567769128733827,0.8235421952150898,-171.135668559262,1.5096428139651414,3.822752490112851,0.4141753364030239,0.6141370280222551,0.21421364478379265,False,True,848,478
datasets\raw\custom_pakistani\DROWSY\areeb_drowsy_normal_0188.jpg,DROWSY,0.2562577310343788,0.2784004738243624,0.23411498824439528,0.8175098357012553,-173.37150106767538,2.676181206359744,4.248167569046783,0.5611243453595469,0.8945701968461354,0.22767849387295847,False,True,848,478
datasets\raw\custom_pakistani\DROWSY\areeb_drowsy_normal_0189.jpg,DROWSY,0.17678260802491133,0.1972373958944722,0.15632782015535046,1.1135755894599169,-176.01593479245955,15.202295035897135,-2.735734100411534,0.8227231795142211,1.0,0.6454463590284422,False,False,848,478
datasets\raw\custom_pakistani\DROWSY\areeb_drowsy_normal_0190.jpg,DROWSY,0.07909871873028201,0.08507005959704111,0.07312737786352293,0.8748447181900308,-174.65090695892047,0.7153003665228042,-2.676000371053899,0.5007511320601457,0.6851125233173759,0.3163897408029155,False,True,848,478
datasets\raw\custom_pakistani\DROWSY\areeb_drowsy_normal_0191.jpg,DROWSY,0.11289234620796418,0.09532785312387318,0.13045683929205518,0.8785584241186121,-171.062544299816,4.620699052800039,-2.4733809943277216,0.4730561435535954,0.653531758321823,0.2925805287853678,False,True,848,478
datasets\raw\custom_pakistani\DROWSY\areeb_drowsy_normal_0192.jpg,DROWSY,0.12833964567759162,0.12471005461542291,0.13196923673976035,0.8765928728174899,-167.95752831154806,5.649242537943049,-2.2103977683969767,0.4597044485221745,0.6441266362934804,0.27528226075086853,False,True,848,478
datasets\raw\custom_pakistani\DROWSY\areeb_drowsy_normal_0193.jpg,DROWSY,0.14705123417016253,0.15312867281854475,0.14097379552178027,0.9292560943354239,-167.6404734735115,8.133604260206893,-5.167967899103842,0.471449798368845,0.6541659002881365,0.2887336964495535,False,True,848,478
datasets\raw\custom_pakistani\DROWSY\areeb_drowsy_normal_0194.jpg,DROWSY,0.13236873423979634,0.12369308773316653,0.14104438074642617,0.9607203856395885,-165.72469882951847,28.370482968965064,175.33734051772626,0.44241372045196825,0.5803932514458403,0.30443418945809614,True,True,848,478
datasets\raw\custom_pakistani\DROWSY\areeb_drowsy_normal_0195.jpg,DROWSY,0.13882115333200856,0.1450526656986181,0.132589640965399,0.9820888977088547,-166.16122173566384,28.764876866644304,175.1835731045189,0.36165380253023444,0.4659122024209585,0.2573954026395104,True,True,848,478
datasets\raw\custom_pakistani\DROWSY\areeb_drowsy_normal_0196.jpg,DROWSY,0.15519813105564562,0.14364879602239067,0.16674746608890054,1.063808708042111,-167.04475177336258,30.689659845269677,172.75806392599762,0.3491359524236116,0.4221437673048817,0.27612813754234156,True,True,848,478
datasets\raw\custom_pakistani\DROWSY\areeb_drowsy_normal_0197.jpg,DROWSY,0.17751185771040318,0.16189709361792126,0.19312662180288506,0.9361813662715626,-170.17920017194794,11.21588023700393,-8.26530976266932,0.3712425696782423,0.5184902635363341,0.22399487582015054,True,True,848,478
datasets\raw\custom_pakistani\DROWSY\areeb_drowsy_normal_0198.jpg,DROWSY,0.28760167165769995,0.2833748934979332,0.2918284498174667,0.9764657519975349,-164.30168963615432,25.24238562751501,176.54388461566487,0.5496265365941522,0.7291436663005492,0.37010940688775507,False,True,848,478
datasets\raw\custom_pakistani\DROWSY\areeb_drowsy_normal_0199.jpg,DROWSY,0.13389760843667087,0.1324332718576986,0.1353619450156431,0.9186140931093052,-167.39736704592318,6.837766450499196,-5.273831361238486,0.5168842125112849,0.7481859406386961,0.2855824843838736,False,True,848,478
datasets\raw\custom_pakistani\DROWSY\areeb_drowsy_normal_0200.jpg,DROWSY,0.13962038357093648,0.11783114122841254,0.16140962591346045,0.9038784298741183,-156.95980670864554,20.63510726598192,175.49086590055919,0.44459505805936744,0.5872883281673664,0.30190178795136846,True,True,848,478
datasets\raw\custom_pakistani\DROWSY\areeb_drowsy_normal_0201.jpg,DROWSY,0.1431648326464458,0.1327243897338397,0.15360527555905193,0.9846255579946808,-170.6560391797329,28.754342715681933,173.31775255657968,0.44552052537636216,0.5520980669611445,0.33894298379157983,True,True,848,478
datasets\raw\custom_pakistani\DROWSY\areeb_drowsy_normal_0202.jpg,DROWSY,0.14176787210756248,0.1289150097701542,0.15462073444497076,0.9372043204040085,-164.7166433660422,26.651840977074635,176.84391920054688,0.34561977292073826,0.4118346088435374,0.2794049369979391,True,True,848,478
datasets\raw\custom_pakistani\DROWSY\areeb_drowsy_normal_0203.jpg,DROWSY,0.12178981805643113,0.15152193164148747,0.09205770447137478,0.9297648800313698,-172.78729579983093,1.8462612197499082,2.141179440015958,0.41484931085384064,0.6601589023437501,0.1695397193639312,False,True,848,478
datasets\raw\custom_pakistani\DROWSY\areeb_drowsy_normal_0204.jpg,DROWSY,0.27707415697498483,0.2844784949832158,0.2696698189667539,0.8845043740537619,-177.73109743910823,9.095747358051417,4.15825840479451,0.5864066450065989,0.9689824829931973,0.20383080702000045,False,True,848,478
datasets\raw\custom_pakistani\DROWSY\areeb_drowsy_normal_0205.jpg,DROWSY,0.2723483892933802,0.25507603208415386,0.2896207465026065,0.9215097800238151,-174.72827978265266,8.127697767905035,5.370830080298981,0.652380268983895,1.0,0.30476053796779,False,True,848,478
datasets\raw\custom_pakistani\DROWSY\areeb_drowsy_normal_0206.jpg,DROWSY,0.2714915825444603,0.2913445499391679,0.2516386151497527,0.8927839031226531,-179.41583525734305,12.478593786312715,5.724144301583321,0.6860083552506414,1.0,0.3720167105012829,False,True,848,478
datasets\raw\custom_pakistani\DROWSY\areeb_drowsy_normal_0207.jpg,DROWSY,0.21873917994829442,0.208895721571653,0.22858263832493583,0.9132630836646255,-176.25243405372203,8.264532326565257,6.748035420100866,0.7438392685505575,1.0,0.48767853710111503,False,True,848,478
datasets\raw\custom_pakistani\DROWSY\areeb_drowsy_normal_0208.jpg,DROWSY,0.2275990618663543,0.225894657361272,0.22930346637143664,0.9381297991697622,-175.43550427690224,-2.0685799858435208,4.203377543144069,0.7306670138643693,1.0,0.46133402772873855,False,True,848,478
datasets\raw\custom_pakistani\DROWSY\areeb_drowsy_normal_0209.jpg,DROWSY,0.22994254263998598,0.22612391743314686,0.23376116784682513,0.9071866750862758,-175.3946060978199,0.4862433468195676,7.345999897734277,0.6671363068734245,1.0,0.334272613746849,False,True,848,478
datasets\raw\custom_pakistani\DROWSY\areeb_drowsy_normal_0210.jpg,DROWSY,0.2664827444474791,0.28102907317821796,0.2519364157167403,0.8946149284942155,-175.94711520516063,4.6999915812973025,4.772714587941213,0.5645709879441592,0.938853591891619,0.19028838399669926,False,True,848,478
datasets\raw\custom_pakistani\DROWSY\areeb_drowsy_normal_0211.jpg,DROWSY,0.2644695138274083,0.28442222730725775,0.24451680034755885,0.8968153481023395,-176.4962150756003,7.828138763960213,0.9615238762186221,0.5695701223969235,1.0,0.13914024479384696,False,True,848,478
datasets\raw\custom_pakistani\DROWSY\areeb_drowsy_normal_0212.jpg,DROWSY,0.1583463429920001,0.136659853577594,0.1800328324064062,0.9341724320258369,-178.65377388974466,7.013371139964401,0.231515879876321,0.7520169139420168,1.0,0.5040338278840335,False,True,848,478
datasets\raw\custom_pakistani\DROWSY\areeb_drowsy_normal_0213.jpg,DROWSY,0.14289142380436287,0.12826435640993958,0.1575184911987862,0.9312993961288055,-176.8394782701752,2.0134627988166285,4.318228914977119,0.8864191295909625,1.0,0.772838259181925,False,False,848,478
datasets\raw\custom_pakistani\DROWSY\areeb_drowsy_normal_0214.jpg,DROWSY,0.17132774862824396,0.12874161282579422,0.21391388443069373,0.8977463915096284,-171.5119666528975,-1.657309553429254,5.562022633778653,0.6277861240816326,1.0,0.25557224816326524,False,True,848,478
datasets\raw\custom_pakistani\DROWSY\areeb_drowsy_normal_0215.jpg,DROWSY,0.15675391449871795,0.12483789444753106,0.18866993454990483,0.8903895889951223,-170.48706776166847,-0.260076017861608,5.311666246844913,0.62891618760673,1.0,0.25783237521345986,False,True,848,478
datasets\raw\custom_pakistani\DROWSY\areeb_drowsy_normal_0216.jpg,DROWSY,0.19152528353893877,0.16822299704736077,0.21482757003051678,0.9074629443401098,-173.02201899477618,1.1482214406764761,6.206613737472429,0.6262162495974136,1.0,0.25243249919482724,False,True,848,478
datasets\raw\custom_pakistani\DROWSY\areeb_drowsy_normal_0217.jpg,DROWSY,0.21366881963137585,0.19003095398722566,0.23730668527552606,0.8853029674706202,-174.49287875135568,-1.6651914906355485,5.213246696934471,0.627430971304365,1.0,0.25486194260872996,False,True,848,478
datasets\raw\custom_pakistani\DROWSY\areeb_drowsy_normal_0218.jpg,DROWSY,0.21308838523900436,0.20511582393669112,0.22106094654131758,0.8209674687934484,-174.64086950607222,-2.53319346252679,7.159812169883885,0.6537718071542342,1.0,0.3075436143084685,False,True,848,478
datasets\raw\custom_pakistani\DROWSY\areeb_drowsy_normal_0219.jpg,DROWSY,0.18651716811650626,0.208338339165493,0.1646959970675195,0.883987323297788,175.69361742472557,-1.2690936579807333,5.863957056595705,0.6483539255401235,1.0,0.29670785108024694,False,True,848,478
datasets\raw\custom_pakistani\DROWSY\areeb_drowsy_normal_0220.jpg,DROWSY,0.19629941557624725,0.17997828824478848,0.21262054290770602,0.9060187679816739,176.23516606794155,-0.5830256179952406,6.005829743115301,0.6113696953038944,1.0,0.22273939060778886,False,True,848,478
datasets\raw\custom_pakistani\DROWSY\areeb_drowsy_normal_0221.jpg,DROWSY,0.19579474586975343,0.19264811369282892,0.1989413780466779,0.9170965862632349,178.62758715278844,-1.3864351354730629,6.041543312331327,0.6066773374209531,1.0,0.2133546748419061,False,True,848,478
datasets\raw\custom_pakistani\DROWSY\areeb_drowsy_normal_0222.jpg,DROWSY,0.19968029271560273,0.20902741214676748,0.19033317328443794,0.8751751441290139,179.76887160692195,-0.12961219941628818,7.60219892863084,0.6341690373118944,1.0,0.2683380746237889,False,True,848,478
datasets\raw\custom_pakistani\DROWSY\areeb_drowsy_normal_0223.jpg,DROWSY,0.18871894484994017,0.19757246940929887,0.17986542029058145,0.9176932971127403,179.0670880293459,-1.5551142861395229,7.718227890038333,0.6151905868413663,1.0,0.23038117368273267,False,True,848,478
datasets\raw\custom_pakistani\DROWSY\areeb_drowsy_normal_0224.jpg,DROWSY,0.1747237682901436,0.18260906832434862,0.1668384682559386,0.9039935849748202,178.62733988805607,0.7143438722040528,7.282336566637046,0.6415803766273585,1.0,0.28316075325471685,False,True,848,478
datasets\raw\custom_pakistani\DROWSY\areeb_drowsy_normal_0225.jpg,DROWSY,0.17623473990913296,0.1836825218185714,0.1687869579996945,0.9286359974474316,176.64650243711552,0.9716453567471619,6.5383731058006225,0.6274033459063294,1.0,0.25480669181265875,False,True,848,478
datasets\raw\custom_pakistani\DROWSY\areeb_drowsy_normal_0226.jpg,DROWSY,0.1867077029291298,0.1857103819079165,0.1877050239503431,0.8440550825959011,-179.13008682243998,4.724597712128285,7.955227197417065,0.6506164256528488,1.0,0.3012328513056976,False,True,848,478
datasets\raw\custom_pakistani\DROWSY\areeb_drowsy_normal_0227.jpg,DROWSY,0.1944502958956996,0.21310436494958598,0.1757962268418132,0.9708058838879166,-177.90588404846773,-5.238037650063327,8.203758947804287,0.6004855351973013,1.0,0.20097107039460255,False,True,848,478
datasets\raw\custom_pakistani\DROWSY\areeb_drowsy_normal_0228.jpg,DROWSY,0.2379635964357259,0.2243716025717113,0.2515555902997405,0.8351979492778403,-174.7462840705044,4.329926025044879,5.730476456028755,0.5384107548143182,0.9001007678382237,0.1767207417904128,False,True,848,478
datasets\raw\custom_pakistani\DROWSY\areeb_drowsy_normal_0229.jpg,DROWSY,0.2526527302257015,0.2505004773560107,0.2548049830953923,1.021470171211846,-177.60173634430356,8.502807912458284,-2.9293614272993582,0.7065548807699802,1.0,0.41310976153996043,False,True,848,478
datasets\raw\custom_pakistani\DROWSY\areeb_drowsy_normal_0230.jpg,DROWSY,0.12494062471617565,0.11145400556757856,0.13842724386477273,1.092543167367392,-178.5537899199427,8.147099712216782,-5.511232180299595,0.8021358385613846,1.0,0.6042716771227691,False,False,848,478
datasets\raw\custom_pakistani\DROWSY\areeb_drowsy_normal_0231.jpg,DROWSY,0.16786528636714648,0.1702528360424553,0.16547773669183768,0.9389795956019255,179.429680602434,13.42425187639164,-7.287411072270086,0.7631066390850267,1.0,0.5262132781700536,False,True,848,478
datasets\raw\custom_pakistani\DROWSY\areeb_drowsy_normal_0232.jpg,DROWSY,0.1395329955320335,0.14606996398874222,0.13299602707532476,0.9319205093118093,177.7962624359871,16.182156091497944,-8.190265293264982,0.7457036607162263,1.0,0.4914073214324525,False,True,848,478
datasets\raw\custom_pakistani\DROWSY\areeb_drowsy_normal_0233.jpg,DROWSY,0.15242782249817324,0.1792017994483143,0.1256538455480322,0.9161585793202134,-177.4085845594271,15.338383292793855,-11.013989516502432,0.8536285712356466,1.0,0.7072571424712932,False,False,848,478
datasets\raw\custom_pakistani\DROWSY\areeb_drowsy_normal_0234.jpg,DROWSY,0.21860513997081427,0.2501538099867262,0.18705646995490233,0.9068396793043184,-179.84984598382366,24.751219871137405,-7.847735403394533,0.8587657560776327,1.0,0.7175315121552656,False,False,848,478
datasets\raw\custom_pakistani\DROWSY\areeb_drowsy_normal_0235.jpg,DROWSY,0.22215211067353036,0.19792334055383823,0.24638088079322246,0.9383293712414915,-178.97487602730214,26.92812688329559,-7.369788708932435,0.7631550824047696,1.0,0.5263101648095392,False,True,848,478
datasets\raw\custom_pakistani\DROWSY\areeb_drowsy_normal_0236.jpg,DROWSY,0.20690959392724007,0.22509600368290023,0.18872318417157993,0.9762339792137523,179.21687390644436,24.38648308813394,-11.593050506160935,0.7817021261926747,1.0,0.5634042523853494,False,True,848,478
datasets\raw\custom_pakistani\DROWSY\areeb_drowsy_normal_0237.jpg,DROWSY,0.1746233017396338,0.19457339603433052,0.1546732074449371,0.9008799141558529,-176.0144824481607,23.501312249310867,-14.384161237913279,0.7884737099631698,1.0,0.5769474199263395,False,True,848,478
datasets\raw\custom_pakistani\DROWSY\areeb_drowsy_normal_0238.jpg,DROWSY,0.17774233475418993,0.19944703476713369,0.15603763474124616,0.9854303503377785,-176.10688326469813,17.94768032042689,-14.368240784072636,0.9024172515431663,1.0,0.8048345030863325,False,False,848,478
datasets\raw\custom_pakistani\DROWSY\areeb_drowsy_normal_0239.jpg,DROWSY,0.15702452194487404,0.17244735394380828,0.1416016899459398,0.967395755666591,-176.69541393560925,16.903817456655403,-15.402548866728502,0.8198719878622587,1.0,0.6397439757245174,False,False,848,478
datasets\raw\custom_pakistani\DROWSY\areeb_drowsy_normal_0240.jpg,DROWSY,0.1507553370662546,0.18944931498367268,0.11206135914883654,0.9934375749789066,-177.6006210308054,16.482287937064182,-14.90939025806376,0.7700319680804821,1.0,0.5400639361609642,False,True,848,478
datasets\raw\custom_pakistani\DROWSY\areeb_drowsy_normal_0241.jpg,DROWSY,0.14342840776125299,0.14899993772970604,0.13785687779279995,1.0139670228793616,-178.20626073813622,15.85581452759403,-18.026755239278522,0.7749031986971542,1.0,0.5498063973943084,False,True,848,478
datasets\raw\custom_pakistani\DROWSY\areeb_drowsy_normal_0242.jpg,DROWSY,0.15891257867030034,0.20078940269462545,0.11703575464597525,0.97571704722699,-173.92154839830164,10.408102232815224,-16.521695935593993,0.6418518546657088,0.9777869382878285,0.30591677104358905,False,True,848,478
datasets\raw\custom_pakistani\DROWSY\areeb_drowsy_normal_0243.jpg,DROWSY,0.14805577020028882,0.1517686128388666,0.14434292756171105,0.9779685493404972,-174.8322597113087,15.228453070796421,-18.063897777439806,0.6548629545198679,0.9656441825693538,0.344081726470382,False,True,848,478
datasets\raw\custom_pakistani\DROWSY\areeb_drowsy_normal_0244.jpg,DROWSY,0.1458430036504998,0.12320389537075427,0.1684821119302453,1.1108170419122871,-175.6560131909253,9.458698064912072,-18.49203248719804,0.7068445448422996,0.9336537137501031,0.4800353759344962,False,True,848,478
datasets\raw\custom_pakistani\DROWSY\areeb_drowsy_normal_0245.jpg,DROWSY,0.08395317240019905,0.09502716553488179,0.0728791792655163,1.0499914924811113,-171.69228465915893,5.008553710342147,-14.707741602692114,0.6355899840293189,0.8621902402285079,0.4089897278301299,False,True,848,478
datasets\raw\custom_pakistani\DROWSY\areeb_drowsy_normal_0246.jpg,DROWSY,0.1206969436595646,0.16167574630110984,0.07971814101801937,0.9741074628426194,-166.87150276310115,-0.030333495486336105,-7.672424645761652,0.4838112081058667,0.563468880421185,0.40415353579054836,True,True,848,478
datasets\raw\custom_pakistani\DROWSY\areeb_drowsy_normal_0247.jpg,DROWSY,0.09765268200646099,0.09520422301847026,0.10010114099445172,0.8590727629218996,-178.38210554144752,-5.772383092538613,5.507597980996398,0.4725864827469414,0.6423095798675235,0.3028633856263594,False,True,848,478
datasets\raw\custom_pakistani\DROWSY\areeb_drowsy_normal_0248.jpg,DROWSY,0.1351794602034153,0.18858588316118294,0.08177303724564769,0.92199755289703,-173.75026677549855,-6.302473469059857,8.18413387015121,0.6852856447741518,1.0,0.3705712895483036,False,True,848,478
datasets\raw\custom_pakistani\DROWSY\areeb_drowsy_normal_0249.jpg,DROWSY,0.14323022232296828,0.1870740506691825,0.09938639397675403,0.9714590985086394,-171.75904683959308,-16.970321088319032,15.030688662162104,0.5923548840681229,1.0,0.1847097681362457,False,True,848,478
datasets\raw\custom_pakistani\DROWSY\areeb_drowsy_normal_0250.jpg,DROWSY,0.1311926988129058,0.16558631621811,0.0967990814077016,0.8868160441091962,-175.75186607636277,-9.363350801546623,14.055642967377821,0.6044057194310741,1.0,0.20881143886214829,False,True,848,478
datasets\raw\custom_pakistani\DROWSY\areeb_drowsy_normal_0251.jpg,DROWSY,0.07926887748713857,0.10612577295575912,0.05241198201851801,0.8706072443914596,-167.7447416962467,-8.230776012709477,14.81512638896082,0.5949218783712407,1.0,0.18984375674248127,False,True,848,478
datasets\raw\custom_pakistani\DROWSY\areeb_drowsy_normal_0252.jpg,DROWSY,0.10230309282152694,0.1326150179316924,0.0719911677113615,0.8609885777693532,-170.66207350432163,-14.882138399571328,16.368491411964527,0.5415698186076029,0.8818087478483302,0.20133088936687554,False,True,848,478
datasets\raw\custom_pakistani\DROWSY\areeb_drowsy_normal_0253.jpg,DROWSY,0.09531379421986651,0.10658571064659854,0.08404187779313448,0.8864972179950006,-171.08817277364813,-12.459884443713387,16.423863911105617,0.5102487194271904,0.8505529573486058,0.16994448150577493,False,True,848,478
datasets\raw\custom_pakistani\DROWSY\areeb_drowsy_normal_0254.jpg,DROWSY,0.1174234440133215,0.17289474462723048,0.06195214339941253,0.8758937932912175,-173.70114903219985,-10.76888361860835,17.208057541886276,0.6254318989891019,1.0,0.2508637979782038,False,True,848,478
datasets\raw\custom_pakistani\DROWSY\areeb_drowsy_normal_0255.jpg,DROWSY,0.18149710585121479,0.19827428302670558,0.164719928675724,0.8599707172001668,-170.79521871274534,-9.63762876431943,16.540364936503742,0.6403100183602174,0.9810742744450721,0.2995457622753626,False,True,848,478
datasets\raw\custom_pakistani\DROWSY\areeb_drowsy_normal_0256.jpg,DROWSY,0.24747607612093248,0.2298200344734027,0.26513211776846224,0.8456618806157468,-174.3217491375453,-1.7554370539883732,8.974982332173058,0.5466949312824739,0.871122702710573,0.22226715985437487,False,True,848,478
datasets\raw\custom_pakistani\DROWSY\areeb_drowsy_normal_0257.jpg,DROWSY,0.25614138202698167,0.2719624443475832,0.24032031970638018,0.9001377422129486,170.77144052063005,5.093348762004157,2.0330246980958826,0.8547865439107587,1.0,0.7095730878215173,False,False,848,478
datasets\raw\custom_pakistani\DROWSY\areeb_drowsy_normal_0258.jpg,DROWSY,0.13347853568031828,0.16127599203686896,0.10568107932376762,0.9019616632928141,157.9588560207909,-7.433728296847888,3.0010105359266137,0.8292847622323296,0.8262500666026189,0.8323194578620403,False,False,848,478
datasets\raw\custom_pakistani\DROWSY\areeb_drowsy_normal_0259.jpg,DROWSY,0.10128697655835622,0.11827852037365087,0.08429543274306159,0.9382575934473482,161.89351559603716,-7.12677117797904,4.9100275738954515,0.9451472115902126,1.0,0.8902944231804253,False,False,848,478
datasets\raw\custom_pakistani\DROWSY\areeb_drowsy_normal_0260.jpg,DROWSY,0.12929131094636764,0.16313119587292046,0.09545142601981482,0.9331379437413437,167.4678076785257,-11.10483935413033,3.235747982883516,0.837430566661336,1.0,0.6748611333226718,False,False,848,478
datasets\raw\custom_pakistani\DROWSY\areeb_drowsy_normal_0261.jpg,DROWSY,0.10657251109510217,0.15284366394790935,0.06030135824229499,0.9526287788278972,176.76323510201988,-9.289370569834702,2.28992888664723,0.714237368658293,1.0,0.42847473731658603,False,True,848,478
datasets\raw\custom_pakistani\DROWSY\areeb_drowsy_normal_0262.jpg,DROWSY,0.08727847197068458,0.0977613311189403,0.07679561282242889,0.9261361441502068,-177.21133817802155,-12.077423168128956,-0.6150096478001996,0.6056182775122283,0.823521774261896,0.38771478076256066,False,True,848,478
datasets\raw\custom_pakistani\DROWSY\areeb_drowsy_normal_0263.jpg,DROWSY,0.15805535160860262,0.17648855748020226,0.139622145737003,0.9220111880454052,-176.78900341120317,-11.021213040089563,-2.6772073043541376,0.63968273331418,1.0,0.27936546662836,False,True,848,478
datasets\raw\custom_pakistani\DROWSY\areeb_drowsy_normal_0264.jpg,DROWSY,0.1759262473075635,0.2107331156530706,0.14111937896205645,0.8935521039881318,172.91108321398133,-6.59901006589411,-2.1761509058970097,0.7284901877589713,1.0,0.45698037551794257,False,True,848,478
datasets\raw\custom_pakistani\DROWSY\areeb_drowsy_normal_0265.jpg,DROWSY,0.21671726658813834,0.22527632151536445,0.20815821166091222,0.8958061099784094,166.94655086313804,-1.7106782767310444,-3.191297570157372,0.9591432974516056,1.0,0.9182865949032114,False,False,848,478
datasets\raw\custom_pakistani\DROWSY\areeb_drowsy_normal_0266.jpg,DROWSY,0.15496235000466427,0.15553408485535242,0.15439061515397612,0.9116252311566793,163.84560294798783,-3.4852915718293795,-0.9061071981679364,0.8268421461347983,0.856781625012573,0.7969026672570237,False,False,848,478
datasets\raw\custom_pakistani\DROWSY\areeb_drowsy_normal_0267.jpg,DROWSY,0.09341356772104233,0.1088920735424445,0.07793506189964015,0.8017167901236468,160.35653271609456,-5.5177419233344756,4.251673994118279,0.6584635526708177,0.6916054892888327,0.6253216160528027,False,False,848,478
datasets\raw\custom_pakistani\DROWSY\areeb_drowsy_normal_0268.jpg,DROWSY,0.13743408128538587,0.12220629395773418,0.15266186861303754,0.8079812019972754,171.43210111878662,3.5829556501345188,5.714559234048182,0.999278524507861,1.0,0.998557049015722,False,False,848,478
datasets\raw\custom_pakistani\DROWSY\areeb_drowsy_normal_0269.jpg,DROWSY,0.15869703728751025,0.16150155412787917,0.15589252044714133,0.7534245398338804,170.1817418604162,6.841785837173462,7.244401302133405,0.9308028578069976,0.9891647213265425,0.8724409942874527,False,False,848,478
datasets\raw\custom_pakistani\DROWSY\areeb_drowsy_normal_0270.jpg,DROWSY,0.10861264853123744,0.11641061495464539,0.10081468210782948,0.767903030586027,164.73801355469382,6.209568191742129,6.276384977135581,0.7862826460685028,0.5914743711273017,0.9810909210097039,True,False,848,478
datasets\raw\custom_pakistani\DROWSY\areeb_drowsy_normal_0271.jpg,DROWSY,0.141912993995427,0.12956578598138427,0.15426020200946974,0.9663635205490315,161.20693037795095,1.2581338541194849,1.0133858077206594,0.798785475729378,0.9403429725710312,0.6572279788877249,False,False,848,478
datasets\raw\custom_pakistani\DROWSY\areeb_drowsy_normal_0272.jpg,DROWSY,0.2022240987126489,0.1820277153610245,0.22242048206427334,0.9161886810624977,168.0090087145554,-0.7941218511919612,2.235491860028148,0.8016453223746842,1.0,0.6032906447493684,False,False,848,478
datasets\raw\custom_pakistani\DROWSY\areeb_drowsy_normal_0273.jpg,DROWSY,0.14016207860929952,0.13861984327432514,0.14170431394427388,0.888480270774963,164.42413578043593,0.3261944715349402,2.9453563651593866,0.7925012216728631,1.0,0.5850024433457262,False,True,848,478
datasets\raw\custom_pakistani\DROWSY\areeb_drowsy_normal_0274.jpg,DROWSY,0.1662748845704004,0.16878767164337927,0.16376209749742152,0.8767384758969091,166.8370701642084,0.32661621462554774,2.904646392682472,0.8260458060678167,1.0,0.6520916121356335,False,False,848,478
datasets\raw\custom_pakistani\DROWSY\areeb_drowsy_normal_0275.jpg,DROWSY,0.1885435152486084,0.20735529490732627,0.16973173558989055,0.903684630311115,168.6579007638148,2.166877987826143,3.1537701661676527,0.768318367579693,1.0,0.5366367351593859,False,True,848,478
datasets\raw\custom_pakistani\DROWSY\areeb_drowsy_normal_0276.jpg,DROWSY,0.18237762972871352,0.17493856443481376,0.1898166950226133,0.8921585021293972,168.42333552444958,6.666750380947841,2.455550819107319,0.7617993204309951,0.9267636640561575,0.5968349768058326,False,True,848,478
datasets\raw\custom_pakistani\DROWSY\areeb_drowsy_normal_0277.jpg,DROWSY,0.16927707510093032,0.174403621207311,0.16415052899454963,0.8974061487269188,170.46622947550608,2.6038472131538084,1.4389741695045961,0.7844197607978789,1.0,0.5688395215957579,False,True,848,478
datasets\raw\custom_pakistani\DROWSY\areeb_drowsy_normal_0278.jpg,DROWSY,0.14407271281075357,0.19118428889568412,0.09696113672582304,0.9022158855264718,172.4791737725584,0.03786505546677204,3.1942685492596534,0.7187176417313933,1.0,0.43743528346278654,False,True,848,478
datasets\raw\custom_pakistani\DROWSY\areeb_drowsy_normal_0279.jpg,DROWSY,0.12290517153841296,0.13442133982218865,0.11138900325463728,0.9057940636709148,175.9419098681532,-4.03008926057758,3.62042268122874,0.6714168109050095,1.0,0.3428336218100189,False,True,848,478
datasets\raw\custom_pakistani\DROWSY\areeb_drowsy_normal_0280.jpg,DROWSY,0.11330572920914435,0.14271972609710945,0.08389173232117925,0.9169316824476952,-179.43114359149035,-3.58235730605024,2.3464813853187203,0.6238914394824753,0.8709336528213386,0.376849226143612,False,True,848,478
datasets\raw\custom_pakistani\DROWSY\areeb_drowsy_normal_0281.jpg,DROWSY,0.11039564330476266,0.14251042112715417,0.07828086548237115,0.8988876343698302,-177.18689319094975,-4.398026509930364,0.3429801695920961,0.5251679356130099,0.7396032277257177,0.31073264350030194,False,True,848,478
datasets\raw\custom_pakistani\DROWSY\areeb_drowsy_normal_0282.jpg,DROWSY,0.10640494575660363,0.11642808580448714,0.09638180570872011,0.9314429082261878,-172.15696896893985,-3.3124948257572595,0.05558216264075357,0.5739905453852716,0.8756889273356401,0.27229216343490303,False,True,848,478
datasets\raw\custom_pakistani\DROWSY\areeb_drowsy_normal_0283.jpg,DROWSY,0.12357421638975577,0.1390926264150768,0.10805580636443474,0.9314186118388096,-168.5813084673948,-0.42975887223090725,-1.792537770023033,0.4054135191002948,0.602562670724531,0.20826436747605864,False,True,848,478
datasets\raw\custom_pakistani\DROWSY\areeb_drowsy_normal_0284.jpg,DROWSY,0.1014941412898728,0.11438923506641795,0.08859904751332767,0.8907128812791191,-177.26320587639174,1.2439328994993706,-3.242077364322375,0.46862923190880545,0.6583864197530864,0.2788720440645245,False,True,848,478
datasets\raw\custom_pakistani\DROWSY\areeb_drowsy_normal_0285.jpg,DROWSY,0.12069376337291357,0.12704657926064972,0.11434094748517742,0.8988707993566825,175.54659603734896,2.962708887124885,-7.018635558437205,0.6172276356113431,0.859127673580247,0.3753275976424391,False,True,848,478
datasets\raw\custom_pakistani\DROWSY\areeb_drowsy_normal_0286.jpg,DROWSY,0.11658878742658982,0.0963532762595619,0.13682429859361772,0.8828920676768954,172.61139773336572,7.291489932191687,-11.879711488759481,0.6644431107744122,1.0,0.3288862215488244,False,True,848,478
datasets\raw\custom_pakistani\DROWSY\areeb_drowsy_normal_0287.jpg,DROWSY,0.11590899702526514,0.0926553101914735,0.13916268385905678,0.8572251819072533,171.47798340569662,8.001662534206297,-13.086663938359306,0.6681241880144302,1.0,0.3362483760288605,False,True,848,478
datasets\raw\custom_pakistani\DROWSY\areeb_drowsy_normal_0288.jpg,DROWSY,0.12773013453241816,0.08940227312288729,0.166057995941949,0.8699716256866563,172.19225998081671,8.954702786578943,-12.456197966212294,0.5716035841183724,0.8314055912208503,0.3118015770158946,False,True,848,478
datasets\raw\custom_pakistani\DROWSY\areeb_drowsy_normal_0289.jpg,DROWSY,0.24412912546951226,0.20780748700406984,0.2804507639349547,0.8735366260738359,172.51167975748385,8.205461432768152,-10.692143245169339,0.6299945247090655,0.8887544949840498,0.37123455443408104,False,True,848,478
datasets\raw\custom_pakistani\DROWSY\areeb_drowsy_normal_0290.jpg,DROWSY,0.16369980753174482,0.1962026885085676,0.13119692655492204,0.8871153534513275,167.66368793829577,7.900549038422902,-9.045111224954153,0.7038502078012243,0.9705349133755317,0.4371655022269171,False,True,848,478
datasets\raw\custom_pakistani\DROWSY\areeb_drowsy_normal_0291.jpg,DROWSY,0.15232349921032992,0.12883929899970945,0.1758076994209504,0.8714238494371415,168.36992745409685,7.621456623984857,-8.382703744130911,0.7303762676584946,1.0,0.4607525353169892,False,True,848,478
datasets\raw\custom_pakistani\DROWSY\areeb_drowsy_normal_0292.jpg,DROWSY,0.1692156508065602,0.1575839077573381,0.18084739385578233,0.8861661386289885,167.10090646874946,6.0474835101435875,-5.768569006151772,0.7864983058955346,1.0,0.5729966117910691,False,True,848,478
datasets\raw\custom_pakistani\DROWSY\areeb_drowsy_normal_0293.jpg,DROWSY,0.09155330304777232,0.0949584326844759,0.08814817341106873,0.9162608031470897,173.2635842152745,2.9710658214029686,-6.907725413681398,0.6702635786289457,0.8250871056241428,0.5154400516337485,False,True,848,478
datasets\raw\custom_pakistani\DROWSY\areeb_drowsy_normal_0294.jpg,DROWSY,0.2895173689046542,0.2890185333577742,0.2900162044515341,0.9013800233688829,178.18186926661076,10.414230203841335,-5.7307389637642885,0.7135274714153593,1.0,0.4270549428307186,False,True,848,478
datasets\raw\custom_pakistani\DROWSY\areeb_drowsy_normal_0295.jpg,DROWSY,0.14743700601001505,0.17217879204028175,0.12269521997974835,0.8818665920016859,169.78740433287754,3.1493837223365966,0.31293080416994923,0.7289189451920542,0.8402707362487308,0.6175671541353777,False,False,848,478
datasets\raw\custom_pakistani\DROWSY\areeb_drowsy_normal_0296.jpg,DROWSY,0.08191943497360613,0.07019402368928188,0.09364484625793036,0.9043261581112696,163.51586759718344,0.805401175951572,4.791871182271088,0.7898290747228414,0.9330665305746935,0.6465916188709894,False,False,848,478
datasets\raw\custom_pakistani\DROWSY\areeb_drowsy_normal_0297.jpg,DROWSY,0.19799511729267882,0.18262650440965658,0.21336373017570107,0.8927014405585308,168.0652007059346,1.8095195246383593,5.65391971179831,0.8619545863944084,1.0,0.7239091727888167,False,False,848,478
datasets\raw\custom_pakistani\DROWSY\areeb_drowsy_normal_0298.jpg,DROWSY,0.21596293515954865,0.20095810845304318,0.2309677618660541,0.9189478943966304,168.41508970397243,0.3031960056912322,7.792519774433598,0.8383922630280156,1.0,0.6767845260560312,False,False,848,478
datasets\raw\custom_pakistani\DROWSY\areeb_drowsy_normal_0299.jpg,DROWSY,0.1489503164621667,0.14343508985948963,0.15446554306484375,0.9282476376840635,161.243075105309,-0.10534626838002739,8.256648385773115,0.794673445034347,1.0,0.589346890068694,False,True,848,478
datasets\raw\custom_pakistani\DROWSY\areeb_drowsy_normal_0300.jpg,DROWSY,0.12309266010457365,0.14408206945619048,0.1021032507529568,0.9310439997314819,160.84386795287992,0.9989085981706609,8.242577376098255,0.9235460767647423,1.0,0.8470921535294847,False,False,848,478
datasets\raw\custom_pakistani\DROWSY\areeb_drowsy_normal_0301.jpg,DROWSY,0.2077132642303927,0.2180221297955396,0.1974043986652458,0.8956173907172447,164.93695204771458,1.1123136930928057,7.076811574380856,0.9431156886423218,1.0,0.8862313772846435,False,False,848,478
datasets\raw\custom_pakistani\DROWSY\areeb_drowsy_normal_0302.jpg,DROWSY,0.12636653684390076,0.15292602352221918,0.0998070501655823,0.8932359070303222,165.81997778677413,3.773385314604866,6.5493073230996774,0.7663543028261469,0.9170954185710742,0.6156131870812196,False,False,848,478
datasets\raw\custom_pakistani\DROWSY\areeb_drowsy_normal_0303.jpg,DROWSY,0.13774440188307707,0.17771505806129925,0.09777374570485488,0.9140521024929319,166.86143065983825,-5.413738669570651,5.307142221601486,0.7942109384812117,0.9540607317386831,0.6343611452237403,False,False,848,478
datasets\raw\custom_pakistani\DROWSY\areeb_drowsy_normal_0304.jpg,DROWSY,0.13599430303915794,0.1524375590811871,0.11955104699712875,0.9047216039447971,165.48085162836034,-9.245941747933259,-3.4347310404444853,0.8156451152230055,1.0,0.6312902304460111,False,False,848,478
datasets\raw\custom_pakistani\DROWSY\areeb_drowsy_normal_0305.jpg,DROWSY,0.21094314932818137,0.19598675807902372,0.22589954057733905,0.9160324201910124,168.84925440031682,1.9146880837892841,-2.9202891481450957,0.7939794734274138,0.9525581668958085,0.6354007799590191,False,False,848,478
datasets\raw\custom_pakistani\DROWSY\areeb_drowsy_normal_0306.jpg,DROWSY,0.11768336157469163,0.10018412091315831,0.13518260223622494,0.8626209458693312,173.25487600313997,11.086390705600177,-3.5607983695970797,0.6761787410095323,0.7902112883566482,0.5621461936624164,False,True,848,478
datasets\raw\custom_pakistani\DROWSY\areeb_drowsy_normal_0307.jpg,DROWSY,0.22282226154100954,0.2267135763869583,0.2189309466950608,0.7428417050509085,-172.49463328575172,38.84764804898175,-177.24808375164483,1.0,1.0,1.0,False,False,848,478
datasets\raw\custom_pakistani\DROWSY\areeb_drowsy_normal_0308.jpg,DROWSY,0.20493666885991688,0.26447987534771933,0.14539346237211442,0.8252512241192785,-173.4623221642049,22.790516136625886,0.10545267080224945,1.0,1.0,1.0,False,False,848,478
datasets\raw\custom_pakistani\DROWSY\areeb_drowsy_normal_0309.jpg,DROWSY,0.22075480439386985,0.28634820625343393,0.1551614025343058,0.8350744819149367,-175.75614040720123,11.632303210572811,-1.6532910182784442,0.7818326891287877,1.0,0.5636653782575753,False,True,848,478
datasets\raw\custom_pakistani\DROWSY\areeb_drowsy_normal_0310.jpg,DROWSY,0.2181299022550473,0.2384140495767118,0.19784575493338277,0.990251186917758,170.43888050617957,9.835848786520929,-0.2933067971566858,1.0,1.0,1.0,False,False,848,478
datasets\raw\custom_pakistani\DROWSY\areeb_drowsy_normal_0311.jpg,DROWSY,0.20922382232290132,0.21620567469188803,0.20224196995391458,0.9524807101623523,166.63494870992827,-1.24287648043582,-4.810609164616539,1.0,1.0,1.0,False,False,848,478
datasets\raw\custom_pakistani\DROWSY\areeb_drowsy_normal_0312.jpg,DROWSY,0.11417665131570788,0.06855003018601863,0.15980327244539713,1.089719391244434,165.9726523740717,3.0185217846687005,-0.19942146278562722,0.8810196025283289,1.0,0.7620392050566578,False,False,848,478
datasets\raw\custom_pakistani\DROWSY\areeb_drowsy_normal_0313.jpg,DROWSY,0.14405035187402665,0.1417244819688024,0.1463762217792509,0.9056717533105954,167.05399659018553,-0.49967149050769677,0.3940054496829488,0.7340268421225922,0.9734326745287772,0.4946210097164071,False,True,848,478
datasets\raw\custom_pakistani\DROWSY\areeb_drowsy_normal_0314.jpg,DROWSY,0.2598393133587821,0.26758854512181596,0.25209008159574814,0.9075934121159578,175.8608660154062,4.11679076364438,2.5837860897298786,0.8423308130159441,1.0,0.6846616260318883,False,False,848,478
datasets\raw\custom_pakistani\DROWSY\areeb_drowsy_normal_0315.jpg,DROWSY,0.20703660253283562,0.22208689779276172,0.19198630727290952,0.8937699690411153,169.49116235372102,1.2943183576734199,3.586331990707497,0.8044782263332775,1.0,0.6089564526665551,False,False,848,478
datasets\raw\custom_pakistani\DROWSY\areeb_drowsy_normal_0316.jpg,DROWSY,0.18549411839910046,0.18018794099850682,0.19080029579969407,0.8688170999871575,-179.84370399465948,4.633527228524211,-7.02468017043812,0.8138129809775416,1.0,0.6276259619550834,False,False,848,478
datasets\raw\custom_pakistani\DROWSY\areeb_drowsy_normal_0317.jpg,DROWSY,0.20196472053983666,0.24411161429211795,0.15981782678755538,0.8312029628255567,-172.61346117230627,-2.2507311219828816,-2.5429804982364823,0.6964920542709054,1.0,0.392984108541811,False,True,848,478
datasets\raw\custom_pakistani\DROWSY\areeb_drowsy_normal_0318.jpg,DROWSY,0.33004458755985155,0.33326510549006,0.32682406962964305,0.9353155167670854,175.11063906726923,5.007009219116542,2.938846885236902,0.730947041049104,1.0,0.4618940820982081,False,True,848,478
datasets\raw\custom_pakistani\DROWSY\areeb_drowsy_normal_0319.jpg,DROWSY,0.2872900146013422,0.2871555730160877,0.2874244561865966,0.8907641676580499,173.99437930385753,6.509143043581302,2.3652663312556412,0.7057741576713712,1.0,0.4115483153427425,False,True,848,478
datasets\raw\custom_pakistani\DROWSY\areeb_drowsy_normal_0320.jpg,DROWSY,0.2960370319050849,0.29260980194588193,0.2994642618642879,0.8984103727551546,174.05954416155038,4.554060658603239,2.3571470752805768,0.7319531377256322,1.0,0.46390627545126434,False,True,848,478
datasets\raw\custom_pakistani\DROWSY\areeb_drowsy_normal_0321.jpg,DROWSY,0.20452315832742332,0.21545516458791425,0.1935911520669324,0.9275554260523867,170.39532221939,0.46795671619599694,3.3987033337079673,0.8180691852118931,1.0,0.6361383704237861,False,False,848,478
datasets\raw\custom_pakistani\DROWSY\areeb_drowsy_normal_0322.jpg,DROWSY,0.13280585389090802,0.1651840108120677,0.1004276969697483,0.922602650134252,168.81862598160873,0.2434367189661049,1.013917644293553,0.7983495215223155,1.0,0.596699043044631,False,True,848,478
datasets\raw\custom_pakistani\DROWSY\areeb_drowsy_normal_0323.jpg,DROWSY,0.16256349622135458,0.18112944353757737,0.1439975489051318,0.9028364065068315,164.94939562294965,3.325427043846928,-1.7601704521423707,0.7730388043760861,1.0,0.5460776087521723,False,True,848,478
datasets\raw\custom_pakistani\DROWSY\areeb_drowsy_normal_0324.jpg,DROWSY,0.1690188986569618,0.16353269567660483,0.17450510163731872,0.8788690317956005,169.98519491434251,3.266445729699859,0.27240930789703954,0.6611135550213675,0.860791172542735,0.4614359375,False,True,848,478
datasets\raw\custom_pakistani\DROWSY\areeb_drowsy_normal_0325.jpg,DROWSY,0.20622937088742874,0.2030774751103732,0.20938126666448428,0.8832813605669488,172.19038797006823,1.4819735995134042,4.141190068352095,0.7077356916128401,1.0,0.41547138322568017,False,True,848,478
datasets\raw\custom_pakistani\DROWSY\areeb_drowsy_normal_0326.jpg,DROWSY,0.27842296896724567,0.2789521348926944,0.27789380304179695,0.8721657583408049,173.90304390620813,4.519241028107489,3.547673884850874,0.785496785116655,1.0,0.57099357023331,False,True,848,478
datasets\raw\custom_pakistani\DROWSY\areeb_drowsy_normal_0327.jpg,DROWSY,0.20569737156013945,0.20981861507330343,0.20157612804697547,0.9125637773212252,172.35356787796835,0.9413199172147267,2.2297731708359807,0.7963600270234261,1.0,0.5927200540468522,False,True,848,478
datasets\raw\custom_pakistani\DROWSY\areeb_drowsy_normal_0328.jpg,DROWSY,0.3274440069383442,0.3046423712664901,0.35024564261019836,0.8839569592064619,178.151688723305,7.459205031243594,1.6094036434263046,0.6897706332662197,1.0,0.3795412665324394,False,True,848,478
datasets\raw\custom_pakistani\DROWSY\areeb_drowsy_normal_0329.jpg,DROWSY,0.2630621906075311,0.2541839094055078,0.2719404718095545,0.8951083046012707,176.61803724151832,2.6184591447192322,2.7658551463722065,0.7280851996887157,1.0,0.4561703993774313,False,True,848,478
datasets\raw\custom_pakistani\DROWSY\areeb_drowsy_normal_0330.jpg,DROWSY,0.21155910141751516,0.19756953200733304,0.2255486708276973,0.8845230282670297,171.92636585826324,1.1951073839724267,3.262106439255703,0.7428812794438305,1.0,0.485762558887661,False,True,848,478
datasets\raw\custom_pakistani\DROWSY\areeb_drowsy_normal_0331.jpg,DROWSY,0.17358981839699655,0.17163365445954773,0.17554598233444538,0.9127232236917052,172.03977549289738,-1.1546781918171343,4.611336227892278,0.7305269309325331,1.0,0.4610538618650662,False,True,848,478
datasets\raw\custom_pakistani\DROWSY\areeb_drowsy_normal_0332.jpg,DROWSY,0.17752165399507167,0.2105052849271956,0.14453802306294772,0.8799049287923042,172.4844401001026,-1.8200519121232717,5.918735048203724,0.5713902043663703,0.858649920368523,0.2841304883642178,False,True,848,478
datasets\raw\custom_pakistani\DROWSY\areeb_drowsy_normal_0333.jpg,DROWSY,0.18050183154258592,0.20156358872110594,0.15944007436406588,0.8914378406131427,174.03625408677797,0.8806947292981145,5.805731266699551,0.5162706950970699,0.7033578489998844,0.3291835411942555,False,True,848,478
datasets\raw\custom_pakistani\DROWSY\areeb_drowsy_normal_0334.jpg,DROWSY,0.23291114962750892,0.21233661833854786,0.25348568091647,0.8805725697454453,176.38126227790636,4.804801354150698,3.2636646213323868,0.6927577891567321,1.0,0.3855155783134642,False,True,848,478
datasets\raw\custom_pakistani\DROWSY\areeb_drowsy_normal_0335.jpg,DROWSY,0.24253015540071038,0.24569999982492435,0.23936031097649643,0.8883463934915757,176.76613022685638,5.733217495096649,3.1075396500743184,0.6683418898445468,1.0,0.3366837796890937,False,True,848,478
datasets\raw\custom_pakistani\DROWSY\areeb_drowsy_normal_0336.jpg,DROWSY,0.06344852189223878,0.06243033930794056,0.06446670447653699,0.8884861689878134,169.20971069431485,3.031487329424366,-0.022547790501096586,0.796779677034557,0.9485005798707293,0.6450587741983845,False,False,848,478
datasets\raw\custom_pakistani\DROWSY\areeb_drowsy_normal_0337.jpg,DROWSY,0.1591468603624568,0.145460692437054,0.17283302828785957,0.8993762344502174,173.63044627355012,4.270013604627826,-0.15528524453202186,0.570083067376471,0.6205725527854724,0.5195935819674696,False,True,848,478
datasets\raw\custom_pakistani\DROWSY\areeb_drowsy_normal_0338.jpg,DROWSY,0.19880807110291845,0.21556277948255714,0.18205336272327977,0.8741241731557771,174.11414940398606,3.5718940476125747,0.7777283100393929,0.5904742136983963,0.6247848756787222,0.5561635517180702,False,True,848,478
datasets\raw\custom_pakistani\DROWSY\areeb_drowsy_normal_0339.jpg,DROWSY,0.08048038319779077,0.07144162509505855,0.08951914130052299,0.8849551425193802,169.82981842113304,0.1473684222473388,1.9712379710681227,0.5480607078650597,0.6671652816251155,0.4289561341050039,False,True,848,478
datasets\raw\custom_pakistani\DROWSY\areeb_drowsy_normal_0340.jpg,DROWSY,0.08577251544224807,0.08352218509876308,0.08802284578573304,0.8955928030344893,171.9975064905066,-0.364781943469696,2.4349233738363587,0.5169012711245919,0.5988267870907542,0.4349757551584297,True,True,848,478
datasets\raw\custom_pakistani\DROWSY\areeb_drowsy_normal_0341.jpg,DROWSY,0.15709326058115242,0.154540241234319,0.15964627992798583,0.8816879397762448,172.62398403614532,2.1911701368705003,1.8290434164677976,0.548005153227263,0.5947788402344409,0.501231466220085,True,True,848,478
datasets\raw\custom_pakistani\DROWSY\areeb_drowsy_normal_0342.jpg,DROWSY,0.10877690536947698,0.12104071173767904,0.09651309900127492,0.9016564502634244,167.94835821243018,-1.5083739518332475,3.2157378133817827,0.5832632114134457,0.593992567736366,0.5725338550905256,True,True,848,478
datasets\raw\custom_pakistani\DROWSY\areeb_drowsy_normal_0343.jpg,DROWSY,0.11315642281777455,0.09339899645480013,0.13291384918074897,0.9197797803628808,166.27890318837348,-1.442193379244476,4.344706301760791,0.6470426317552506,0.7332473264357395,0.5608379370747616,False,True,848,478
datasets\raw\custom_pakistani\DROWSY\areeb_drowsy_normal_0344.jpg,DROWSY,0.15274146877102135,0.13069556283702366,0.17478737470501904,0.8978405025492177,171.0168888163323,0.8933340520242129,5.267559877511931,0.5670881161710303,0.5537181301775148,0.5804581021645457,True,True,848,478
datasets\raw\custom_pakistani\DROWSY\areeb_drowsy_normal_0345.jpg,DROWSY,0.16033072983015378,0.14229076030975607,0.17837069935055153,0.9255988125260086,170.39444758992707,-4.003424901066171,6.608743896143579,0.44920170469507714,0.41797212588021565,0.4804312835099387,True,True,848,478
datasets\raw\custom_pakistani\DROWSY\areeb_drowsy_normal_0346.jpg,DROWSY,0.1272995341715628,0.1524070801732002,0.10219198816992545,0.9030376064155583,166.8768120273936,-1.494252476726459,5.017136421083366,0.4798002215230033,0.4856064206222223,0.4739940224237843,True,True,848,478
datasets\raw\custom_pakistani\DROWSY\areeb_drowsy_normal_0347.jpg,DROWSY,0.1833515583457441,0.16824164305444347,0.19846147363704472,0.8931232184931225,171.46349001101774,1.1173888224827278,2.92660291995971,0.6061878008619279,0.6247558855363763,0.5876197161874795,False,True,848,478
datasets\raw\custom_pakistani\DROWSY\areeb_drowsy_normal_0348.jpg,DROWSY,0.09137927757529322,0.08688708567606562,0.09587146947452083,0.8885496776437545,169.28055361621222,1.589220971884697,-0.3143989536776877,0.6486345635935175,0.6319540935138162,0.6653150336732188,False,False,848,478
datasets\raw\custom_pakistani\DROWSY\areeb_drowsy_normal_0349.jpg,DROWSY,0.18585988766388695,0.15102846153763355,0.22069131379014037,0.897138206742418,169.58657891156258,2.98144190373101,-0.5290233098944108,0.5743991251743346,0.5439222759796317,0.6048759743690375,True,False,848,478
datasets\raw\custom_pakistani\DROWSY\areeb_drowsy_normal_0350.jpg,DROWSY,0.28109677846684394,0.308273030617563,0.2539205263161249,0.8789856208553437,171.04279829351015,9.510173113525223,-2.287897835254061,0.5430228705341154,0.61011393350483,0.4759318075634007,False,True,848,478
datasets\raw\custom_pakistani\DROWSY\areeb_drowsy_normal_0351.jpg,DROWSY,0.19750459317389724,0.1922598123886614,0.20274937395913306,0.9213847677986113,168.91455086452112,9.905538197436094,-4.169950964161166,0.40494160305487836,0.43823670233848594,0.37164650377127084,True,True,848,478
datasets\raw\custom_pakistani\DROWSY\areeb_drowsy_normal_0352.jpg,DROWSY,0.08917002466955343,0.08496944872587431,0.09337060061323256,0.9143836796152398,168.5532761180851,6.6094981581344125,-3.498302382960016,0.3792838427062537,0.3696039597722667,0.3889637256402408,True,True,848,478
datasets\raw\custom_pakistani\DROWSY\areeb_drowsy_normal_0353.jpg,DROWSY,0.09348533077290777,0.061274451704791,0.12569620984102456,0.8734456871198298,169.6217613863226,5.591615435603767,-2.3011570639080587,0.4670958363451151,0.4463695687362701,0.4878221039539601,True,True,848,478
datasets\raw\custom_pakistani\DROWSY\areeb_drowsy_normal_0354.jpg,DROWSY,0.11511851428732098,0.09298692501236479,0.13725010356227718,0.8816537358141889,167.86556028391595,5.503704141227303,-2.1370203800046736,0.4216272930818853,0.3990755552623652,0.4441790309014053,True,True,848,478
datasets\raw\custom_pakistani\DROWSY\areeb_drowsy_normal_0355.jpg,DROWSY,0.09753695935803819,0.08456765421480356,0.11050626450127282,0.8830987679087795,168.1235262104469,5.998615717572109,-1.892144796101438,0.5272649629924497,0.5447223783327246,0.5098075476521747,True,True,848,478
datasets\raw\custom_pakistani\DROWSY\areeb_drowsy_normal_0356.jpg,DROWSY,0.1616494887267863,0.14935143354283184,0.1739475439107408,0.8783141193170513,170.98873533471877,9.875187077248363,-0.8129365513915087,0.4714237709531933,0.4604063825953786,0.482441159311008,True,True,848,478
datasets\raw\custom_pakistani\DROWSY\areeb_drowsy_normal_0357.jpg,DROWSY,0.07628410658791987,0.06693068001445544,0.0856375331613843,0.8887782120262187,169.73598354221636,7.028007467118534,0.9645357473634205,0.4937034542662776,0.5816343069816466,0.4057726015509085,True,True,848,478
datasets\raw\custom_pakistani\DROWSY\areeb_drowsy_normal_0358.jpg,DROWSY,0.0863723667806186,0.0797546402152288,0.09299009334600841,0.9014499251823204,174.97136337374707,1.9550836567221586,1.9156172332884684,0.47433941323861506,0.5798862373715992,0.368792589105631,True,True,848,478
datasets\raw\custom_pakistani\DROWSY\areeb_drowsy_normal_0359.jpg,DROWSY,0.08252699535189126,0.08601251513190573,0.0790414755718768,0.8961431708179327,-179.70364554865063,0.6150452834657764,1.9609567905803753,0.3975240656329396,0.4738530818850684,0.32119504938081084,True,True,848,478
datasets\raw\custom_pakistani\DROWSY\areeb_drowsy_normal_0360.jpg,DROWSY,0.09432886400271204,0.09159356301271925,0.09706416499270482,0.9322927357719137,-173.46531448714663,1.6790499322149717,1.4329062505598487,0.3795327532196917,0.4925174746470947,0.2665480317922887,True,True,848,478
datasets\raw\custom_pakistani\DROWSY\areeb_drowsy_normal_0361.jpg,DROWSY,0.17605221745033522,0.21162272693949227,0.1404817079611782,0.8735746498934923,-178.99882387094416,9.489224428976994,0.11118751927291123,0.36617696392228666,0.460935375757108,0.2714185520874653,True,True,848,478
datasets\raw\custom_pakistani\DROWSY\areeb_drowsy_normal_0362.jpg,DROWSY,0.2733347697696197,0.26838692224481453,0.27828261729442477,0.8824610700183241,174.0592533178972,11.445487477269841,-2.2147216556015223,0.5339404091986972,0.6017923159532141,0.4660885024441802,False,True,848,478
datasets\raw\custom_pakistani\DROWSY\areeb_drowsy_normal_0363.jpg,DROWSY,0.10674379438673653,0.10808329791950737,0.10540429085396569,0.8780215656920433,169.61254191819134,6.9502652438747194,-5.370147083465462,0.4473415909749934,0.46711152866025224,0.4275716532897345,True,True,848,478
datasets\raw\custom_pakistani\DROWSY\areeb_drowsy_normal_0364.jpg,DROWSY,0.08907667072517599,0.10245752522577843,0.07569581622457354,0.8701604002405912,168.44651132427626,7.2260035820799775,-7.01185243154359,0.33473023551030157,0.311416595952999,0.35804387506760416,True,True,848,478
datasets\raw\custom_pakistani\DROWSY\areeb_drowsy_normal_0365.jpg,DROWSY,0.07563016536435307,0.06653797832920773,0.08472235239949842,0.8694896920217385,171.06948256311054,7.853378766214409,-7.201942201970817,0.32448410724010546,0.30519872395061726,0.3437694905295936,True,True,848,478
datasets\raw\custom_pakistani\DROWSY\areeb_drowsy_normal_0366.jpg,DROWSY,0.07053421913047021,0.0625986563493673,0.07846978191157312,0.8788753421419776,174.26648503878212,8.422689700022774,-8.970155699889801,0.26472256398719185,0.24661372064578063,0.282831407328603,True,True,848,478
datasets\raw\custom_pakistani\DROWSY\areeb_drowsy_normal_0367.jpg,DROWSY,0.0731339714833854,0.06908605570057674,0.07718188726619404,0.892332852704414,176.34855967102553,10.527483855056307,-8.922940378218234,0.253717443209518,0.2589327597227805,0.2485021266962555,True,True,848,478
datasets\raw\custom_pakistani\DROWSY\areeb_drowsy_normal_0368.jpg,DROWSY,0.07682110835219931,0.06480199896150697,0.08884021774289165,0.8962497936568701,-178.04055011507094,9.61370547321836,-7.70243909247603,0.23226888540470747,0.28522923930035665,0.17930853150905832,True,True,848,478
datasets\raw\custom_pakistani\DROWSY\areeb_drowsy_normal_0369.jpg,DROWSY,0.06898350172084627,0.05878974173777458,0.07917726170391796,0.8667347750138166,-179.38975974260276,6.912381214983625,-7.497638656953058,0.3473277294620325,0.35811954842543076,0.33653591049863424,True,True,848,478
datasets\raw\custom_pakistani\DROWSY\areeb_drowsy_normal_0370.jpg,DROWSY,0.2039844776233485,0.1729410424237403,0.2350279128229567,0.8684256295153645,179.78269094628874,7.266591276575181,-2.6060211484272955,0.45895399411909443,0.4884062715318869,0.429501716706302,True,True,848,478
datasets\raw\custom_pakistani\DROWSY\areeb_drowsy_normal_0371.jpg,DROWSY,0.09083813296581805,0.09507969063533267,0.08659657529630345,0.8838601123290867,-176.5115444537744,-7.85089908167156,4.321002445963287,0.32633079519639485,0.39136675861614134,0.26129483177664836,True,True,848,478
datasets\raw\custom_pakistani\DROWSY\areeb_drowsy_normal_0372.jpg,DROWSY,0.08183132925697822,0.07984774525134154,0.0838149132626149,0.8946061836802988,-176.1782839204406,-10.684765942616583,9.395291183930498,0.3109493263275169,0.2985236526550338,0.32337499999999997,True,True,848,478
datasets\raw\custom_pakistani\DROWSY\areeb_drowsy_normal_0373.jpg,DROWSY,0.07954521402801201,0.07201040813245009,0.08708001992357393,0.8998195830028721,-179.76155981661387,-10.321246369609202,10.974696077941575,0.2868556654939445,0.2959330262665272,0.2777783047213617,True,True,848,478
datasets\raw\custom_pakistani\DROWSY\areeb_drowsy_normal_0374.jpg,DROWSY,0.0790243039820906,0.08463752706933127,0.07341108089484993,0.9057857846392257,179.01075414313814,-8.510360134238462,11.768282334783754,0.2970154791637669,0.28875545341282727,0.3052755049147065,True,True,848,478
datasets\raw\custom_pakistani\DROWSY\areeb_drowsy_normal_0375.jpg,DROWSY,0.08394483173459408,0.10055283479290102,0.06733682867628714,0.9026661124061868,-179.72053243750753,-9.771131190885486,11.694012131600578,0.32030524740967103,0.31806635149276696,0.3225441433265751,True,True,848,478
datasets\raw\custom_pakistani\DROWSY\areeb_drowsy_normal_0376.jpg,DROWSY,0.08341488926777219,0.09573570592021588,0.07109407261532848,0.8768431117017336,-177.13271701442272,-8.600315841252575,11.568674501478545,0.29687601861655677,0.2819707862082545,0.311781251024859,True,True,848,478
datasets\raw\custom_pakistani\DROWSY\areeb_drowsy_normal_0377.jpg,DROWSY,0.11672359981380326,0.13290157791788187,0.10054562170972466,0.9096412157348521,-179.86946249692804,-8.977972050824656,11.240805287641406,0.3171448978306364,0.3119524625798921,0.3223373330813807,True,True,848,478
datasets\raw\custom_pakistani\DROWSY\areeb_drowsy_normal_0378.jpg,DROWSY,0.24571474305024243,0.24648886154361918,0.24494062455686572,0.8861933087604653,175.20002583175068,-2.4338225568619314,5.636284607585189,0.544919879724227,0.6341975363391492,0.45564222310930463,False,True,848,478
datasets\raw\custom_pakistani\DROWSY\areeb_drowsy_normal_0379.jpg,DROWSY,0.11470107412129855,0.08874932748901776,0.14065282075357935,0.8770114356019396,169.8358292587522,-0.8973216522250805,5.851327950042329,0.539263671311388,0.5244779451444092,0.5540493974783668,True,True,848,478
datasets\raw\custom_pakistani\DROWSY\areeb_drowsy_normal_0380.jpg,DROWSY,0.0747391615079861,0.07417346857631019,0.07530485443966199,0.9044670581370529,169.08703637745,-1.816856187935244,7.166244819119319,0.4805329483793459,0.47262317143326754,0.48844272532542427,True,True,848,478
datasets\raw\custom_pakistani\DROWSY\areeb_drowsy_normal_0381.jpg,DROWSY,0.1159179979771319,0.13755809206137426,0.09427790389288954,0.9106438677084037,165.92164052146083,1.265746184862642,4.874156913589375,0.6593625115015742,0.6919907651974622,0.6267342578056864,False,False,848,478
datasets\raw\custom_pakistani\DROWSY\areeb_drowsy_normal_0382.jpg,DROWSY,0.12496764501820476,0.09252939591937152,0.157405894117038,0.986949671549295,166.0576855772591,2.2703560725733163,1.6590767647592075,0.6146475349497567,0.6609109787244595,0.568384091175054,False,True,848,478
datasets\raw\custom_pakistani\DROWSY\areeb_drowsy_normal_0383.jpg,DROWSY,0.11443005428161052,0.11474246948983478,0.11411763907338626,0.9235922572087265,169.70187564033483,-5.5108903966390805,-4.301900203076592,1.0,1.0,1.0,False,False,848,478
datasets\raw\custom_pakistani\DROWSY\areeb_drowsy_normal_0384.jpg,DROWSY,0.10385840274646,0.06554908542399847,0.1421677200689215,0.828186991927129,172.77452466170703,-0.7557579271914998,-3.8969473140309248,0.9242338146465607,0.8484676292931216,1.0,False,False,848,478
datasets\raw\custom_pakistani\DROWSY\areeb_drowsy_normal_0385.jpg,DROWSY,0.11510675994449815,0.1252944129945574,0.10491910689443888,0.7760849165009596,173.67698656136756,0.3736710615039263,-5.0751814818237815,0.9974903034929579,0.9949806069859158,1.0,False,False,848,478
datasets\raw\custom_pakistani\DROWSY\areeb_drowsy_normal_0386.jpg,DROWSY,0.09762750081713858,0.07522998449913391,0.12002501713514326,1.1385244547065323,162.79462909309512,-2.4248919621426723,1.2025321881750142,0.7593872988733015,0.8603929512155984,0.6583816465310046,False,False,848,478
datasets\raw\custom_pakistani\DROWSY\areeb_drowsy_normal_0387.jpg,DROWSY,0.09213926983710903,0.09352549746570614,0.09075304220851192,0.9781430226863361,161.36355854443613,-13.926037891601124,5.520129100949515,0.5641702394473587,0.5721641073763288,0.5561763715183884,True,True,848,478
datasets\raw\custom_pakistani\DROWSY\areeb_drowsy_normal_0388.jpg,DROWSY,0.09882708577314524,0.08105350654545575,0.11660066500083473,0.9626063423807573,166.88094404734775,-12.528168183695271,10.064705035994951,0.45326951802650034,0.3942999164777472,0.5122391195752535,True,True,848,478
datasets\raw\custom_pakistani\DROWSY\areeb_drowsy_normal_0389.jpg,DROWSY,0.0630519725651839,0.056871813894039724,0.06923213123632807,0.941900760868702,165.7391176049396,-8.162543217587825,9.16193390593292,0.4240018256577567,0.397463819393718,0.45053983192179536,True,True,848,478
datasets\raw\custom_pakistani\DROWSY\areeb_drowsy_normal_0390.jpg,DROWSY,0.08668315060265788,0.08039911896949072,0.09296718223582506,0.9313642779962313,166.61051761840557,-7.16493418747572,8.460051345109829,0.5001492639253375,0.5294704004937292,0.47082812735694596,True,True,848,478
datasets\raw\custom_pakistani\DROWSY\areeb_drowsy_normal_0391.jpg,DROWSY,0.09613829004707306,0.0700225830763803,0.12225399701776582,0.921393954672114,168.65610921916186,-3.521037571565662,9.081957391307283,0.4283072996626306,0.4457484293439445,0.41086616998131675,True,True,848,478
datasets\raw\custom_pakistani\DROWSY\areeb_drowsy_normal_0392.jpg,DROWSY,0.1428152530069263,0.1480673034487707,0.1375632025650819,0.9116484696267149,170.1890561846189,-1.4042442467416392,6.98989914731253,0.4513116650553145,0.5202778943209876,0.3823454357896415,True,True,848,478
datasets\raw\custom_pakistani\DROWSY\areeb_drowsy_normal_0393.jpg,DROWSY,0.20378004365739122,0.20461374970289484,0.20294633761188763,0.8969403853678949,169.2639118682812,6.436349568610439,1.0886928341068134,0.6976855357164498,0.7759050226306828,0.6194660488022167,False,False,848,478
datasets\raw\custom_pakistani\DROWSY\syed_drowsy_normal_0000.jpg,DROWSY,0.1933347110197448,0.19707112997230372,0.18959829206718593,0.8892079561358907,-169.630489591641,19.720223080436956,3.157395024785691,0.6985378091771698,1.0,0.39707561835433963,False,True,480,848
datasets\raw\custom_pakistani\DROWSY\syed_drowsy_normal_0003.jpg,DROWSY,0.15051609868541171,0.21228379584217888,0.08874840152864458,0.8459675379213313,166.8067267314286,49.22420849998929,160.20840339928077,0.3073798766327671,0.4802812908191038,0.1344784624464304,True,True,480,848
datasets\raw\custom_pakistani\DROWSY\syed_drowsy_normal_0006.jpg,DROWSY,0.30747583413819374,0.28740647639583544,0.32754519188055203,0.9025061015126907,-159.91599404640655,23.631919092086786,-4.3438373818685605,0.4560664811865125,0.7267409635028886,0.1853919988701363,False,True,480,848
datasets\raw\custom_pakistani\DROWSY\syed_drowsy_normal_0013.jpg,DROWSY,0.2760317259244644,0.19394518994353224,0.3581182619053966,0.8806020454034449,-161.0566029067837,29.005047278468062,5.9731055964818776,0.6576333616657022,1.0,0.3152667233314043,False,True,480,848
datasets\raw\custom_pakistani\DROWSY\syed_drowsy_normal_0020.jpg,DROWSY,0.24943970324413717,0.1780057096838682,0.32087369680440614,0.839337406414084,-173.8589013815336,30.99359343433968,0.5958559026949536,0.6552326953005925,1.0,0.31046539060118505,False,True,480,848
datasets\raw\custom_pakistani\DROWSY\syed_drowsy_normal_0023.jpg,DROWSY,0.14556173087786772,0.11570438733011565,0.1754190744256198,0.7264002041183542,177.98303908295983,20.29658104801889,-3.12893079862828,0.8907241126386267,0.7814482252772535,1.0,False,False,480,848
datasets\raw\custom_pakistani\DROWSY\syed_drowsy_normal_0024.jpg,DROWSY,0.20045025292346794,0.18693273104765537,0.2139677747992805,0.7475699066417594,179.71661105103308,30.378071386350463,-5.959918972123242,0.6044189088598403,0.2088378177196805,1.0,True,False,480,848
datasets\raw\custom_pakistani\DROWSY\syed_drowsy_normal_0026.jpg,DROWSY,0.09109430384305511,0.08343219629903285,0.09875641138707739,1.0124958747979271,-165.54981184034435,24.79433312254304,3.0833241032078327,0.6558698046841488,1.0,0.3117396093682976,False,True,480,848
datasets\raw\custom_pakistani\DROWSY\syed_drowsy_normal_0027.jpg,DROWSY,0.31234297080993717,0.3005203645843505,0.32416557703552384,1.0108016035434668,-169.8435190526472,24.324773906966794,5.0641891112337465,0.5860522813386345,0.8842337221301776,0.28787084054709144,False,True,480,848
datasets\raw\custom_pakistani\DROWSY\syed_drowsy_normal_0028.jpg,DROWSY,0.2601793854078913,0.2786076167224095,0.24175115409337317,1.1275774442411366,-177.11517328825187,25.149427634550406,5.650656266541675,0.6160968716141937,1.0,0.23219374322838726,False,True,480,848
datasets\raw\custom_pakistani\DROWSY\syed_drowsy_normal_0029.jpg,DROWSY,0.12102565289054963,0.16786515924109285,0.07418614654000641,1.1009816171502802,-171.1667831224211,26.414808989859186,9.489397568110736,0.6257639768954263,1.0,0.2515279537908526,False,True,480,848
datasets\raw\custom_pakistani\DROWSY\syed_drowsy_normal_0030.jpg,DROWSY,0.09780191233096613,0.15182310010387165,0.04378072455806062,1.0860230260413564,-178.02105813148398,22.65756524610564,11.077476186289214,0.6944488243158226,1.0,0.38889764863164517,False,True,480,848
datasets\raw\custom_pakistani\DROWSY\syed_drowsy_normal_0031.jpg,DROWSY,0.09938431415483592,0.15713258546803774,0.04163604284163411,0.9389703975428875,177.65068964220256,22.898037593997934,12.32971491645363,0.6109676406097782,0.9473064750706179,0.27462880614893825,False,True,480,848
datasets\raw\custom_pakistani\DROWSY\syed_drowsy_normal_0032.jpg,DROWSY,0.05577420166023504,0.03376917860279378,0.07777922471767632,0.9252001694004287,174.30969749142315,24.803044595236525,12.531694187255054,1.0,1.0,1.0,False,False,480,848
datasets\raw\custom_pakistani\DROWSY\syed_drowsy_normal_0033.jpg,DROWSY,0.06915461340435186,0.0774219446085815,0.06088728220012223,0.9169834334331934,177.1427100098312,23.905560685076534,12.510222023973125,1.0,1.0,1.0,False,False,480,848
datasets\raw\custom_pakistani\DROWSY\syed_drowsy_normal_0034.jpg,DROWSY,0.15550766009290992,0.19543824164500462,0.11557707854081521,0.7963957417281428,-178.60094714647965,19.558063174671798,16.947387079961143,0.7964501817867036,1.0,0.5929003635734073,False,True,480,848
datasets\raw\custom_pakistani\DROWSY\syed_drowsy_normal_0035.jpg,DROWSY,0.06285825328262308,0.06020105610625331,0.06551545045899285,0.7992070096830611,-179.95487668415095,21.060089133726468,20.963410424298182,0.8024016780041843,1.0,0.6048033560083685,False,False,480,848
datasets\raw\custom_pakistani\DROWSY\syed_drowsy_normal_0036.jpg,DROWSY,0.26018404893861147,0.25004828259278616,0.2703198152844367,0.8687841016244108,175.5323366822468,21.00938448319315,-160.60972474034654,0.5319408905423548,0.597309666727379,0.4665721143573307,True,True,480,848
datasets\raw\custom_pakistani\DROWSY\syed_drowsy_normal_0037.jpg,DROWSY,0.07568919123103565,0.07174987277757369,0.0796285096844976,0.9373544618668606,-172.29839558490622,18.73592918384832,17.820401814458478,0.6476746532046848,0.8808205888359075,0.41452871757346194,False,True,480,848
datasets\raw\custom_pakistani\DROWSY\syed_drowsy_normal_0038.jpg,DROWSY,0.24920726558351444,0.27335493400529814,0.22505959716173074,1.006893612200851,-171.4358492164255,25.10512072338868,10.940372337850453,0.4288750521249284,0.4170904947212913,0.4406596095285654,True,True,480,848
datasets\raw\custom_pakistani\DROWSY\syed_drowsy_normal_0039.jpg,DROWSY,0.2798343764658274,0.28289145037876945,0.2767773025528853,0.9356945949314646,-168.7841516532533,26.0674961361732,7.193420166407095,0.5502670389176982,0.48261061641958003,0.6179234614158164,True,False,480,848
datasets\raw\custom_pakistani\DROWSY\syed_drowsy_normal_0040.jpg,DROWSY,0.25576543620774117,0.237300004910615,0.27423086750486736,0.9941682253168599,-170.9251428943538,22.290292305977566,5.034101496740326,0.5189136406692691,0.5013503101303534,0.536476971208185,True,True,480,848
datasets\raw\custom_pakistani\DROWSY\syed_drowsy_normal_0041.jpg,DROWSY,0.3135758029136926,0.3233642810798457,0.30378732474753944,0.8960012940505969,-167.6487447723746,24.619517314299515,4.020460590369145,0.6295314349700637,0.5211736146549216,0.7378892552852058,True,False,480,848
datasets\raw\custom_pakistani\DROWSY\syed_drowsy_normal_0042.jpg,DROWSY,0.25062168321366257,0.2485497896722225,0.2526935767551026,0.900235023103916,-171.16786334580092,24.34429388951152,3.431236135646207,0.4668639440924837,0.4395519346691871,0.4941759535157803,True,True,480,848
datasets\raw\custom_pakistani\DROWSY\syed_drowsy_normal_0043.jpg,DROWSY,0.2619262610127701,0.2466084424593368,0.2772440795662034,0.8003524564748927,-177.60776698915723,29.07604744165227,2.1247595216196524,0.0776872196175723,0.09388014874580991,0.06149429048933468,True,True,480,848
datasets\raw\custom_pakistani\DROWSY\syed_drowsy_normal_0044.jpg,DROWSY,0.14586731667746694,0.12685644841125396,0.16487818494367992,0.9745011218133669,-166.97451457496362,21.155689375604897,16.165158770128578,0.2213067911224343,0.13833459555555558,0.30427898668931297,True,True,480,848
datasets\raw\custom_pakistani\DROWSY\syed_drowsy_normal_0045.jpg,DROWSY,0.3487453705092832,0.3468547237153797,0.3506360173031867,1.0478265985445578,-164.4241981340424,24.848075615095066,15.691976173980885,0.36415655869332936,0.2912486694425667,0.437064447944092,True,True,480,848
datasets\raw\custom_pakistani\DROWSY\syed_drowsy_normal_0046.jpg,DROWSY,0.3231635683351393,0.31510712668338425,0.3312200099868944,0.9666785123886261,-168.59159005946992,28.07153262823231,12.958373442950357,0.3493125033541945,0.3350318577989292,0.3635931489094599,True,True,480,848
datasets\raw\custom_pakistani\DROWSY\syed_drowsy_normal_0047.jpg,DROWSY,0.22845600294587592,0.20378482547912413,0.2531271804126277,1.013992283064992,-172.68150881524318,28.704911071629297,9.886050538687517,0.335708100942127,0.332515413350233,0.338900788534021,True,True,480,848
datasets\raw\custom_pakistani\DROWSY\syed_drowsy_normal_0048.jpg,DROWSY,0.07233670724859305,0.0518454214504385,0.09282799304674759,0.9418618968595666,-179.50271964506518,30.311858610543517,6.983912591371084,0.3355318768590729,0.21644290920644196,0.45462084451170376,True,True,480,848
datasets\raw\custom_pakistani\DROWSY\syed_drowsy_normal_0049.jpg,DROWSY,0.07388283397551544,0.032584322085995494,0.11518134586503538,1.0427662502635575,-178.9329874963073,31.561578841590343,5.428421891884771,0.35038033960869147,0.27370585880150394,0.427054820415879,True,True,480,848
datasets\raw\custom_pakistani\DROWSY\syed_drowsy_normal_0050.jpg,DROWSY,0.07085781929702253,0.05520431671578308,0.08651132187826198,0.9809874425960471,-179.94300495558585,34.23256573208008,2.750761731558679,0.4433419431338137,0.40516896389693785,0.4815149223706895,True,True,480,848
datasets\raw\custom_pakistani\DROWSY\syed_drowsy_normal_0051.jpg,DROWSY,0.06809371165406432,0.04309483746382826,0.09309258584430039,1.007626011324072,-178.19767223772308,34.897344020864395,1.1616048944768786,0.42740105511670634,0.3946744092199308,0.46012770101348194,True,True,480,848
datasets\raw\custom_pakistani\DROWSY\syed_drowsy_normal_0052.jpg,DROWSY,0.0626826447538765,0.038448848780961054,0.08691644072679193,1.005206097099964,-177.10226634676513,35.89368844506461,-1.8263018152029629,0.34174801918933845,0.28072545801419635,0.40277058036448055,True,True,480,848
datasets\raw\custom_pakistani\DROWSY\syed_drowsy_normal_0053.jpg,DROWSY,0.3154100196099192,0.3092335587464786,0.32158648047335975,1.0413367559763262,-171.95466390795738,37.6007772215377,0.5858833246679114,0.4885209309266145,0.6145840671016349,0.3624577947515941,False,True,480,848
datasets\raw\custom_pakistani\DROWSY\syed_drowsy_normal_0054.jpg,DROWSY,0.35705157113083374,0.3626893800092414,0.3514137622524261,1.04100969689034,-171.89642991315384,37.508929561002596,1.3205026351396068,0.6192188096887261,0.7356948748643477,0.5027427445131046,False,True,480,848
datasets\raw\custom_pakistani\DROWSY\syed_drowsy_normal_0055.jpg,DROWSY,0.14201920680562166,0.18518479813432281,0.09885361547692051,1.0048860104591306,-175.6792792715339,37.6044089339579,0.5640483486615727,0.6544749191589403,0.8458791816775124,0.4630706566403681,False,True,480,848
datasets\raw\custom_pakistani\DROWSY\syed_drowsy_normal_0056.jpg,DROWSY,0.0630701805539461,0.06752274437647282,0.05861761673141939,1.039610898753407,-179.68687379945385,34.687734524826325,-0.8118883395889701,0.44108968554372513,0.4464321794894428,0.43574719159800746,True,True,480,848
datasets\raw\custom_pakistani\DROWSY\syed_drowsy_normal_0057.jpg,DROWSY,0.04607213928661482,0.020111691204045268,0.07203258736918437,0.9818782485114748,178.67099265974576,36.02566812151779,-0.8614906936754043,0.452203280063496,0.3390986335368995,0.5653079265900925,True,True,480,848
datasets\raw\custom_pakistani\DROWSY\syed_drowsy_normal_0058.jpg,DROWSY,0.3078445631406666,0.3537425784400089,0.2619465478413243,0.9360004616660723,-175.5723754107353,37.07407332783703,1.529777296862664,0.6230118187644496,0.6553479508183884,0.5906756867105106,False,True,480,848
datasets\raw\custom_pakistani\DROWSY\syed_drowsy_normal_0059.jpg,DROWSY,0.3374693105740042,0.3647268291812518,0.31021179196675663,0.9983001696214638,-176.1361249798155,36.98408208445132,0.8058605951089788,0.607315133811659,0.7090213959928119,0.5056088716305062,False,True,480,848
datasets\raw\custom_pakistani\DROWSY\syed_drowsy_normal_0060.jpg,DROWSY,0.04994882080919812,0.028800946761445026,0.07109669485695122,1.0132554002212404,177.36620723965714,36.407903127569185,-1.4780551724776727,0.6340380422282008,0.5593227460840157,0.7087533383723859,True,False,480,848
datasets\raw\custom_pakistani\DROWSY\syed_drowsy_normal_0061.jpg,DROWSY,0.346683623385545,0.3620591668645954,0.3313080799064946,1.0165349087115103,-177.67821282632246,38.651921589107026,-0.2669175384601588,0.5687940280000933,0.5708837029853262,0.5667043530148603,True,True,480,848
datasets\raw\custom_pakistani\DROWSY\syed_drowsy_normal_0062.jpg,DROWSY,0.35807837971008516,0.3491836163867497,0.36697314303342055,1.0161223104958952,-177.48579177249633,38.41386680089347,-0.5787634263693545,0.6131698026680953,0.7023926224003353,0.5239469829358553,False,True,480,848
datasets\raw\custom_pakistani\DROWSY\syed_drowsy_normal_0063.jpg,DROWSY,0.36837453733826747,0.37241768170092643,0.3643313929756085,1.0286935450900003,-175.37646515743003,35.914789909901145,-0.10893838154447574,0.605751648433641,0.7715888463150528,0.43991445055222933,False,True,480,848
datasets\raw\custom_pakistani\DROWSY\syed_drowsy_normal_0064.jpg,DROWSY,0.36509758031310957,0.36729846345346534,0.3628966971727538,1.0059767776960469,-175.14369275714537,36.08578266432789,0.594080504074212,0.7110579186419489,0.9161672035555438,0.505948633728354,False,True,480,848
datasets\raw\custom_pakistani\DROWSY\syed_drowsy_normal_0065.jpg,DROWSY,0.2128693141396145,0.23401965752740045,0.19171897075182853,1.013257487639422,167.45703617979186,46.006943670834666,171.0121728738494,0.3739851360875962,0.1902456628001924,0.557724609375,True,True,480,848
datasets\raw\custom_pakistani\DROWSY\syed_drowsy_normal_0066.jpg,DROWSY,0.3635148390543391,0.35629899479445354,0.37073068331422465,1.0216412545713756,-173.6933356471942,37.55887391450018,0.6905529813377658,0.5353779204095752,0.6485659408029101,0.42218990001624035,False,True,480,848
datasets\raw\custom_pakistani\DROWSY\syed_drowsy_normal_0067.jpg,DROWSY,0.35648493776839385,0.3604487372565773,0.3525211382802104,0.9946793528250492,-175.4476637024741,36.8357568048556,0.29921953194001916,0.5193979648116939,0.5559562780394484,0.4828396515839393,True,True,480,848
datasets\raw\custom_pakistani\DROWSY\syed_drowsy_normal_0068.jpg,DROWSY,0.37331604055612255,0.38372207160312155,0.36291000950912355,1.0085747170598098,-175.07378949348202,36.01758145311782,0.29618786516458795,0.6099859727556263,0.7897934307209212,0.4301785147903312,False,True,480,848
datasets\raw\custom_pakistani\DROWSY\syed_drowsy_normal_0069.jpg,DROWSY,0.0891246248699795,0.07957216651773953,0.09867708322221948,0.9882190938832077,165.35180369169558,44.23780792192283,171.80367090946075,0.43345050092950327,0.3601356252456547,0.5067653766133519,True,True,480,848
datasets\raw\custom_pakistani\DROWSY\syed_drowsy_normal_0070.jpg,DROWSY,0.09182949963237019,0.07401581994434155,0.10964317932039884,0.9936680807494771,179.33013417410197,37.85675627193808,-4.0359698251491745,0.4701503132672182,0.37416830822565716,0.5661323183087792,True,True,480,848
datasets\raw\custom_pakistani\DROWSY\syed_drowsy_normal_0071.jpg,DROWSY,0.05328358602469918,0.034060398690135905,0.07250677335926246,0.9831731700644388,165.76198878885404,48.18491934419718,165.03575752481296,0.45830328063508396,0.3943727307316941,0.5222338305384738,True,True,480,848
datasets\raw\custom_pakistani\DROWSY\syed_drowsy_normal_0072.jpg,DROWSY,0.06168667093944131,0.046633813289645595,0.07673952858923702,1.0358716563701842,165.32239593788557,49.29394533555065,162.16545424089523,0.4880722105949116,0.3424262065891681,0.6337182146006551,True,False,480,848
datasets\raw\custom_pakistani\DROWSY\syed_drowsy_normal_0073.jpg,DROWSY,0.09757447900743432,0.12071192536446433,0.0744370326504043,0.9882762093255976,164.8839828826863,51.72098614217919,161.79467187795603,0.4418892756893836,0.24904651075088158,0.6347320406278856,True,False,480,848
datasets\raw\custom_pakistani\DROWSY\syed_drowsy_normal_0074.jpg,DROWSY,0.2777035184199482,0.3026169774321435,0.252790059407753,0.9929404030025878,176.802038654593,32.137168941685374,-4.675289819975735,0.4554915435300201,0.4769507654577885,0.43403232160225175,True,True,480,848
datasets\raw\custom_pakistani\DROWSY\syed_drowsy_normal_0075.jpg,DROWSY,0.10821356255687713,0.09586749617328855,0.12055962894046571,0.9457944956718929,177.9666608406019,34.18520810259961,-5.335059771010852,0.4441897726085178,0.4393550471921539,0.4490244980248816,True,True,480,848
datasets\raw\custom_pakistani\DROWSY\syed_drowsy_normal_0076.jpg,DROWSY,0.2948524511185189,0.3232342930538279,0.2664706091832098,1.0142711674953648,-179.82287939751433,34.024035599161046,-3.1026868724892496,0.5128020731653199,0.4977537898258618,0.527850356504778,True,True,480,848
datasets\raw\custom_pakistani\DROWSY\syed_drowsy_normal_0077.jpg,DROWSY,0.31120291899429353,0.3450385113177814,0.2773673266708056,0.9794963805985708,-177.22682059814588,33.2155688438198,-0.8667051437694077,0.732746967215203,0.663700258021345,0.8017936764090611,False,False,480,848
datasets\raw\custom_pakistani\DROWSY\syed_drowsy_normal_0078.jpg,DROWSY,0.04820888202203359,0.010923293834213938,0.08549447020985325,0.9953594539379644,177.50901622097513,33.09411511935901,-2.5763697638316274,0.43695429861322554,0.32291855933852603,0.5509900378879251,True,True,480,848
datasets\raw\custom_pakistani\DISTRACTED\abrar_distracted_normal_0000.jpg,DISTRACTED,0.23840115591921385,0.25057662574969625,0.22622568608873142,0.9429001296002472,170.77382068447454,3.1705029683128085,-1.211700446994505,0.7236036130564178,1.0,0.44720722611283575,False,True,478,850
datasets\raw\custom_pakistani\DISTRACTED\abrar_distracted_normal_0004.jpg,DISTRACTED,0.1771153056477794,0.12999404222100067,0.2242365690745581,1.007509285238254,152.13629068740798,-56.8113163000115,-178.37016053668648,0.127432543570302,0.1767876035319891,0.07807748360861491,True,True,478,850
datasets\raw\custom_pakistani\DISTRACTED\abrar_distracted_normal_0005.jpg,DISTRACTED,0.20324493632792098,0.16640188605753176,0.2400879865983102,1.0577015921613557,154.95056684097136,-54.78470554341973,-176.81809594310502,0.28446885876410744,0.5261968226910055,0.04274089483720934,True,True,478,850
datasets\raw\custom_pakistani\DISTRACTED\abrar_distracted_normal_0009.jpg,DISTRACTED,0.2873249420327083,0.3418984588083935,0.2327514252570232,1.061994127327297,178.51392216455702,-52.434650864204855,-174.77947027831488,0.18662469316765684,0.33650283064913467,0.036746555686178996,True,True,478,850
datasets\raw\custom_pakistani\DISTRACTED\abrar_distracted_normal_0010.jpg,DISTRACTED,0.14930060223643565,0.203940434058737,0.09466077041413434,0.8568809713663995,-173.13777281595708,10.906924797376899,-2.7547349397403846,0.07033138316856857,0.07516211734693878,0.06550064899019835,True,True,478,850
datasets\raw\custom_pakistani\DISTRACTED\abrar_distracted_normal_0011.jpg,DISTRACTED,0.16411373998028214,0.25687395347542513,0.07135352648513914,0.9253159558416623,176.16136905148343,5.612154227697545,-0.4002371831108543,0.048018893901067214,0.052607262888552074,0.04343052491358236,True,True,478,850
datasets\raw\custom_pakistani\DISTRACTED\abrar_distracted_normal_0014.jpg,DISTRACTED,0.22558661401518748,0.2301306353314973,0.22104259269887763,0.9944178493475696,173.9636985907433,-10.202999763471981,-16.975286251160384,0.12146696662545152,0.17703775997020021,0.06589617328070282,True,True,478,850
datasets\raw\custom_pakistani\DISTRACTED\abrar_distracted_normal_0015.jpg,DISTRACTED,0.18403053512910905,0.12309400417935744,0.24496706607886068,1.0242420891040969,-169.33241015003946,0.0558798764503782,-26.616020465127747,0.20818114158296694,0.3335058386039957,0.08285644456193818,True,True,478,850
datasets\raw\custom_pakistani\DISTRACTED\abrar_distracted_normal_0016.jpg,DISTRACTED,0.23691249709006196,0.2557649970033728,0.21805999717675112,0.9797256511743043,-163.6409736809853,20.29114730775944,176.9166361299005,0.32562428802085935,0.599202619398785,0.05204595664293369,True,True,478,850
datasets\raw\custom_pakistani\DISTRACTED\abrar_distracted_normal_0017.jpg,DISTRACTED,0.19618071655668684,0.1683369079081418,0.2240245252052319,0.8526505428127582,163.5461613512194,7.86940489129883,-7.967442932292307,0.2299378879660608,0.3523082241023851,0.10756755182973646,True,True,478,850
datasets\raw\custom_pakistani\DISTRACTED\abrar_distracted_normal_0018.jpg,DISTRACTED,0.20738552811416625,0.3231837656385364,0.09158729058979607,0.8277386536290005,-175.3546574831105,27.536983405412396,8.877521359712778,0.06141143029618996,0.08822344778282046,0.03459941280955946,True,True,478,850
datasets\raw\custom_pakistani\DISTRACTED\abrar_distracted_normal_0019.jpg,DISTRACTED,0.15341483178919674,0.2243555502922297,0.0824741132861638,0.8300976386941229,172.57680211137318,26.324401247427414,179.05989778024883,0.07066867611014441,0.10320950166524943,0.038127850555039366,True,True,478,850
datasets\raw\custom_pakistani\DISTRACTED\abrar_distracted_normal_0020.jpg,DISTRACTED,0.19612743190023452,0.17756455950774785,0.21469030429272118,0.7966476413488376,126.2473319707719,62.40923199012078,151.6268900199519,0.8385678299066144,1.0,0.6771356598132289,False,False,478,850
datasets\raw\custom_pakistani\DISTRACTED\abrar_distracted_normal_0021.jpg,DISTRACTED,0.2191791294262871,0.18453874134742168,0.2538195175051525,0.7725466786383351,131.57972108165546,63.90895760875616,149.51400666724027,0.3581255826972434,0.27695916972911827,0.4392919956653686,True,True,478,850
datasets\raw\custom_pakistani\DISTRACTED\abrar_distracted_normal_0022.jpg,DISTRACTED,0.23073682334623546,0.22859419506113002,0.2328794516313409,0.972822817680874,164.8982202307863,7.775678008631367,-2.13206592053669,0.44779980577704803,0.6227022159094477,0.2728973956446484,False,True,478,850
datasets\raw\custom_pakistani\DISTRACTED\abrar_distracted_normal_0023.jpg,DISTRACTED,0.2613175438992612,0.2574430967331357,0.2651919910653867,0.9110875501485113,164.8225084776447,0.3078936276067084,0.2690704817668469,0.796812366595779,0.9420508988810583,0.6515738343104998,False,False,478,850
datasets\raw\custom_pakistani\DISTRACTED\abrar_distracted_normal_0024.jpg,DISTRACTED,0.253976562692211,0.28878674916275915,0.2191663762216629,0.8795272269965588,162.42815184845003,-0.15672931609513324,0.1546268477590739,0.884912412774539,1.0,0.769824825549078,False,False,478,850
datasets\raw\custom_pakistani\DISTRACTED\abrar_distracted_normal_0025.jpg,DISTRACTED,0.2371092156113087,0.24179507148192084,0.2324233597406966,0.8961305373554062,162.1618011666406,-20.54294222923323,-4.991377336647891,0.7584211313503562,0.6236226693105946,0.8932195933901177,False,False,478,850
datasets\raw\custom_pakistani\DISTRACTED\abrar_distracted_normal_0026.jpg,DISTRACTED,0.22393351599817382,0.23881605656646576,0.20905097542988188,0.9042831623119707,-165.2868670144742,9.324115552912781,172.36416117333354,1.0,1.0,1.0,False,False,478,850
datasets\raw\custom_pakistani\DISTRACTED\abrar_distracted_normal_0027.jpg,DISTRACTED,0.23393728654507934,0.23747785732147736,0.23039671576868131,1.0371258999150283,163.9545886483871,-19.511755232007403,-2.5640394765251475,0.9593428399244901,1.0,0.9186856798489802,False,False,478,850
datasets\raw\custom_pakistani\DISTRACTED\abrar_distracted_normal_0028.jpg,DISTRACTED,0.21261242098144034,0.20644360868280412,0.21878123328007656,0.9926111491485532,159.05527872119143,-13.377749483014766,1.3355880961941717,0.3177479628281055,0.4006245874529087,0.23487133820330236,True,True,478,850
datasets\raw\custom_pakistani\DISTRACTED\abrar_distracted_normal_0029.jpg,DISTRACTED,0.1987904421829947,0.18877686836149088,0.20880401600449847,0.9259173654935291,155.1880621176788,-0.32972860712160074,2.251294101786586,0.553252517591397,0.6925220565784413,0.41398297860435274,False,True,478,850
datasets\raw\custom_pakistani\DISTRACTED\abrar_distracted_normal_0030.jpg,DISTRACTED,0.2005352074857112,0.21188948991537274,0.18918092505604964,0.9193488505013289,158.11387551049214,3.1996959433749432,-0.4616910458157791,0.7457203666753889,0.9988321767053248,0.4926085566454529,False,True,478,850
datasets\raw\custom_pakistani\DISTRACTED\abrar_distracted_normal_0031.jpg,DISTRACTED,0.2091600708594031,0.2094445372592482,0.20887560445955802,0.9257250773057043,159.68671512656715,2.9123508322939875,-0.4328209724762089,0.7772371868088558,1.0,0.5544743736177116,False,True,478,850
datasets\raw\custom_pakistani\DISTRACTED\abrar_distracted_normal_0032.jpg,DISTRACTED,0.21616315939305056,0.22225012382431797,0.21007619496178315,0.9281050270834523,163.16585580515982,3.944418105679726,0.4993353857808322,0.7053079548333561,0.9915013789549305,0.41911453071178173,False,True,478,850
datasets\raw\custom_pakistani\DISTRACTED\abrar_distracted_normal_0033.jpg,DISTRACTED,0.21676381464773198,0.2233991403290708,0.21012848896639316,0.8647002681175737,169.0951777227885,-4.272806074567886,-0.8834633370801592,0.31721762535986964,0.30373504195078743,0.3307002087689518,True,True,478,850
datasets\raw\custom_pakistani\DISTRACTED\abrar_distracted_normal_0034.jpg,DISTRACTED,0.216879047693027,0.23796905925299214,0.19578903613306184,0.9060928115264674,-168.58875995335993,12.040570341950563,167.45533464874413,0.08314684903598013,0.10397123307314173,0.06232246499881852,True,True,478,850
datasets\raw\custom_pakistani\DISTRACTED\abrar_distracted_normal_0035.jpg,DISTRACTED,0.1965319692021083,0.15274596578567504,0.2403179726185416,0.9881898533137559,-169.80685834164794,10.905150845825053,167.74554936114197,0.10081353777280885,0.1387090964773207,0.06291797906829703,True,True,478,850
datasets\raw\custom_pakistani\DISTRACTED\abrar_distracted_normal_0036.jpg,DISTRACTED,0.2073261708184166,0.22534791425549033,0.18930442738134284,0.732150206994461,163.12820185491583,7.619956008231377,3.384632931949533,0.5820096841923785,1.0,0.16401936838475697,False,True,478,850
datasets\raw\custom_pakistani\DISTRACTED\abrar_distracted_normal_0037.jpg,DISTRACTED,0.18702454724686268,0.19765744830324147,0.17639164619048386,1.1627241707522142,156.96178071166452,11.064620449752384,1.6987562676324501,0.3258215686923275,0.5234796988848545,0.12816343849980055,True,True,478,850
datasets\raw\custom_pakistani\DISTRACTED\abrar_distracted_normal_0038.jpg,DISTRACTED,0.18763654852463435,0.16489247904923174,0.210380618000037,0.9236877974271309,150.94492669604344,7.985256373580177,6.435170501815967,0.4194337967157951,0.6247553120248808,0.2141122814067095,False,True,478,850
datasets\raw\custom_pakistani\DISTRACTED\abrar_distracted_normal_0042.jpg,DISTRACTED,0.2760140662013876,0.22381257392748855,0.32821555847528655,1.178647367989418,140.7294116121711,-60.98064558322875,-131.1374834847295,0.6047138174708179,1.0,0.20942763494163572,False,True,478,850
datasets\raw\custom_pakistani\DISTRACTED\abrar_distracted_normal_0045.jpg,DISTRACTED,0.23844684143418682,0.22629662902528816,0.2505970538430855,0.9240417815135261,-177.40643658109803,-77.28077715429464,-179.46621382541565,0.060997973573550406,0.09125515122873347,0.030740795918367345,True,True,478,850
datasets\raw\custom_pakistani\DISTRACTED\abrar_distracted_normal_0046.jpg,DISTRACTED,0.20823704411261917,0.2569750451148379,0.15949904311040045,1.0400243960651256,160.6487002026523,-0.8470012660763468,4.408290686954493,0.08713860545273475,0.12947056172815694,0.044806649177312544,True,True,478,850
datasets\raw\custom_pakistani\DISTRACTED\areeb_distracted_normal_0000.jpg,DISTRACTED,0.2681742607044443,0.27399282678299175,0.2623556946258968,0.890595408201242,179.33674622041153,9.317900836635577,1.1192872971633057,0.6323190490124874,0.8571504960317462,0.4074876019932286,False,True,848,478
datasets\raw\custom_pakistani\DISTRACTED\areeb_distracted_normal_0001.jpg,DISTRACTED,0.26892242544450773,0.2838879893368505,0.25395686155216496,0.9079637684650945,171.9952129856505,5.8783956599588665,0.4064864608027738,0.7947928569432566,0.8353151792263681,0.7542705346601452,False,False,848,478
datasets\raw\custom_pakistani\DISTRACTED\areeb_distracted_normal_0002.jpg,DISTRACTED,0.2554641523949155,0.2639974962674013,0.2469308085224296,0.905677434779587,172.53134555186986,2.0001304729263762,0.8354147921901061,0.8232007544249356,0.9450551668883752,0.7013463419614959,False,False,848,478
datasets\raw\custom_pakistani\DISTRACTED\areeb_distracted_normal_0003.jpg,DISTRACTED,0.11494593496460537,0.13813959393274328,0.09175227599646744,0.880006208082368,172.24807366441817,4.027525108460685,1.7303491351279146,0.6207514585361631,0.6928098933273275,0.5486930237449988,False,True,848,478
datasets\raw\custom_pakistani\DISTRACTED\areeb_distracted_normal_0004.jpg,DISTRACTED,0.23471576885668588,0.2387420626429236,0.23068947507044812,0.8728712357037903,176.07956105738847,5.472286498315176,0.9902288317512055,0.7215273553751498,0.8335172118916438,0.6095374988586558,False,False,848,478
datasets\raw\custom_pakistani\DISTRACTED\areeb_distracted_normal_0005.jpg,DISTRACTED,0.24248455838322497,0.251910246207067,0.23305887055938299,0.8916809039431562,175.80933847925928,4.308196190371528,0.8586064440698022,0.6359652523265081,0.7824876714471892,0.489442833205827,False,True,848,478
datasets\raw\custom_pakistani\DISTRACTED\areeb_distracted_normal_0006.jpg,DISTRACTED,0.23683885825847453,0.2539421453852278,0.21973557113172126,0.8775891087289439,175.9302878903302,2.627050241502626,0.9368062063785193,0.6266618580781778,0.717459036689468,0.5358646794668874,False,True,848,478
datasets\raw\custom_pakistani\DISTRACTED\areeb_distracted_normal_0007.jpg,DISTRACTED,0.2591663836751137,0.26224835661305085,0.25608441073717647,0.90765320554855,176.8477339833613,-10.369883973086521,0.02369084160610127,0.7342124276457143,0.8871718559105917,0.5812529993808367,False,True,848,478
datasets\raw\custom_pakistani\DISTRACTED\areeb_distracted_normal_0008.jpg,DISTRACTED,0.2891104214929836,0.2745982185907759,0.3036226243951913,0.9320882419710576,172.68003041359114,-21.031471664399202,0.5838928220142309,0.8401668129604931,1.0,0.6803336259209862,False,False,848,478
datasets\raw\custom_pakistani\DISTRACTED\areeb_distracted_normal_0009.jpg,DISTRACTED,0.27586795357610105,0.25039908184307635,0.3013368253091257,0.93871421150221,169.39366243857947,-35.55120589974831,0.7663251627294875,0.9209135244392621,1.0,0.8418270488785241,False,False,848,478
datasets\raw\custom_pakistani\DISTRACTED\areeb_distracted_normal_0010.jpg,DISTRACTED,0.2802208018540289,0.26551035144198,0.29493125226607786,0.9085371697924404,170.14734120592598,-37.35907443243038,-0.3054460272161599,0.914473324908589,1.0,0.8289466498171781,False,False,848,478
datasets\raw\custom_pakistani\DISTRACTED\areeb_distracted_normal_0011.jpg,DISTRACTED,0.2708781349729653,0.2537589324218716,0.2879973375240591,0.9149988517653911,169.47662081899264,-37.22741701998997,0.951960372809662,0.9192679988662131,1.0,0.8385359977324263,False,False,848,478
datasets\raw\custom_pakistani\DISTRACTED\areeb_distracted_normal_0012.jpg,DISTRACTED,0.278158104804903,0.26214367987550835,0.29417252973429764,0.9045571066608201,170.60442110393765,-37.87204097048471,1.4726274458874655,0.8737597561157406,1.0,0.7475195122314813,False,False,848,478
datasets\raw\custom_pakistani\DISTRACTED\areeb_distracted_normal_0013.jpg,DISTRACTED,0.2801156144535931,0.26446338759534394,0.29576784131184236,0.9142111640880011,173.5628976804329,-41.767337837307856,3.3848861895918683,0.8665393720414201,1.0,0.7330787440828401,False,False,848,478
datasets\raw\custom_pakistani\DISTRACTED\areeb_distracted_normal_0014.jpg,DISTRACTED,0.26472317953906677,0.2850685420042461,0.24437781707388748,0.9691014801846715,157.27419161918058,-48.47992627471817,-165.04148088412353,0.9196303739753899,1.0,0.8392607479507798,False,False,848,478
datasets\raw\custom_pakistani\DISTRACTED\areeb_distracted_normal_0015.jpg,DISTRACTED,0.2670376920877082,0.252100602458173,0.2819747817172434,0.9478176838595663,166.92260116013048,-39.61487877447253,3.787051160087422,0.8350671940698855,1.0,0.6701343881397709,False,False,848,478
datasets\raw\custom_pakistani\DISTRACTED\areeb_distracted_normal_0016.jpg,DISTRACTED,0.2690814692287135,0.2708019171372293,0.26736102132019773,0.9306454276202852,157.39412192140205,-43.67937092970961,-170.14270706036524,1.0,1.0,1.0,False,False,848,478
datasets\raw\custom_pakistani\DISTRACTED\areeb_distracted_normal_0017.jpg,DISTRACTED,0.26139357263342616,0.24335076818268883,0.27943637708416347,0.9457353932238807,165.3373024931068,-36.33245946535494,5.745228990813723,1.0,1.0,1.0,False,False,848,478
datasets\raw\custom_pakistani\DISTRACTED\areeb_distracted_normal_0018.jpg,DISTRACTED,0.2508284247272719,0.2392850325086812,0.2623718169458626,0.927691488759492,166.40295490081613,-34.79096275121115,6.004724634147641,0.9307653645920626,1.0,0.8615307291841251,False,False,848,478
datasets\raw\custom_pakistani\DISTRACTED\areeb_distracted_normal_0019.jpg,DISTRACTED,0.23275658046797565,0.22324532342111492,0.24226783751483638,0.9265499219817027,165.95321586477715,-3.9459179627274654,2.8255838964897575,1.0,1.0,1.0,False,False,848,478
datasets\raw\custom_pakistani\DISTRACTED\areeb_distracted_normal_0020.jpg,DISTRACTED,0.25632205911625516,0.24693661923566687,0.2657074989968434,0.8779696170731278,173.6052533716475,0.9104884063365339,-0.6392671569951441,0.6179571985875236,0.6887131997591909,0.5472011974158564,False,True,848,478
datasets\raw\custom_pakistani\DISTRACTED\areeb_distracted_normal_0021.jpg,DISTRACTED,0.24014817981309736,0.24968090429788706,0.23061545532830766,0.8270605854578629,171.25368710133478,30.59797225909138,0.7604450674281237,0.7534648566658219,1.0,0.5069297133316437,False,True,848,478
datasets\raw\custom_pakistani\DISTRACTED\areeb_distracted_normal_0022.jpg,DISTRACTED,0.23437103317756697,0.19499075004592298,0.27375131630921096,0.8197901609962883,146.49626457164007,-73.11358993073036,23.625043677582298,0.6420322707706059,0.7033669870771838,0.580697554464028,False,True,848,478
datasets\raw\custom_pakistani\DISTRACTED\areeb_distracted_normal_0023.jpg,DISTRACTED,0.2096091273091482,0.20140201915074402,0.21781623546755244,0.7523643374320127,144.11816972570068,-73.47263081363745,34.01929237666106,0.5982171638680795,0.6387715528513587,0.5576627748848005,False,True,848,478
datasets\raw\custom_pakistani\DISTRACTED\areeb_distracted_normal_0024.jpg,DISTRACTED,0.18046961680749968,0.16826311195642218,0.19267612165857714,0.7411590424392909,134.53590680028535,73.76456769932659,140.14899706936166,0.592007269329535,0.6978417724609376,0.48617276619813227,False,True,848,478
datasets\raw\custom_pakistani\DISTRACTED\areeb_distracted_normal_0025.jpg,DISTRACTED,0.18774554909839486,0.1847888687310164,0.19070222946577334,0.79164733737393,166.99226752422751,66.08352215291623,167.95623599279614,0.4765978284879866,0.5800737618976799,0.3731218950782933,True,True,848,478
datasets\raw\custom_pakistani\DISTRACTED\areeb_distracted_normal_0026.jpg,DISTRACTED,0.23770550624569564,0.20637270417042475,0.26903830832096653,0.8265525698155616,136.6619187138848,36.60464730346174,177.2078473638991,0.7728104103472543,1.0,0.5456208206945086,False,True,848,478
datasets\raw\custom_pakistani\DISTRACTED\areeb_distracted_normal_0027.jpg,DISTRACTED,0.23146707337763617,0.20230347290081283,0.2606306738544595,0.8106965812010092,140.70740894268076,57.91116208290223,168.28771052912722,0.9682427141749195,1.0,0.9364854283498388,False,False,848,478
datasets\raw\custom_pakistani\DISTRACTED\areeb_distracted_normal_0028.jpg,DISTRACTED,0.23691628178907975,0.2068061051949475,0.267026458383212,0.8201027430679868,146.28524280905506,52.09923222214988,172.17242645752538,0.794047109091452,1.0,0.5880942181829041,False,True,848,478
datasets\raw\custom_pakistani\DISTRACTED\areeb_distracted_normal_0029.jpg,DISTRACTED,0.23352737945505903,0.2151864844648466,0.25186827444527143,0.8310811564499518,144.8214141462774,53.56563600966415,170.20612381448993,0.7710070630563433,1.0,0.5420141261126864,False,True,848,478
datasets\raw\custom_pakistani\DISTRACTED\areeb_distracted_normal_0030.jpg,DISTRACTED,0.21206896505359085,0.19812543643532815,0.22601249367185353,0.8403262702159698,145.05488305267582,55.568889006810856,169.05910880831573,0.7681915592143872,1.0,0.5363831184287744,False,True,848,478
datasets\raw\custom_pakistani\DISTRACTED\areeb_distracted_normal_0031.jpg,DISTRACTED,0.2246743143988168,0.2062297386916192,0.2431188901060144,0.7799531454023821,141.87061042994014,54.18104728774305,167.03996897756497,0.7786644999790985,1.0,0.557328999958197,False,True,848,478
datasets\raw\custom_pakistani\DISTRACTED\areeb_distracted_normal_0032.jpg,DISTRACTED,0.22574394179434848,0.19673498475405005,0.2547528988346469,0.8534107819300238,146.71672559995503,50.75122239381714,168.63683543828523,0.7727834016476536,1.0,0.545566803295307,False,True,848,478
datasets\raw\custom_pakistani\DISTRACTED\areeb_distracted_normal_0033.jpg,DISTRACTED,0.2174737315775497,0.19146260258319558,0.24348486057190383,0.9754351445823396,169.61310433499676,-15.268190745078737,4.419556219990532,1.0,1.0,1.0,False,False,848,478
datasets\raw\custom_pakistani\DISTRACTED\areeb_distracted_normal_0034.jpg,DISTRACTED,0.24591921197850325,0.21702800995493543,0.27481041400207107,0.9361826033879121,169.3579997720846,-22.093142244581067,5.855640605082825,0.6208195169173987,0.6667464138735898,0.5748926199612077,False,True,848,478
datasets\raw\custom_pakistani\DISTRACTED\areeb_distracted_normal_0035.jpg,DISTRACTED,0.14900482063916098,0.08869146059156968,0.20931818068675231,0.9610324311947738,165.7701099316776,-37.491612002895906,2.858737155341014,0.8244147413504039,0.9959979271452523,0.6528315555555555,False,False,848,478
datasets\raw\custom_pakistani\DISTRACTED\areeb_distracted_normal_0036.jpg,DISTRACTED,0.21179933197838507,0.2336270274858759,0.1899716364708942,0.9505727202074661,-152.41271375011576,-55.74353698148551,156.50506964043802,0.9528198550646163,1.0,0.9056397101292326,False,False,848,478
datasets\raw\custom_pakistani\DISTRACTED\areeb_distracted_normal_0037.jpg,DISTRACTED,0.20384621903569644,0.2373629705076659,0.170329467563727,0.9487600685694547,142.61305712552095,-53.273996432031325,-162.07144092073534,0.9392187487697625,1.0,0.878437497539525,False,False,848,478
datasets\raw\custom_pakistani\DISTRACTED\areeb_distracted_normal_0038.jpg,DISTRACTED,0.10444986679279991,0.11215551048004033,0.09674422310555951,0.9391506261899879,168.43024677938993,-46.536121981062706,-177.29404569703593,0.8709440162722015,1.0,0.7418880325444032,False,False,848,478
datasets\raw\custom_pakistani\DISTRACTED\areeb_distracted_normal_0039.jpg,DISTRACTED,0.17210471272727218,0.15770263131790943,0.18650679413663493,0.9740323349793287,-163.6338620625289,-6.786827030114901,163.30663923821385,0.31205926852894506,0.2014458956640503,0.4226726413938398,True,True,848,478
datasets\raw\custom_pakistani\DISTRACTED\areeb_distracted_normal_0040.jpg,DISTRACTED,0.20606670050691328,0.2031642546234802,0.20896914639034633,0.968706320401441,-143.973818605807,-5.614492397888007,165.4193516739017,0.21486641055289316,0.24353851703996118,0.18619430406582513,True,True,848,478
datasets\raw\custom_pakistani\DISTRACTED\areeb_distracted_normal_0041.jpg,DISTRACTED,0.17310225895420311,0.1766100319957891,0.16959448591261717,0.8448589430713158,-161.40505552705218,-10.64672878342608,172.02197326302567,0.2382014686207045,0.3227043593605496,0.1536985778808594,True,True,848,478
datasets\raw\custom_pakistani\DISTRACTED\areeb_distracted_normal_0042.jpg,DISTRACTED,0.2892165324841112,0.28889972656772805,0.2895333384004944,0.866147442579508,176.34551205172545,5.961833719024469,-2.0432783581599434,0.7473087121003318,0.7512460170973884,0.7433714071032752,False,False,848,478
datasets\raw\custom_pakistani\DISTRACTED\areeb_distracted_normal_0043.jpg,DISTRACTED,0.2638470906238506,0.2751156493274071,0.25257853192029406,0.8873973921552645,175.69526015925385,5.547113720140076,-0.4279812701375472,0.5378780890988869,0.5524556735511152,0.5233005046466586,True,True,848,478
datasets\raw\custom_pakistani\DISTRACTED\areeb_distracted_normal_0044.jpg,DISTRACTED,0.24547375358162754,0.2699191155833074,0.22102839157994772,0.9246155730943392,167.7513210370652,-40.38509234096018,-2.5772582502772265,0.8726092599920854,1.0,0.7452185199841709,False,False,848,478
datasets\raw\custom_pakistani\DISTRACTED\areeb_distracted_normal_0045.jpg,DISTRACTED,0.2264428177556488,0.2942233541269268,0.15866228138437083,0.9651768358521251,153.04941514881241,-56.053341862271125,-169.54077270807247,1.0,1.0,1.0,False,False,848,478
datasets\raw\custom_pakistani\DISTRACTED\areeb_distracted_normal_0046.jpg,DISTRACTED,0.24154789938788357,0.3127318160051476,0.17036398277061954,0.9507797460746902,153.5214318814196,-54.109536161576806,-170.37322369810292,1.0,1.0,1.0,False,False,848,478
datasets\raw\custom_pakistani\DISTRACTED\areeb_distracted_normal_0047.jpg,DISTRACTED,0.2577695234430937,0.2853748437688173,0.23016420311737007,0.9351623073401308,153.64197237596122,-52.25049870323158,-168.08935449575654,0.8932005338639617,1.0,0.7864010677279235,False,False,848,478
datasets\raw\custom_pakistani\DISTRACTED\areeb_distracted_normal_0048.jpg,DISTRACTED,0.16148223792730582,0.1354902812509672,0.18747419460364442,0.9531641304805715,154.3032270802444,-44.975950882283556,-168.72102419562518,1.0,1.0,1.0,False,False,848,478
datasets\raw\custom_pakistani\DISTRACTED\areeb_distracted_normal_0049.jpg,DISTRACTED,0.1496155557316804,0.13705027324728153,0.16218083821607923,0.9777692888915968,-177.30460266429623,-23.894613453776827,4.760028694796849,0.6283539173412653,0.5492736015109358,0.7074342331715947,True,False,848,478
datasets\raw\custom_pakistani\DISTRACTED\areeb_distracted_normal_0050.jpg,DISTRACTED,0.2291766813894867,0.23059672891688668,0.22775663386208672,1.0060535288641455,-173.09521097069597,-23.8798952239868,6.58286731974198,0.6706153065382348,0.34123061307646957,1.0,True,False,848,478
datasets\raw\custom_pakistani\DISTRACTED\areeb_distracted_normal_0051.jpg,DISTRACTED,0.1801290649797842,0.15598070860088373,0.20427742135868465,0.906944126282656,178.47173516360277,-32.39140431823171,4.914776675599422,0.8130066708055772,0.6260133416111543,1.0,False,False,848,478
datasets\raw\custom_pakistani\DISTRACTED\areeb_distracted_normal_0052.jpg,DISTRACTED,0.17911357751231832,0.1432530096020756,0.21497414542256102,0.9429296522238254,177.32278692992594,-28.604691703587015,3.104661149715264,0.6063662988999041,0.6319825202870132,0.580750077512795,False,True,848,478
datasets\raw\custom_pakistani\DISTRACTED\areeb_distracted_normal_0053.jpg,DISTRACTED,0.18768127661962944,0.17470939310751382,0.20065316013174506,0.9577898602988877,178.02453746986612,-31.152543500134005,2.609289347724405,0.5045429238012742,0.5779074041390616,0.43117844346348666,True,True,848,478
datasets\raw\custom_pakistani\DISTRACTED\areeb_distracted_normal_0054.jpg,DISTRACTED,0.20510922302992335,0.19341983269961857,0.2167986133602281,0.9239494769274221,-178.87031994899422,-29.540101812413752,1.509324863165032,0.534628220792379,0.663962825946857,0.4052936156379011,False,True,848,478
datasets\raw\custom_pakistani\DISTRACTED\areeb_distracted_normal_0055.jpg,DISTRACTED,0.20335822563879302,0.1886416857628878,0.2180747655146982,0.895902993163683,-176.88034390844382,-30.49284466597339,1.0534922917316938,0.6029980497320715,0.7695374180701126,0.43645868139403055,False,True,848,478
datasets\raw\custom_pakistani\DISTRACTED\areeb_distracted_normal_0056.jpg,DISTRACTED,0.2269697145170389,0.21801946230603853,0.2359199667280393,0.9232124970412046,-175.70457683297977,-31.5859612344667,0.5930910350149615,0.6254644663961106,0.8385077011771788,0.4124212316150424,False,True,848,478
datasets\raw\custom_pakistani\DISTRACTED\areeb_distracted_normal_0057.jpg,DISTRACTED,0.16985291066488728,0.12943305687204174,0.21027276445773285,0.92025797248314,-177.48520134311272,-33.86854349709908,-0.5556627357443648,0.5224722834122811,0.717369921260214,0.3275746455643482,False,True,848,478
datasets\raw\custom_pakistani\DISTRACTED\areeb_distracted_normal_0058.jpg,DISTRACTED,0.12811469978865422,0.12238917078471039,0.13384022879259805,0.9337405797158383,-172.6509444904244,-29.936234700579483,-3.2757218495380678,0.4643951419354646,0.5703331093111642,0.35845717455976506,True,True,848,478
datasets\raw\custom_pakistani\DISTRACTED\areeb_distracted_normal_0059.jpg,DISTRACTED,0.22948589859537954,0.21509206589677007,0.24387973129398902,0.8567960152100115,-172.7825757562166,2.1025337641803388,-0.07180004468553931,0.4111011069713836,0.4506511399063588,0.37155107403640836,True,True,848,478
datasets\raw\custom_pakistani\DISTRACTED\areeb_distracted_normal_0060.jpg,DISTRACTED,0.2944092396313779,0.29071892197251725,0.29809955729023846,0.8724467589040977,159.75512916395286,54.88172656495862,169.31895500611503,0.5942861652290061,0.794861889211201,0.39371044124681126,False,True,848,478
datasets\raw\custom_pakistani\DISTRACTED\areeb_distracted_normal_0061.jpg,DISTRACTED,0.19448892327959008,0.1867435109164402,0.20223433564273996,1.2635561882365343,-172.82391606898904,-33.7548473948362,-5.913811296818265,0.6046577870940802,1.0,0.2093155741881605,False,True,848,478
datasets\raw\custom_pakistani\DISTRACTED\areeb_distracted_normal_0062.jpg,DISTRACTED,0.14024806354611585,0.1402894434537159,0.1402066836385158,0.7693541902485932,-167.95805107618776,42.901199781980715,160.7796281547548,0.7495036715095009,0.6722586619534809,0.826748681065521,False,False,848,478
datasets\raw\custom_pakistani\DISTRACTED\areeb_distracted_normal_0063.jpg,DISTRACTED,0.16351553639709404,0.2046735331279965,0.12235753966619158,0.7594663568910137,162.17378643463007,-1.3350281914864246,-21.786555359476207,0.59473614597001,0.49226468175822835,0.6972076101817918,True,False,848,478
datasets\raw\custom_pakistani\DISTRACTED\areeb_distracted_normal_0064.jpg,DISTRACTED,0.18676818049845867,0.2545203329460095,0.11901602805090782,0.7519308610395625,-179.68358257368314,12.319276533875184,-19.742777928832876,0.6504553112928455,0.5988653900861732,0.7020452324995179,True,False,848,478
datasets\raw\custom_pakistani\DISTRACTED\areeb_distracted_normal_0065.jpg,DISTRACTED,0.17481345300083057,0.21852783214795263,0.13109907385370848,0.7842157458797315,-162.7987162188723,35.34867019863728,172.86589260100783,0.506039639790306,0.5632871897368619,0.44879208984374996,True,True,848,478
datasets\raw\custom_pakistani\DISTRACTED\areeb_distracted_normal_0066.jpg,DISTRACTED,0.15156550875844715,0.21058433050375197,0.09254668701314232,0.9579725474462859,-168.28688071810734,4.917837807194127,-15.646164461533331,0.6736560331015399,0.3473120662030798,1.0,True,False,848,478
datasets\raw\custom_pakistani\DISTRACTED\areeb_distracted_normal_0067.jpg,DISTRACTED,0.1571812096460084,0.18742157747460597,0.1269408418174108,0.7593844600797255,140.66605806502938,-73.08437984158739,18.21630977492346,0.5608555499752448,0.3108905492935419,0.8108205506569477,True,False,848,478
datasets\raw\custom_pakistani\DISTRACTED\areeb_distracted_normal_0068.jpg,DISTRACTED,0.17931868543859292,0.21372640575990484,0.14491096511728102,0.7773051653694505,154.474714837976,56.74588573463239,143.37411765316787,0.7373563997898579,0.4747127995797158,1.0,True,False,848,478
datasets\raw\custom_pakistani\DISTRACTED\areeb_distracted_normal_0070.jpg,DISTRACTED,0.1523742336855243,0.16213091748833355,0.14261754988271505,1.0157081458116939,-157.16076306934787,23.980443856336866,-2.0227764135118202,0.19616585295400657,0.2912056359991089,0.1011260699089042,True,True,848,478
datasets\raw\custom_pakistani\DISTRACTED\areeb_distracted_normal_0071.jpg,DISTRACTED,0.2029273417383355,0.25069423517355677,0.15516044830311423,1.1011848018813994,-157.52539675831989,11.505769827838755,0.3951627440697367,0.2490720148128606,0.3176853604845883,0.1804586691411329,True,True,848,478
datasets\raw\custom_pakistani\DISTRACTED\areeb_distracted_normal_0072.jpg,DISTRACTED,0.25415302131878204,0.29194748736358594,0.2163585552739781,1.0800676589416447,-156.64192323678,19.86950072145029,179.28254514169123,0.3471811418879177,0.1787100435519648,0.5156522402238707,True,True,848,478
datasets\raw\custom_pakistani\DISTRACTED\areeb_distracted_normal_0073.jpg,DISTRACTED,0.30937636638032506,0.33084685258761587,0.2879058801730343,0.9253131545533564,-155.0382184866452,18.79909565887938,-179.2672475443528,0.12571413614302362,0.1252318024691358,0.12619646981691143,True,True,848,478
datasets\raw\custom_pakistani\DISTRACTED\areeb_distracted_normal_0074.jpg,DISTRACTED,0.24922401047303805,0.24617766906470132,0.2522703518813748,0.8518407320066319,160.04273147714719,53.81590535341824,174.55078096431444,0.6119104658145448,0.9408504851860495,0.28297044644304004,False,True,848,478
datasets\raw\custom_pakistani\DISTRACTED\areeb_distracted_normal_0075.jpg,DISTRACTED,0.22641115814378435,0.22643098781559504,0.22639132847197366,0.7458453209613726,145.28280473343062,71.18665287231572,161.4704084777204,0.8907839678619373,0.8644966249438503,0.9170713107800242,False,False,848,478
datasets\raw\custom_pakistani\DISTRACTED\areeb_distracted_normal_0076.jpg,DISTRACTED,0.19160987235713287,0.18978646834515708,0.19343327636910865,0.7063782157189524,139.6177918502863,-72.68261344191514,52.179656405703895,0.7821651282683544,0.7260747721617088,0.8382554843750001,False,False,848,478
datasets\raw\custom_pakistani\DISTRACTED\areeb_distracted_normal_0077.jpg,DISTRACTED,0.19252940772690424,0.17738466605442132,0.20767414939938716,0.720460091498358,140.35360440481324,71.6143253960505,161.02487667280369,0.957136583506841,0.9142731670136822,1.0,False,False,848,478
datasets\raw\custom_pakistani\DISTRACTED\areeb_distracted_normal_0078.jpg,DISTRACTED,0.21239393506646614,0.2034391572968175,0.2213487128361148,0.7635004337201416,-101.37861646988607,-67.24173526285695,-62.053444750844335,0.9325576542157499,1.0,0.8651153084314999,False,False,848,478
datasets\raw\custom_pakistani\DISTRACTED\areeb_distracted_normal_0079.jpg,DISTRACTED,0.21594475839600288,0.2070475081749364,0.22484200861706938,0.7456085530031327,-168.6851407825142,-18.0592805224034,-168.1277426063722,0.7844803214525835,0.8607938030827305,0.7081668398224366,False,False,848,478
datasets\raw\custom_pakistani\DISTRACTED\areeb_distracted_normal_0080.jpg,DISTRACTED,0.2249279987585292,0.2118776125149735,0.23797838500208493,0.7810760031439965,109.65182859854667,74.31913341022039,131.43718154343716,0.9399695750563091,1.0,0.8799391501126181,False,False,848,478
datasets\raw\custom_pakistani\DISTRACTED\areeb_distracted_normal_0081.jpg,DISTRACTED,0.23685343366744016,0.2216470969574222,0.25205977037745814,0.7732060707260145,149.21800724164228,65.67072976207182,166.9959796393219,0.9123224794636702,0.9553054935045558,0.8693394654227845,False,False,848,478
datasets\raw\custom_pakistani\DISTRACTED\areeb_distracted_normal_0082.jpg,DISTRACTED,0.10077657746986042,0.12800346011069821,0.07354969482902263,0.9489200451615052,-175.458655103319,-13.091508712499769,-3.8543301299950543,0.4626626340325173,0.49748680844737597,0.42783845961765854,True,True,848,478
datasets\raw\custom_pakistani\DISTRACTED\areeb_distracted_normal_0083.jpg,DISTRACTED,0.253125715230455,0.2218048054710719,0.2844466249898382,0.9596533231666472,-179.28687201739947,-32.70565528693771,-0.9310336428302092,0.5918464076540025,0.7190903252595156,0.4646024900484895,False,True,848,478
datasets\raw\custom_pakistani\DISTRACTED\areeb_distracted_normal_0084.jpg,DISTRACTED,0.24270956152103484,0.22276592595200684,0.26265319709006285,0.9319325997690536,-176.64394820498615,-33.72787465429031,-1.111267786680248,0.5376751532466209,0.7383431167940426,0.33700718969919913,False,True,848,478
datasets\raw\custom_pakistani\DISTRACTED\areeb_distracted_normal_0085.jpg,DISTRACTED,0.1708536461751537,0.1730696353915415,0.16863765695876587,0.9234800549531471,161.89396640788044,-57.36938987481687,-172.70123501770195,0.6922428031312543,0.9224528867149969,0.46203271954751174,False,True,848,478
datasets\raw\custom_pakistani\DISTRACTED\areeb_distracted_normal_0086.jpg,DISTRACTED,0.20040434445764538,0.20560992320634505,0.19519876570894568,0.885072554167779,-152.49124249322873,-12.604359870992367,170.4474793636884,0.19841530143949962,0.19550142598399653,0.2013291768950027,True,True,848,478
datasets\raw\custom_pakistani\DISTRACTED\areeb_distracted_normal_0087.jpg,DISTRACTED,0.19457146390959207,0.17830266444142023,0.21084026337776388,0.9353340319927946,-148.3265534027283,-14.87911654784192,-6.940621520396059,0.20416931451299933,0.22268785854027148,0.18565077048572717,True,True,848,478
datasets\raw\custom_pakistani\DISTRACTED\areeb_distracted_normal_0088.jpg,DISTRACTED,0.19563425240760915,0.1886444398905721,0.20262406492464619,0.9743746222257618,-150.8375737405619,-7.864655119113015,-7.79438795079828,0.2152300144795995,0.2725375981579503,0.1579224308012487,True,True,848,478
datasets\raw\custom_pakistani\DISTRACTED\areeb_distracted_normal_0089.jpg,DISTRACTED,0.2897104303472178,0.2882438547434723,0.2911770059509633,0.9169608073355103,-176.23914621476288,-12.763893438695776,-5.408114226857873,0.7592334050684799,1.0,0.5184668101369599,False,True,848,478
datasets\raw\custom_pakistani\DISTRACTED\areeb_distracted_normal_0090.jpg,DISTRACTED,0.1512696255481603,0.1390056987226294,0.1635335523736912,1.0792395184320667,166.79130196663968,-26.541581721286448,2.7717400689859146,0.672348098994711,0.6059153538079624,0.7387808441814596,False,False,848,478
datasets\raw\custom_pakistani\DISTRACTED\areeb_distracted_normal_0091.jpg,DISTRACTED,0.13811100675367655,0.16563632309932438,0.11058569040802871,1.030260069785097,-168.56293799908337,48.63072626810833,-178.69278528031774,0.90796264675303,1.0,0.8159252935060599,False,False,848,478
datasets\raw\custom_pakistani\DISTRACTED\areeb_distracted_normal_0092.jpg,DISTRACTED,0.13504995005927214,0.11735000356926624,0.15274989654927806,0.8882376428340102,-169.24716380471443,0.009307301410957257,28.895152725222705,0.7721791821932393,1.0,0.5443583643864787,False,True,848,478
datasets\raw\custom_pakistani\DISTRACTED\areeb_distracted_normal_0094.jpg,DISTRACTED,0.20544790273479185,0.19400769778673913,0.2168881076828446,0.8547939842520621,-161.51905926812694,-30.461206719969738,174.55209103764034,0.483150333347211,0.2423229351647653,0.7239777315296567,True,False,848,478
datasets\raw\custom_pakistani\DISTRACTED\areeb_distracted_normal_0095.jpg,DISTRACTED,0.3235443947807968,0.3274989200139209,0.3195898695476726,0.9211057067481645,-168.76574049959964,-12.72049369063761,-3.8323503380218495,0.4449880293869295,0.6467336883865659,0.24324237038729307,False,True,848,478
datasets\raw\custom_pakistani\DISTRACTED\areeb_distracted_normal_0096.jpg,DISTRACTED,0.253374029892155,0.26140139410280816,0.2453466656815019,0.8965123638812257,175.53674494147896,2.8813916844592815,-0.02370639039493653,0.5928547090527556,0.6904463657618757,0.4952630523436355,False,True,848,478
datasets\raw\custom_pakistani\DISTRACTED\areeb_distracted_normal_0097.jpg,DISTRACTED,0.24164012472500063,0.21658387943369806,0.2666963700163032,0.8417691750982643,146.76840679869156,56.8506393215157,168.1482765270791,0.7536683203667178,1.0,0.5073366407334357,False,True,848,478
datasets\raw\custom_pakistani\DISTRACTED\areeb_distracted_normal_0098.jpg,DISTRACTED,0.20394740881762802,0.17049472110705577,0.2374000965282003,0.7725094161915521,145.41872756816196,59.61789582831712,167.43220649283936,0.8723673439179656,1.0,0.7447346878359312,False,False,848,478
datasets\raw\custom_pakistani\DISTRACTED\areeb_distracted_normal_0099.jpg,DISTRACTED,0.21977632926763702,0.1809305068084802,0.2586221517267938,0.7790360964775119,172.59228130431143,25.37666570338593,-166.43501251415717,0.8194873995417393,1.0,0.6389747990834788,False,False,848,478
datasets\raw\custom_pakistani\DISTRACTED\areeb_distracted_normal_0100.jpg,DISTRACTED,0.19744741435709812,0.150864511419234,0.24403031729496227,0.7806069205930157,133.8956518755177,60.83796130571709,163.8969565830197,0.9450373775096556,1.0,0.8900747550193111,False,False,848,478
datasets\raw\custom_pakistani\DISTRACTED\areeb_distracted_normal_0101.jpg,DISTRACTED,0.20741740933386915,0.1853917568799651,0.2294430617877732,0.7941607699339395,133.26496335795892,59.93298123440947,163.50412641957277,0.814521531666454,1.0,0.6290430633329082,False,False,848,478
datasets\raw\custom_pakistani\DISTRACTED\areeb_distracted_normal_0102.jpg,DISTRACTED,0.2135696307932097,0.19403273294958004,0.23310652863683937,0.790127476514123,163.4149077448048,42.35526834799075,6.0497205049194145,0.8728645494932612,1.0,0.7457290989865224,False,False,848,478
datasets\raw\custom_pakistani\DISTRACTED\areeb_distracted_normal_0103.jpg,DISTRACTED,0.19644680053476396,0.16850115546717465,0.22439244560235327,0.8034595100342973,160.5043511855436,42.14088870239131,3.6256508093042834,0.8482720468592897,1.0,0.6965440937185794,False,False,848,478
datasets\raw\custom_pakistani\DISTRACTED\areeb_distracted_normal_0104.jpg,DISTRACTED,0.2155343658895198,0.18627626540010328,0.24479246637893629,0.7943499439945014,135.8164622840069,59.68898762290559,163.50823679641928,0.8958118693033854,1.0,0.7916237386067708,False,False,848,478
datasets\raw\custom_pakistani\DISTRACTED\areeb_distracted_normal_0105.jpg,DISTRACTED,0.1893621566002039,0.16322416749051727,0.21550014570989048,0.7837589316697587,136.30197829145652,60.70253562727686,163.21108058217698,0.8952198373221838,1.0,0.7904396746443675,False,False,848,478
datasets\raw\custom_pakistani\DISTRACTED\areeb_distracted_normal_0106.jpg,DISTRACTED,0.20065180338419308,0.18108770496720678,0.2202159018011794,0.8041376848526024,169.98369983225092,44.26283009837621,4.664404174283972,0.7988752871728249,1.0,0.5977505743456497,False,True,848,478
datasets\raw\custom_pakistani\DISTRACTED\areeb_distracted_normal_0107.jpg,DISTRACTED,0.2020806944359772,0.19692147166546858,0.20723991720648585,0.7734906749488704,142.66729447116396,-73.18976230102255,42.98646861646666,0.8876958108635055,0.8992652892561983,0.8761263324708126,False,False,848,478
datasets\raw\custom_pakistani\DISTRACTED\areeb_distracted_normal_0108.jpg,DISTRACTED,0.18854927960412676,0.19346107717719818,0.18363748203105532,0.7326522109061574,167.14517350281187,49.053387549391054,-178.2006031430429,0.6809516638978282,0.8005059995162002,0.5613973282794563,False,True,848,478
datasets\raw\custom_pakistani\DISTRACTED\areeb_distracted_normal_0109.jpg,DISTRACTED,0.1946777074598432,0.195125886754927,0.1942295281647594,0.7036531145680823,-0.00866160985337718,-9.304629729221839,12.949339243828025,0.7525662073765793,0.8476216198513788,0.6575107949017798,False,False,848,478
datasets\raw\custom_pakistani\DISTRACTED\areeb_distracted_normal_0110.jpg,DISTRACTED,0.1705795985546089,0.18960485695453244,0.15155434015468536,0.8602224414237835,152.90112712173791,53.814297983726135,166.04673700456254,0.5955567386786155,0.7769724536372051,0.41414102372002576,False,True,848,478
datasets\raw\custom_pakistani\DISTRACTED\areeb_distracted_normal_0111.jpg,DISTRACTED,0.22661838918235233,0.2299792137138051,0.2232575646508996,0.8459885132713613,163.34285702690678,7.258843398794101,0.177219985902439,0.7211392899866,0.5046754989624024,0.9376030810107977,True,False,848,478
datasets\raw\custom_pakistani\DISTRACTED\areeb_distracted_normal_0112.jpg,DISTRACTED,0.2386769816480397,0.2439065145563804,0.23344744873969897,0.9165245820506486,176.4659628172941,1.6389775706526566,1.749725004693932,0.7033501436562279,0.8192546155198057,0.5874456717926503,False,True,848,478
datasets\raw\custom_pakistani\DISTRACTED\areeb_distracted_normal_0113.jpg,DISTRACTED,0.1528314803109433,0.1804193276368164,0.12524363298507016,0.9008907513615055,-168.38097343636434,-0.6919473423041564,1.1471622296803634,0.4131561241952824,0.6240718855787735,0.2022403628117914,False,True,848,478
datasets\raw\custom_pakistani\DISTRACTED\areeb_distracted_normal_0114.jpg,DISTRACTED,0.30645748896689495,0.3097219170768024,0.30319306085698744,0.867957637610601,-154.50946084186796,-3.9686596655235578,-1.7193606963765498,0.19822392882081624,0.2721314968952306,0.1243163607464019,True,True,848,478
datasets\raw\custom_pakistani\DISTRACTED\areeb_distracted_normal_0115.jpg,DISTRACTED,0.3341657308882162,0.35166884737320037,0.316662614403232,0.9059346153803352,-167.30170677494618,22.281615614831395,179.41080930269027,0.3733764101896603,0.5161477823752247,0.23060503800409582,True,True,848,478
datasets\raw\custom_pakistani\DISTRACTED\areeb_distracted_normal_0116.jpg,DISTRACTED,0.3230168840273463,0.3209190494476815,0.32511471860701113,0.9098704058553025,-167.87827447490835,15.780767461356263,0.5644671726142021,0.5471439705020071,0.7811802174841924,0.3131077235198218,False,True,848,478
datasets\raw\custom_pakistani\DISTRACTED\areeb_distracted_normal_0117.jpg,DISTRACTED,0.2865359102118631,0.2852628546033112,0.28780896582041493,0.9468431785424527,-166.67953704133748,7.427381353880512,2.7448600613036507,0.5604439835056554,0.7763037863568003,0.34458418065451035,False,True,848,478
datasets\raw\custom_pakistani\DISTRACTED\areeb_distracted_normal_0118.jpg,DISTRACTED,0.22471243248724815,0.2302754939888282,0.21914937098566806,0.8222834404742237,-170.4389639771558,5.187216231981724,-1.1857436210783638,0.5851390339630084,0.6804198671396705,0.4898582007863462,False,True,848,478
datasets\raw\custom_pakistani\DISTRACTED\areeb_distracted_normal_0119.jpg,DISTRACTED,0.3007067782468479,0.2884287746066173,0.31298478188707846,0.9619731738836328,-175.73308597349546,13.036400274053616,-5.942504532963839,0.5464091511834314,0.552580096816945,0.5402382055499177,True,True,848,478
datasets\raw\custom_pakistani\DISTRACTED\areeb_distracted_normal_0120.jpg,DISTRACTED,0.2852903656540551,0.28833341542297664,0.28224731588513347,0.978903502575532,-173.83452920541902,9.57649114947328,-6.119282279857565,0.5053255598428527,0.5542150559853645,0.4564360637003408,True,True,848,478
datasets\raw\custom_pakistani\DISTRACTED\areeb_distracted_normal_0121.jpg,DISTRACTED,0.29750748058188536,0.3040491879151846,0.2909657732485862,0.8120579111588813,-166.59788041796673,5.679921182762234,-0.680543475477824,0.7110773843159246,0.8482886398975578,0.5738661287342913,False,True,848,478
datasets\raw\custom_pakistani\DISTRACTED\areeb_distracted_normal_0122.jpg,DISTRACTED,0.32106913795535164,0.3497745641978581,0.29236371171284525,0.907087049543662,-172.92749793312862,19.138155132843444,3.916056877765798,0.585537383007352,0.9830599183279156,0.18801484768678847,False,True,848,478
datasets\raw\custom_pakistani\DISTRACTED\areeb_distracted_normal_0123.jpg,DISTRACTED,0.21419238361098228,0.21637235875439964,0.21201240846756492,0.8730946848298253,-176.47932754650662,16.29607693760506,-0.6699256580877115,0.3693143587197345,0.6004546929005268,0.13817402453894223,False,True,848,478
datasets\raw\custom_pakistani\DISTRACTED\areeb_distracted_normal_0124.jpg,DISTRACTED,0.19597027796694946,0.17726002618226633,0.2146805297516326,0.7696252272089354,-169.2621955760327,34.8949099008958,5.349411933375021,0.7469233457827396,1.0,0.49384669156547917,False,True,848,478
datasets\raw\custom_pakistani\DISTRACTED\areeb_distracted_normal_0125.jpg,DISTRACTED,0.21910875395276125,0.18747076981869862,0.2507467380868239,0.9279760240544311,-161.45195875912574,32.63308095428936,0.9247139322738737,0.8006963100553746,1.0,0.6013926201107491,False,False,848,478
datasets\raw\custom_pakistani\DISTRACTED\areeb_distracted_normal_0126.jpg,DISTRACTED,0.2783754338012306,0.34203630493596643,0.21471456266649477,0.7565483712178399,-173.51709362593127,30.525615298557653,-13.819384873990908,0.790451866795002,1.0,0.5809037335900039,False,True,848,478
datasets\raw\custom_pakistani\DISTRACTED\areeb_distracted_normal_0127.jpg,DISTRACTED,0.22490638672133506,0.29037584760380414,0.15943692583886598,0.8802361870734905,-175.25469440238737,22.345417863586015,-10.096755516749527,0.7823536597171723,0.8498292783865399,0.7148780410478046,False,False,848,478
datasets\raw\custom_pakistani\DISTRACTED\areeb_distracted_normal_0128.jpg,DISTRACTED,0.27787791410897666,0.2539366905148678,0.3018191377030856,0.9281862020587814,-158.47816443018024,27.11587303563559,-0.6112532763143629,0.39199294984609023,0.42850948112820547,0.355476418563975,True,True,848,478
datasets\raw\custom_pakistani\DISTRACTED\areeb_distracted_normal_0129.jpg,DISTRACTED,0.23738672879921008,0.21183277618652843,0.26294068141189175,0.9270009457239266,-166.74160518661674,25.13310238469779,-0.6088593573433261,0.49009579974156336,0.6432713741863755,0.3369202252967513,False,True,848,478
datasets\raw\custom_pakistani\DISTRACTED\areeb_distracted_normal_0130.jpg,DISTRACTED,0.23839238367793322,0.2613670340203872,0.21541773333547926,0.9122053211081714,-173.02672254796886,29.539747949220846,0.8725875553284093,0.6635496381972277,0.9551481000906005,0.3719511763038549,False,True,848,478
datasets\raw\custom_pakistani\DISTRACTED\areeb_distracted_normal_0131.jpg,DISTRACTED,0.20058413249283688,0.1802600834614639,0.22090818152420985,0.8986310819872239,-167.15838182953004,30.047536123522246,-1.572730971992155,0.5437768662905232,0.6917656812684763,0.3957880513125703,False,True,848,478
datasets\raw\custom_pakistani\DISTRACTED\areeb_distracted_normal_0132.jpg,DISTRACTED,0.2188611706309375,0.27223548518160234,0.16548685608027264,1.0026909807210942,-176.09365419640622,48.275083875361254,169.7359867343359,0.6635427957342779,0.5624058621407747,0.764679729327781,True,False,848,478
datasets\raw\custom_pakistani\DISTRACTED\areeb_distracted_normal_0133.jpg,DISTRACTED,0.2430357010725217,0.3127635642462726,0.17330783789877077,0.8890305264180993,179.16623639675504,52.69092457188329,167.50611700900845,0.43970237108632704,0.3071533807392757,0.5722513614333784,True,True,848,478
datasets\raw\custom_pakistani\DISTRACTED\areeb_distracted_normal_0134.jpg,DISTRACTED,0.1799072099997148,0.18322683811980495,0.17658758187962464,0.9100238855416061,-169.88748243132716,33.6429925700772,-10.063142948513786,0.5463858578601415,0.6372522857601179,0.4555194299601649,False,True,848,478
datasets\raw\custom_pakistani\DISTRACTED\areeb_distracted_normal_0135.jpg,DISTRACTED,0.19842198324241772,0.19994461830551846,0.196899348179317,0.8902404413308033,-164.30494793145633,32.35584374532073,-4.861885982524069,0.718214282437814,1.0,0.4364285648756281,False,True,848,478
datasets\raw\custom_pakistani\DISTRACTED\areeb_distracted_normal_0136.jpg,DISTRACTED,0.2068880687823187,0.20409255035471294,0.20968358720992444,0.9476006737516821,-165.60930440744025,33.55298566802309,-5.298185687890066,0.7913031092265463,1.0,0.5826062184530926,False,True,848,478
datasets\raw\custom_pakistani\DISTRACTED\areeb_distracted_normal_0137.jpg,DISTRACTED,0.2223616490955556,0.23878979333909903,0.2059335048520122,0.9300541504805351,-175.8940514763252,51.00168637840978,168.93017742331313,0.785963911010034,1.0,0.5719278220200682,False,True,848,478
datasets\raw\custom_pakistani\DISTRACTED\areeb_distracted_normal_0144.jpg,DISTRACTED,0.2606467281892323,0.25425883583657655,0.2670346205418881,0.7714801658977597,178.23310732481264,54.222538442419584,168.82320193886275,0.8423087155386934,0.927477655669213,0.7571397754081737,False,False,848,478
datasets\raw\custom_pakistani\DISTRACTED\areeb_distracted_normal_0146.jpg,DISTRACTED,0.17234318978015445,0.16563930004273847,0.17904707951757046,0.9776959514864807,-170.6832704603984,-35.48959457733759,-1.9607848510021533,0.651747788071469,1.0,0.3034955761429382,False,True,848,478
datasets\raw\custom_pakistani\DISTRACTED\areeb_distracted_normal_0147.jpg,DISTRACTED,0.2908183179640459,0.265986662849333,0.3156499730787588,0.9618185190393416,-163.4787196438954,-28.9182300710638,-6.847836163293448,0.5151303437010285,0.6937825975362586,0.33647808986579847,False,True,848,478
datasets\raw\custom_pakistani\DISTRACTED\areeb_distracted_normal_0148.jpg,DISTRACTED,0.20095968952436044,0.17278710006407844,0.22913227898464247,0.8637476729806627,174.37255007961195,-54.10354534996168,-178.39624813558268,0.8685387880314152,0.9713380873261592,0.7657394887366711,False,False,848,478
datasets\raw\custom_pakistani\DISTRACTED\areeb_distracted_normal_0153.jpg,DISTRACTED,0.2312954516510957,0.2265492042471712,0.23604169905502018,0.9762350529817154,-179.07074955228762,-36.141536620112376,-9.396514560282762,0.9690630892029495,1.0,0.9381261784058988,False,False,848,478
datasets\raw\custom_pakistani\DISTRACTED\areeb_distracted_normal_0154.jpg,DISTRACTED,0.19320885909784588,0.19169247911974224,0.19472523907594952,1.0123337586278491,-178.90630326794331,-40.346361678565195,2.7774434146621254,1.0,1.0,1.0,False,False,848,478
datasets\raw\custom_pakistani\DISTRACTED\areeb_distracted_normal_0156.jpg,DISTRACTED,0.2549140542896535,0.273710914244251,0.23611719433505612,1.0009986345657955,-172.82595098499215,-39.587124428426215,0.3318643257863753,0.7563775178929619,1.0,0.5127550357859237,False,True,848,478
datasets\raw\custom_pakistani\DISTRACTED\areeb_distracted_normal_0157.jpg,DISTRACTED,0.20555453771180293,0.24956134305679326,0.1615477323668126,0.9255174154457089,-170.60083459762885,-35.2635941822767,0.0205453353683997,0.9510179170508015,1.0,0.9020358341016032,False,False,848,478
datasets\raw\custom_pakistani\DISTRACTED\areeb_distracted_normal_0158.jpg,DISTRACTED,0.25546505833085936,0.2670497847902666,0.24388033187145217,0.9393128469724471,-172.91191828243169,-24.29272374038265,-179.44526867213932,0.3928354010438737,0.633671992536684,0.1519988095510634,False,True,848,478
datasets\raw\custom_pakistani\DISTRACTED\areeb_distracted_normal_0159.jpg,DISTRACTED,0.2777242723165737,0.2776994490193518,0.27774909561379557,0.9687625749977288,-168.41547886429638,1.8641738690594205,1.3661738705543496,0.5891220780217854,0.9972493755364797,0.18099478050709109,False,True,848,478
datasets\raw\custom_pakistani\DISTRACTED\areeb_distracted_normal_0160.jpg,DISTRACTED,0.2753317068740919,0.28248092619386095,0.2681824875543229,0.910849333006439,-165.65889351551044,10.775762682508981,0.29369935100767636,0.29580364055460917,0.26905989273378605,0.3225473883754323,True,True,848,478
datasets\raw\custom_pakistani\DISTRACTED\areeb_distracted_normal_0161.jpg,DISTRACTED,0.2642655240364027,0.2633005852798678,0.2652304627929375,0.8716869016574035,-170.10052211836836,13.488589773002829,0.9364040771872376,0.29749279314432575,0.4200475835451672,0.17493800274348426,True,True,848,478
datasets\raw\custom_pakistani\DISTRACTED\areeb_distracted_normal_0162.jpg,DISTRACTED,0.18995566087982774,0.10992740207743916,0.2699839196822163,0.8535005036093668,-163.31413413470008,-33.95727671127661,0.1119930761044996,0.38518628418761486,0.26976403061224485,0.5006085377629849,True,True,848,478
datasets\raw\custom_pakistani\DISTRACTED\areeb_distracted_normal_0163.jpg,DISTRACTED,0.22130241144997995,0.16813947162036308,0.2744653512795968,0.941470656007949,-159.7686820971663,-32.31111973969732,-0.530653146516218,0.27579154804499795,0.14349901413409788,0.40808408195589796,True,True,848,478
datasets\raw\custom_pakistani\DISTRACTED\areeb_distracted_normal_0164.jpg,DISTRACTED,0.22863397598272045,0.18251651627263552,0.27475143569280536,0.9161346327578448,-163.2255362353284,-40.18917264442482,-3.299434568546276,0.42538847946586034,0.42741165910808765,0.4233652998236331,True,True,848,478
datasets\raw\custom_pakistani\DISTRACTED\areeb_distracted_normal_0165.jpg,DISTRACTED,0.22045458635485346,0.1907456830918685,0.2501634896178384,0.8932262754814186,-161.84141530628597,-43.4601506421971,-3.850247561535759,0.5071462933501663,0.616865212775556,0.39742737392477656,False,True,848,478
datasets\raw\custom_pakistani\DISTRACTED\areeb_distracted_normal_0166.jpg,DISTRACTED,0.23675159322428657,0.21690785416582894,0.2565953322827442,0.890990287545434,-158.01650926258944,-44.856128222026356,-5.102627556534484,0.5093801195234233,0.4791638957308743,0.5395963433159723,True,True,848,478
datasets\raw\custom_pakistani\DISTRACTED\areeb_distracted_normal_0167.jpg,DISTRACTED,0.22495449579156906,0.21738798623772157,0.2325210053454166,0.8495615111270173,-158.132987223419,-35.58613329437113,-6.13241456969066,0.47192398578925066,0.452763472444338,0.49108449913416335,True,True,848,478
datasets\raw\custom_pakistani\DISTRACTED\areeb_distracted_normal_0168.jpg,DISTRACTED,0.28276924202129794,0.2688844888109625,0.2966539952316333,0.9380071900189566,-160.85972413977998,-30.61439184582859,-2.2799571035583734,0.2781734094216503,0.16587351363886588,0.39047330520443474,True,True,848,478
datasets\raw\custom_pakistani\DISTRACTED\areeb_distracted_normal_0169.jpg,DISTRACTED,0.22480532318886604,0.22970921270163228,0.21990143367609982,0.8795944493151648,-159.58324096061767,-39.164604155587604,-9.603315294850663,0.4240161976406249,0.2577984375,0.5902339577812499,True,True,848,478
datasets\raw\custom_pakistani\DISTRACTED\areeb_distracted_normal_0172.jpg,DISTRACTED,0.23931810028605033,0.23650798350077207,0.24212821707132856,0.860029988928553,-156.68084427175572,-48.54491746287898,-12.187716165701353,0.6331543488590115,0.6226136077350543,0.6436950899829688,False,False,848,478
datasets\raw\custom_pakistani\DISTRACTED\areeb_distracted_normal_0188.jpg,DISTRACTED,0.24970160449517229,0.2742201579388521,0.22518305105149244,0.9680117031982375,-140.98764210617068,18.09372522280122,-148.723972910554,0.2941826275889496,0.09710227256785023,0.4912629826100489,True,True,848,478
datasets\raw\custom_pakistani\DISTRACTED\areeb_distracted_normal_0189.jpg,DISTRACTED,0.2064548667533232,0.16733179259022135,0.24557794091642507,0.821847320059333,-155.68371888905872,-4.42246882172396,8.258397060719492,0.20903184320684703,0.018485990189399944,0.3995776962242941,True,True,848,478
datasets\raw\custom_pakistani\DISTRACTED\areeb_distracted_normal_0193.jpg,DISTRACTED,0.2953547213378849,0.30977298703221184,0.28093645564355796,0.8724662974676134,-162.6574072794258,-16.186284979419383,14.966226965082397,0.17868578921277092,0.21489672555243466,0.14247485287310718,True,True,848,478
datasets\raw\custom_pakistani\DISTRACTED\areeb_distracted_normal_0194.jpg,DISTRACTED,0.25493781015171507,0.23898884182057265,0.2708867784828575,0.8602858116320503,-172.02964877133445,7.435842583994602,-4.785622254747961,0.5111321515617064,0.7786385955514743,0.24362570757193866,False,True,848,478
datasets\raw\custom_pakistani\DISTRACTED\areeb_distracted_normal_0195.jpg,DISTRACTED,0.26380350688914805,0.29282683966973305,0.23478017410856308,0.9809563605191415,-170.50865589356596,13.37413728709122,-0.3087083145538089,0.31610418863561834,0.3663761585005903,0.2658322187706464,True,True,848,478
datasets\raw\custom_pakistani\DISTRACTED\areeb_distracted_normal_0196.jpg,DISTRACTED,0.2662877998723606,0.26972567762678057,0.26284992211794067,0.9060133340343461,-167.21674023959324,-23.57329154595867,-6.86895824105386,0.25678450110020656,0.18335309764001317,0.33021590456039995,True,True,848,478
datasets\raw\custom_pakistani\DISTRACTED\areeb_distracted_normal_0197.jpg,DISTRACTED,0.21843613341394935,0.2809321753252265,0.15594009150267218,0.889240712432823,-161.78604798999496,-13.948367608391344,-4.362409767224923,0.2907486504291169,0.2691012778692,0.3123960229890338,True,True,848,478
datasets\raw\custom_pakistani\DISTRACTED\areeb_distracted_normal_0198.jpg,DISTRACTED,0.28756143617750857,0.3085299954133676,0.2665928769416495,0.8882477826667938,-164.58439405232022,1.4340058551686392,-2.489948096739039,0.23083785274273338,0.2531047288595223,0.20857097662594448,True,True,848,478
datasets\raw\custom_pakistani\DISTRACTED\areeb_distracted_normal_0199.jpg,DISTRACTED,0.2520762118027991,0.23875278425089352,0.2653996393547047,0.8309997701640678,-169.42912657360387,-0.06267526858996915,-1.473226431196981,0.23000695467689988,0.2255235371375109,0.23449037221628888,True,True,848,478
datasets\raw\custom_pakistani\DISTRACTED\areeb_distracted_normal_0200.jpg,DISTRACTED,0.18942124038514407,0.18526445532914668,0.1935780254411415,0.8499169742862384,168.75744429476742,21.513995505899853,-0.7396527219618992,0.2281835810863419,0.31748947515327436,0.13887768701940942,True,True,848,478
datasets\raw\custom_pakistani\DISTRACTED\areeb_distracted_normal_0201.jpg,DISTRACTED,0.21139398078425442,0.24074711778650593,0.18204084378200291,0.8429703270678155,-173.01968187438354,31.3153236223993,-171.99333854860436,0.5365245876917787,0.7809857095988733,0.2920634657846842,False,True,848,478
datasets\raw\custom_pakistani\DISTRACTED\areeb_distracted_normal_0202.jpg,DISTRACTED,0.22300537112285523,0.2286183837265143,0.2173923585191962,0.7647679602995591,5.50024756541864,-6.394985085912755,12.857349141928621,0.5397157859505611,0.7398824590132898,0.3395491128878325,False,True,848,478
datasets\raw\custom_pakistani\DISTRACTED\areeb_distracted_normal_0203.jpg,DISTRACTED,0.24501769178624702,0.2781179904439702,0.21191739312852387,0.804894052973644,-164.96477019190368,46.89176301400086,-168.90970861304416,0.4988123868623076,0.6647854017094018,0.3328393720152134,False,True,848,478
datasets\raw\custom_pakistani\DISTRACTED\areeb_distracted_normal_0204.jpg,DISTRACTED,0.21170594929311334,0.23861516443900022,0.18479673414722647,0.7735053891136229,136.3870718395999,78.24649237442787,143.46955883245022,0.47819913530680436,0.5623437706434139,0.3940544999701948,True,True,848,478
datasets\raw\custom_pakistani\DISTRACTED\areeb_distracted_normal_0205.jpg,DISTRACTED,0.21026902712785683,0.26408103293886126,0.1564570213168524,0.8027769810743662,144.25040493648177,77.70680407892122,151.2647742800798,0.5237661600976686,0.6361065624098703,0.4114257577854671,False,True,848,478
datasets\raw\custom_pakistani\DISTRACTED\areeb_distracted_normal_0206.jpg,DISTRACTED,0.22284165831808248,0.2506255956856426,0.19505772095052237,0.8983307142300608,0.4173162976857069,-0.12630521176769305,3.4119886382706004,0.4594552594536049,0.4178960666679808,0.501014452239229,True,True,848,478
datasets\raw\custom_pakistani\DISTRACTED\areeb_distracted_normal_0207.jpg,DISTRACTED,0.20257011164354344,0.12904011418578268,0.27610010910130417,0.9041872236124409,-170.44794639590984,20.267934199271885,-2.133342152977043,0.08022258562875684,0.1108574586741541,0.04958771258335958,True,True,848,478
datasets\raw\custom_pakistani\DISTRACTED\areeb_distracted_normal_0209.jpg,DISTRACTED,0.2907371292542189,0.2700081766756063,0.3114660818328316,0.8362675886404699,-131.26909308349056,25.744819754410766,-102.16980503567798,0.0514454346659205,0.06958602927372459,0.03330484005811641,True,True,848,478
datasets\raw\custom_pakistani\DISTRACTED\areeb_distracted_normal_0210.jpg,DISTRACTED,0.29518162092106637,0.30269655983471744,0.28766668200741535,0.8230429834106278,175.0392788329842,11.25364552871342,-1.3711141524034323,0.23435999122419288,0.21558766956247422,0.25313231288591154,True,True,848,478
datasets\raw\custom_pakistani\DISTRACTED\areeb_distracted_normal_0211.jpg,DISTRACTED,0.20996567757424192,0.23025222359023942,0.18967913155824442,1.0505545405352805,153.97620645564965,-43.654869149992436,-173.36448471277987,0.297120158935299,0.35445932136893454,0.2397809965016634,True,True,848,478
datasets\raw\custom_pakistani\DISTRACTED\areeb_distracted_normal_0212.jpg,DISTRACTED,0.24660457717051892,0.26196326033959516,0.23124589400144266,0.9794860583464581,170.13844592488948,-50.11382408765943,-2.376713739620145,0.3758687647032029,0.38795317877520835,0.36378435063119746,True,True,848,478
datasets\raw\custom_pakistani\DISTRACTED\areeb_distracted_normal_0213.jpg,DISTRACTED,0.24696673262136026,0.2563972275205851,0.23753623772213545,0.9655444649247358,169.15797800183068,-50.45844227908389,-1.932576250386493,0.28505623915373074,0.37418036187781645,0.19593211642964506,True,True,848,478
datasets\raw\custom_pakistani\DISTRACTED\areeb_distracted_normal_0214.jpg,DISTRACTED,0.2606626655869712,0.270995378657565,0.2503299525163774,0.9671072225257576,152.60803773992004,-48.71860330453058,-170.68806710627754,0.2693380884432171,0.354947436202655,0.1837287406837792,True,True,848,478
datasets\raw\custom_pakistani\DISTRACTED\areeb_distracted_normal_0215.jpg,DISTRACTED,0.29058759755597574,0.3133828163245181,0.2677923787874334,1.0456411625931108,168.45312074565987,-42.74021423293166,-2.761680537733594,0.5137957778383426,0.7467536732250792,0.28083788245160607,False,True,848,478
datasets\raw\custom_pakistani\DISTRACTED\areeb_distracted_normal_0216.jpg,DISTRACTED,0.2205067462538705,0.2545928010745888,0.18642069143315224,0.9966590972781485,159.01550016165183,-32.302253131480974,-2.5692232760482745,0.5636196872297332,0.7300223827101818,0.39721699174928465,False,True,848,478
datasets\raw\custom_pakistani\DISTRACTED\areeb_distracted_normal_0217.jpg,DISTRACTED,0.1678028075432772,0.2092346675862574,0.12637094750029704,0.9679146149150426,158.1654199744379,-31.104231776679246,-2.9695074927768346,0.7581712109044247,0.9883458983695419,0.5279965234393077,False,True,848,478
datasets\raw\custom_pakistani\DISTRACTED\areeb_distracted_normal_0218.jpg,DISTRACTED,0.2211740391718099,0.25357581896479015,0.1887722593788296,1.0165407296879165,154.55705333175288,-31.2387167003547,-0.0015402440990112288,0.5701948368828065,0.7496554393365473,0.39073423442906574,False,True,848,478
datasets\raw\custom_pakistani\DISTRACTED\areeb_distracted_normal_0219.jpg,DISTRACTED,0.24168832295119086,0.2746656883971987,0.20871095750518304,1.0265145774767293,155.22108061531125,-31.516612230346674,0.07072962521010359,0.5758373868577353,0.7535002030665785,0.39817457064889206,False,True,848,478
datasets\raw\custom_pakistani\DISTRACTED\areeb_distracted_normal_0220.jpg,DISTRACTED,0.20551115632597544,0.26039752912755165,0.15062478352439926,1.0852512070374076,-99.16118773154233,-0.6377220000007233,-14.382636839992744,0.4566305075671803,0.43410791607430205,0.4791530990600586,True,True,848,478
datasets\raw\custom_pakistani\DISTRACTED\areeb_distracted_normal_0226.jpg,DISTRACTED,0.15527612242913968,0.1320841047525468,0.1784681401057326,1.0170343415178387,176.40886937688225,-26.08925484877269,-179.60773201466733,0.42103644818198593,0.2895375101055169,0.5525353862584549,True,True,848,478
datasets\raw\custom_pakistani\DISTRACTED\areeb_distracted_normal_0227.jpg,DISTRACTED,0.2807761321526677,0.2995767543550477,0.2619755099502878,0.9527737251405003,-176.24128627182108,-4.743786519747075,-0.5019867945276384,0.13804203987878425,0.1561364558399935,0.119947623917575,True,True,848,478
datasets\raw\custom_pakistani\DISTRACTED\areeb_distracted_normal_0228.jpg,DISTRACTED,0.2682946584313237,0.27407147130477166,0.26251784555787583,0.8948448820856946,179.5978775919632,3.2195240594386036,2.1217726200943323,0.17714007356465242,0.197166115178346,0.15711403195095883,True,True,848,478
datasets\raw\custom_pakistani\DISTRACTED\sh_distracted_normal_0000.jpg,DISTRACTED,0.2805046288745926,0.29465010270601233,0.2663591550431729,0.9593111784940359,-178.428486198617,31.16968471615253,-2.5892256664796656,1.0,1.0,1.0,False,False,480,848
datasets\raw\custom_pakistani\DISTRACTED\sh_distracted_normal_0001.jpg,DISTRACTED,0.30424355183771334,0.3237250850409348,0.28476201863449185,0.9775820377560267,-179.0002463625642,30.594770970225042,-2.5534446978451104,0.6861497388927469,0.61852817634689,0.7537713014386037,False,False,480,848
datasets\raw\custom_pakistani\DISTRACTED\sh_distracted_normal_0002.jpg,DISTRACTED,0.19690280198329654,0.20468440404248742,0.18912119992410567,0.9712991838346645,172.2921360264206,39.92648556449614,-0.6936866348857668,0.968471196317929,1.0,0.936942392635858,False,False,480,848
datasets\raw\custom_pakistani\DISTRACTED\sh_distracted_normal_0003.jpg,DISTRACTED,0.1992777780074696,0.1980332987066722,0.200522257308267,0.8707456967409918,-96.96260417991653,0.3727259477658668,-7.464907945870904,1.0,1.0,1.0,False,False,480,848
datasets\raw\custom_pakistani\DISTRACTED\sh_distracted_normal_0004.jpg,DISTRACTED,0.1840904499484638,0.20999511409288232,0.15818578580404524,0.8845344127030594,132.46041177129695,46.48616599708227,155.29008793406385,1.0,1.0,1.0,False,False,480,848
datasets\raw\custom_pakistani\DISTRACTED\sh_distracted_normal_0005.jpg,DISTRACTED,0.26313504934577225,0.1969204555930517,0.32934964309849274,0.9138290279431988,-170.6512692322875,-25.28487170969618,-175.03940533955256,1.0,1.0,1.0,False,False,480,848
datasets\raw\custom_pakistani\DISTRACTED\sh_distracted_normal_0006.jpg,DISTRACTED,0.18068472479961561,0.22020654131121561,0.14116290828801564,0.8882489333913309,-172.1425169478299,-19.017129623733886,-172.4521332834544,1.0,1.0,1.0,False,False,480,848
datasets\raw\custom_pakistani\DISTRACTED\sh_distracted_normal_0007.jpg,DISTRACTED,0.16153323287652407,0.21677538526392975,0.1062910804891184,0.9459076448251561,138.9898834653939,40.4001840400712,161.2840932158429,1.0,1.0,1.0,False,False,480,848
datasets\raw\custom_pakistani\DISTRACTED\sh_distracted_normal_0008.jpg,DISTRACTED,0.20569941656516968,0.26983506998680656,0.1415637631435328,0.9833826096124034,147.9934487357615,46.33760367974321,154.26399241571133,0.9759879930063432,1.0,0.9519759860126864,False,False,480,848
datasets\raw\custom_pakistani\DISTRACTED\sh_distracted_normal_0009.jpg,DISTRACTED,0.19990680643163555,0.2287778996135226,0.17103571324974848,0.9390117174416991,-99.07142644806646,-0.005746305309437068,-20.77478546409977,0.9086170951831887,1.0,0.8172341903663772,False,False,480,848
datasets\raw\custom_pakistani\DISTRACTED\sh_distracted_normal_0010.jpg,DISTRACTED,0.17301268389317295,0.19907940061549725,0.14694596717084865,1.0029743446795951,153.07602514973962,39.83197960375109,155.43868525703505,0.573486481118852,0.5857989833095043,0.5611739789281999,True,True,480,848
datasets\raw\custom_pakistani\DISTRACTED\sh_distracted_normal_0011.jpg,DISTRACTED,0.3018619282924737,0.33771854944397506,0.26600530714097237,0.9550131749636447,156.690307477024,39.49265223226084,158.27568487880012,0.4243796034704018,0.38684293493651445,0.4619162720042892,True,True,480,848
datasets\raw\custom_pakistani\DISTRACTED\sh_distracted_normal_0012.jpg,DISTRACTED,0.26976840495493876,0.2764571741505419,0.26307963575933563,0.982447010612243,155.61606433192898,35.05082201926366,160.84068666414018,0.4404494167569426,0.4044914422648099,0.4764073912490754,True,True,480,848
datasets\raw\custom_pakistani\DISTRACTED\sh_distracted_normal_0013.jpg,DISTRACTED,0.24569865720414075,0.26012293591241165,0.23127437849586985,1.0517500825715589,-176.35258972245614,15.92992286644896,-2.796785249011479,0.3276415568677328,0.3436395014266974,0.31164361230876814,True,True,480,848
datasets\raw\custom_pakistani\DISTRACTED\sh_distracted_normal_0014.jpg,DISTRACTED,0.06344491016822779,0.034088605732755906,0.09280121460369965,1.001948057819614,-179.1816340482722,5.452349261050775,-2.267998752712855,0.2882400544861303,0.2798891316262976,0.2965909773459631,True,True,480,848
datasets\raw\custom_pakistani\DISTRACTED\sh_distracted_normal_0015.jpg,DISTRACTED,0.2673147978084617,0.26759187780726285,0.26703771780966046,1.0162068758221623,-174.88729210874453,4.253185192108114,-0.29584165586140154,0.2895212185605319,0.2975366830552255,0.28150575406583833,True,True,480,848
datasets\raw\custom_pakistani\DISTRACTED\sh_distracted_normal_0016.jpg,DISTRACTED,0.2412588368884278,0.2586042420894604,0.2239134316873952,1.0059161316543404,-175.0007164013159,3.538366677913594,-0.1330240836775633,0.3484721579216864,0.34887077484130863,0.34807354100206417,True,True,480,848
datasets\raw\custom_pakistani\DISTRACTED\sh_distracted_normal_0017.jpg,DISTRACTED,0.25172300178416973,0.2653660655996686,0.23807993796867086,0.9955997702232514,-170.39115083182253,27.24543637933911,-0.598035538244496,0.23397514235231315,0.18660019418569104,0.2813500905189353,True,True,480,848
datasets\raw\custom_pakistani\DISTRACTED\sh_distracted_normal_0018.jpg,DISTRACTED,0.22474771786941228,0.23263785319844504,0.2168575825403795,0.9855272767733751,-172.9315809934491,32.80468937836862,-1.824820166866021,0.3323579257682113,0.30536436163107356,0.35935148990534915,True,True,480,848
datasets\raw\custom_pakistani\DISTRACTED\sh_distracted_normal_0019.jpg,DISTRACTED,0.1577557238666617,0.19290707157326872,0.1226043761600547,1.0495740818967607,-170.55602157220457,36.83171301112527,1.0607159593522277,0.4453313349948138,0.46788017485460665,0.42278249513502103,True,True,480,848
datasets\raw\custom_pakistani\DISTRACTED\sh_distracted_normal_0020.jpg,DISTRACTED,0.12462321318181431,0.13733690522804207,0.11190952113558655,1.0143747237458949,161.0764588609317,42.02874390296498,166.3726934610552,0.4212294594583609,0.41504521264288025,0.42741370627384145,True,True,480,848
datasets\raw\custom_pakistani\DISTRACTED\sh_distracted_normal_0021.jpg,DISTRACTED,0.1308515928380087,0.1576786719916876,0.10402451368432979,1.0098783930160713,159.24754978459757,44.095361691467566,164.97998420727933,0.45834450642558433,0.5322703421550095,0.38441867069615915,True,True,480,848
datasets\raw\custom_pakistani\DISTRACTED\sh_distracted_normal_0022.jpg,DISTRACTED,0.14680879951092674,0.1646890332069303,0.12892856581492318,0.9662387697684763,159.79447957501782,43.76420100857737,165.8330811548065,0.5497611550927752,0.6675352667616733,0.4319870434238772,False,True,480,848
datasets\raw\custom_pakistani\DISTRACTED\sh_distracted_normal_0023.jpg,DISTRACTED,0.229638568889116,0.2519276729062016,0.20734946487203035,0.9520656134989807,156.8089086109936,44.67755292942682,164.82394607495468,0.6843895260665263,0.7358599323375813,0.6329191197954711,False,False,480,848
datasets\raw\custom_pakistani\DISTRACTED\sh_distracted_normal_0024.jpg,DISTRACTED,0.17807589529937673,0.17699120877627225,0.17916058182248124,0.9491748979700739,158.5401283569411,43.48784476366709,164.62873129474903,0.48347971584497085,0.5514130716284334,0.41554636006150825,True,True,480,848
datasets\raw\custom_pakistani\DISTRACTED\sh_distracted_normal_0025.jpg,DISTRACTED,0.1901553783675632,0.1977481726271688,0.18256258410795756,0.9924375875822412,159.42706226902934,42.538152356020575,164.13025339499544,0.5062459617248334,0.5522909870236528,0.46020093642601395,True,True,480,848
datasets\raw\custom_pakistani\DISTRACTED\sh_distracted_normal_0026.jpg,DISTRACTED,0.1783171513233758,0.17055515559371318,0.18607914705303844,0.9818006084651265,158.2330334283206,42.965883243207124,162.4267754955963,0.5261849261357437,0.5351164306331477,0.5172534216383398,True,True,480,848
datasets\raw\custom_pakistani\DISTRACTED\sh_distracted_normal_0027.jpg,DISTRACTED,0.14860076398211236,0.13694004770321663,0.16026148026100806,0.9576373386586403,158.88758934086343,43.56040600748092,162.02653553128243,0.467306278919873,0.485299,0.44931355783974597,True,True,480,848
datasets\raw\custom_pakistani\DISTRACTED\sh_distracted_normal_0028.jpg,DISTRACTED,0.1631010890797326,0.17112205579256498,0.15508012236690022,0.9985033120743017,157.1760328224789,42.737570731848635,160.8101069116892,0.5530661272513755,0.5947195871056242,0.5114126673971269,True,True,480,848
datasets\raw\custom_pakistani\DISTRACTED\sh_distracted_normal_0029.jpg,DISTRACTED,0.1777080378289458,0.18727661296774917,0.16813946269014238,0.9490105719705006,156.10165513421703,44.26787189611051,159.6573354211546,0.5851725991245075,0.5498910580757819,0.6204541401732331,True,False,480,848
datasets\raw\custom_pakistani\DISTRACTED\sh_distracted_normal_0030.jpg,DISTRACTED,0.20668057124089265,0.23192619408938792,0.18143494839239738,0.9655243703599881,153.85420872213894,44.838680509183185,158.00450211450706,0.5949496404389634,0.5608151072837585,0.6290841735941681,True,False,480,848
datasets\raw\custom_pakistani\DISTRACTED\sh_distracted_normal_0031.jpg,DISTRACTED,0.19852776298514468,0.22773774526284013,0.1693177807074492,0.9627500348783438,154.05359681097278,45.466281491122395,156.70841352702942,0.6563802300563234,0.5979638137355192,0.7147966463771276,True,False,480,848
datasets\raw\custom_pakistani\DISTRACTED\sh_distracted_normal_0032.jpg,DISTRACTED,0.1821460244431113,0.2219662823125688,0.14232576657365378,0.9589082860310723,153.6681472794642,46.361556034305984,156.65625619141528,0.5731895875136302,0.6493672041676067,0.4970119708596537,False,True,480,848
datasets\raw\custom_pakistani\DISTRACTED\sh_distracted_normal_0033.jpg,DISTRACTED,0.34535605617968057,0.35208795425980427,0.3386241580995568,0.9333073486090968,151.67328030497822,46.717624190183734,156.068797702526,0.7388872120434473,0.7755513209890329,0.7022231030978616,False,False,480,848
datasets\raw\custom_pakistani\DISTRACTED\sh_distracted_normal_0034.jpg,DISTRACTED,0.1288817440531127,0.17719630923604954,0.08056717887017584,0.9719366257788677,152.34844300880235,46.57987524701572,155.76564855713724,0.6510149189249629,0.6355921387810822,0.6664376990688435,False,False,480,848
datasets\raw\custom_pakistani\DISTRACTED\sh_distracted_normal_0035.jpg,DISTRACTED,0.13780737233635515,0.1672441536020117,0.1083705910706986,0.9704416252785139,159.00255358744892,46.12267838638157,157.3500300791862,0.5201321832692136,0.528469336674829,0.5117950298635983,True,True,480,848
datasets\raw\custom_pakistani\DISTRACTED\sh_distracted_normal_0036.jpg,DISTRACTED,0.14416016027749795,0.18844828565141342,0.09987203490358247,0.9677314340753473,156.58306194876124,47.482511722519575,155.58657504046582,0.5680061886554779,0.4777996346158385,0.6582127426951172,True,False,480,848
datasets\raw\custom_pakistani\DISTRACTED\sh_distracted_normal_0037.jpg,DISTRACTED,0.11277329106781983,0.14486201441465305,0.08068456772098662,0.9920838470971552,156.5398763537316,47.57722520346887,156.12061370975493,0.4370174525005406,0.3978638742556943,0.4761710307453868,True,True,480,848
datasets\raw\custom_pakistani\DISTRACTED\sh_distracted_normal_0038.jpg,DISTRACTED,0.3122533919608282,0.3239708687033801,0.3005359152182763,0.9788066126387845,158.58406440451643,48.45711655781836,156.23915156597033,0.532176503755304,0.5892929900607258,0.47506001744988224,True,True,480,848
datasets\raw\custom_pakistani\DISTRACTED\sh_distracted_normal_0039.jpg,DISTRACTED,0.3262223960256654,0.34214191867862587,0.31030287337270485,0.984509449108059,157.92688949490247,49.06806763530806,156.2310568135935,0.5285554757460241,0.49271993516612667,0.5643910163259216,True,True,480,848
datasets\raw\custom_pakistani\DISTRACTED\sh_distracted_normal_0040.jpg,DISTRACTED,0.35066416136575984,0.36814768315773033,0.3331806395737893,0.9694712211920457,155.26938233753543,48.75480592920547,155.38205085063612,0.5730952828084832,0.5751132657305567,0.5710772998864099,True,True,480,848
datasets\raw\custom_pakistani\DISTRACTED\sh_distracted_normal_0041.jpg,DISTRACTED,0.1675998907394346,0.21557712848539326,0.11962265299347595,0.9874659499745773,157.1581736600566,47.06016283347396,155.92867978113833,0.5750009220238188,0.5655915935990475,0.58441025044859,True,True,480,848
datasets\raw\custom_pakistani\DISTRACTED\sh_distracted_normal_0042.jpg,DISTRACTED,0.1368792239088591,0.16259697932284298,0.11116146849487524,0.9888169632711623,156.70867084728886,46.93206566441127,156.20817438570793,0.5763394598734393,0.5814393341625776,0.571239585584301,True,True,480,848
datasets\raw\custom_pakistani\DISTRACTED\sh_distracted_normal_0043.jpg,DISTRACTED,0.20880748455605258,0.24658753780290282,0.17102743130920234,0.9658776494708651,155.41284919107966,48.46420052406947,154.71507247382687,0.899877761081266,0.8420175406646284,0.9577379814979037,False,False,480,848
datasets\raw\custom_pakistani\DISTRACTED\sh_distracted_normal_0044.jpg,DISTRACTED,0.2321968757903865,0.2552915415514461,0.2091022100293269,0.9773006768004979,159.00382655864098,45.92297196750549,157.97793857039323,0.6410597610943978,0.5086897495266167,0.7734297726621788,True,False,480,848
datasets\raw\custom_pakistani\DISTRACTED\sh_distracted_normal_0045.jpg,DISTRACTED,0.13085553519563903,0.14158336866518528,0.12012770172609279,1.0089490215038226,160.8331853500267,41.476419777857075,161.52059667160904,0.5621607647623872,0.6259138244239428,0.4984077051008316,False,True,480,848
datasets\raw\custom_pakistani\DISTRACTED\sh_distracted_normal_0046.jpg,DISTRACTED,0.08841207432158524,0.08603506061304513,0.09078908803012535,1.0386545522169848,-170.4534871751332,37.70543238535961,-0.39151221301116196,0.46021117148925733,0.4791174933596367,0.44130484961887795,True,True,480,848
datasets\raw\custom_pakistani\DISTRACTED\sh_distracted_normal_0047.jpg,DISTRACTED,0.3077587890602931,0.31790956614435484,0.2976080119762313,1.011741042176228,-167.76855458416873,35.05141071208579,0.5680781279726549,0.42011980804547044,0.48058267778315894,0.35965693830778195,True,True,480,848
datasets\raw\custom_pakistani\DISTRACTED\sh_distracted_normal_0048.jpg,DISTRACTED,0.3437634340334549,0.36710097171882417,0.32042589634808555,1.0188186688584535,-169.8580249641891,35.004011879803016,-0.12745917537837254,0.4934017483944688,0.5961513376702853,0.3906521591186523,True,True,480,848
datasets\raw\custom_pakistani\DISTRACTED\sh_distracted_normal_0049.jpg,DISTRACTED,0.09242660431987144,0.10654261351855918,0.07831059512118371,0.9991130787848819,-172.92552621415413,38.88459465817115,-2.8676355809855467,0.3340660506359201,0.2445963639940074,0.42353573727783284,True,True,480,848
datasets\raw\custom_pakistani\DISTRACTED\sh_distracted_normal_0050.jpg,DISTRACTED,0.14622471835542028,0.18105244187720396,0.1113969948336366,1.0204396485940177,-169.11372317042822,39.3559240374734,-2.1312522984904287,0.4061275509557166,0.37295834086768836,0.4392967610437448,True,True,480,848
datasets\raw\custom_pakistani\DISTRACTED\sh_distracted_normal_0051.jpg,DISTRACTED,0.3310732028466711,0.3334747712427521,0.3286716344505901,0.991825122061098,159.69295788703874,43.850136004535216,160.1532859166679,0.4952154072217456,0.5824702484933182,0.4079605659501731,True,True,480,848
datasets\raw\custom_pakistani\DISTRACTED\sh_distracted_normal_0052.jpg,DISTRACTED,0.16816711232782092,0.2026980481032004,0.13363617655244142,0.9986390166070332,162.06278855282312,42.277089435682704,161.95792526416133,0.5171071298823846,0.5650600403463393,0.4691542194184299,True,True,480,848
datasets\raw\custom_pakistani\DISTRACTED\sh_distracted_normal_0053.jpg,DISTRACTED,0.11498111908623367,0.11432210842850112,0.11564012974396622,1.0109842632335881,-169.8312105184615,41.07203793448902,-0.3754316231478963,0.480164094090748,0.5173286489151874,0.44299953926630864,True,True,480,848
datasets\raw\custom_pakistani\DISTRACTED\sh_distracted_normal_0054.jpg,DISTRACTED,0.13669536638335428,0.1505638484728934,0.12282688429381514,0.9678474099585501,160.82203447471701,42.78821161947097,160.68245051251654,0.46724632347219935,0.48256371175921353,0.4519289351851852,True,True,480,848
datasets\raw\custom_pakistani\DISTRACTED\sh_distracted_normal_0055.jpg,DISTRACTED,0.2451875599526707,0.263084671868892,0.22729044803644938,0.9294952494053106,160.44611888695943,47.78593497060214,158.23396945862171,0.5276590549406233,0.4521950234307184,0.6031230864505281,True,False,480,848
datasets\raw\custom_pakistani\DISTRACTED\sh_distracted_normal_0056.jpg,DISTRACTED,0.2948634322463297,0.2896084108890803,0.3001184536035792,0.926358585667461,155.40142189898648,49.5007540817981,158.1698851827178,0.5081066215716044,0.5094758080768461,0.5067374350663626,True,True,480,848
datasets\raw\custom_pakistani\DISTRACTED\sh_distracted_normal_0057.jpg,DISTRACTED,0.29664996658301657,0.2930609616229501,0.3002389715430831,0.9106011290372804,149.59819506761377,50.233649016891974,160.35542653175798,0.82874655150141,0.9844950951464787,0.6729980078563412,False,False,480,848
datasets\raw\custom_pakistani\DISTRACTED\sh_distracted_normal_0058.jpg,DISTRACTED,0.309583180972681,0.3083623302387271,0.31080403170663495,0.9325332974254807,145.36003367621345,49.26142442198063,158.09658408522887,1.0,1.0,1.0,False,False,480,848
datasets\raw\custom_pakistani\DISTRACTED\sh_distracted_normal_0059.jpg,DISTRACTED,0.2459962047352774,0.21002481281976834,0.28196759665078647,0.8382747998319525,-98.21883711856513,0.06749421411800435,-18.528347699549542,0.8642414307277058,1.0,0.7284828614554116,False,False,480,848
datasets\raw\custom_pakistani\DISTRACTED\sh_distracted_normal_0060.jpg,DISTRACTED,0.28496419299001147,0.24994096781787895,0.319987418162144,0.8874501845218582,137.80573763642974,51.76440960313643,152.24134682175827,0.8566957522551337,1.0,0.7133915045102676,False,False,480,848
datasets\raw\custom_pakistani\DISTRACTED\sh_distracted_normal_0061.jpg,DISTRACTED,0.2839958732893423,0.2620208282726788,0.3059709183060058,0.9305360627425718,139.03799800231073,49.18015630791893,153.78078654961567,1.0,1.0,1.0,False,False,480,848
datasets\raw\custom_pakistani\DISTRACTED\sh_distracted_normal_0062.jpg,DISTRACTED,0.3047780474131284,0.28684041577378216,0.32271567905247467,0.7213645856926566,143.43516503956096,55.677637933588095,154.27522523079344,0.8584712105445715,1.0,0.7169424210891432,False,False,480,848
datasets\raw\custom_pakistani\DISTRACTED\sh_distracted_normal_0063.jpg,DISTRACTED,0.2579853303020559,0.20698684707072312,0.30898381353338866,0.7170070251879171,-171.8646530632444,46.33790690987288,4.404875795681336,0.8293386227795494,1.0,0.6586772455590988,False,False,480,848
datasets\raw\custom_pakistani\DISTRACTED\sh_distracted_normal_0064.jpg,DISTRACTED,0.25383143463031566,0.2315882061511085,0.2760746631095228,0.802223352858763,-175.12620873285022,-14.379378019432062,179.48364991847183,0.7230068437663935,1.0,0.446013687532787,False,True,480,848
datasets\raw\custom_pakistani\DISTRACTED\sh_distracted_normal_0065.jpg,DISTRACTED,0.2626084029206038,0.21934271109753153,0.305874094743676,0.7333718824951736,149.26330771201705,45.99090683326381,161.90374765869808,0.6795022037981859,1.0,0.35900440759637187,False,True,480,848
datasets\raw\custom_pakistani\DISTRACTED\sh_distracted_normal_0066.jpg,DISTRACTED,0.24126013140533872,0.18373149002175265,0.2987887727889248,0.7174052175628711,148.96156667540282,46.4384236012958,163.49437267779314,0.5925455603795385,1.0,0.18509112075907708,False,True,480,848
datasets\raw\custom_pakistani\DISTRACTED\sh_distracted_normal_0067.jpg,DISTRACTED,0.2647556135327297,0.2309082409724058,0.29860298609305364,0.7362394219135763,-171.0596255643777,43.175732006306724,11.943813363064844,0.6782690854119425,1.0,0.35653817082388506,False,True,480,848
datasets\raw\custom_pakistani\DISTRACTED\sh_distracted_normal_0068.jpg,DISTRACTED,0.2701950456013195,0.28533200792802066,0.2550580832746184,0.9025700206410286,-98.21474671140659,0.45757421753085387,-7.411462196735486,0.9164521601909994,1.0,0.8329043203819989,False,False,480,848
datasets\raw\custom_pakistani\DISTRACTED\sh_distracted_normal_0069.jpg,DISTRACTED,0.29426028285266803,0.3223487065728334,0.26617185913250263,0.9441486387968444,179.02363634015848,36.39096583590895,6.269186143111206,1.0,1.0,1.0,False,False,480,848
datasets\raw\custom_pakistani\DISTRACTED\sh_distracted_normal_0070.jpg,DISTRACTED,0.272293105735823,0.2750955480420775,0.26949066342956846,0.8443558266039857,179.78670549645247,33.91063620335948,3.6872054891619124,0.8518061965962855,1.0,0.7036123931925711,False,False,480,848
datasets\raw\custom_pakistani\DISTRACTED\sh_distracted_normal_0071.jpg,DISTRACTED,0.2675260971987816,0.2796581905468571,0.2553940038507062,0.8587323802254465,-173.6169085644161,42.22781194339397,6.116269166325997,0.6466053287981859,1.0,0.2932106575963719,False,True,480,848
datasets\raw\custom_pakistani\DISTRACTED\sh_distracted_normal_0072.jpg,DISTRACTED,0.20385994893603276,0.26230213525093676,0.14541776262112877,0.9217222355413137,148.64039874010655,41.59903222265541,165.5299336785048,0.8121114123495803,1.0,0.6242228246991605,False,False,480,848
datasets\raw\custom_pakistani\DISTRACTED\sh_distracted_normal_0073.jpg,DISTRACTED,0.19342959493889583,0.2323787885076325,0.15448040137015914,0.8945406718817572,-98.25019063170551,0.38705864298559123,-5.212629577488862,0.8554457610249983,1.0,0.7108915220499965,False,False,480,848
datasets\raw\custom_pakistani\DISTRACTED\sh_distracted_normal_0074.jpg,DISTRACTED,0.2474184923031646,0.29297520544671307,0.20186177915961614,0.869011540483453,148.4767963532495,44.9278110181976,164.77799548014406,0.7984291356257127,1.0,0.5968582712514255,False,True,480,848
datasets\raw\custom_pakistani\DISTRACTED\sh_distracted_normal_0075.jpg,DISTRACTED,0.25231101226952307,0.24349469297385176,0.26112733156519435,0.9052342053495362,145.9912732938746,47.41813670211881,160.66238394147703,0.7348212027577579,1.0,0.4696424055155158,False,True,480,848
datasets\raw\custom_pakistani\DISTRACTED\sh_distracted_normal_0076.jpg,DISTRACTED,0.23462646323553427,0.1813480796465551,0.2879048468245134,0.7355222686481234,-168.5142545497805,48.00245042207699,11.558809276314898,0.8067069210658856,1.0,0.6134138421317712,False,False,480,848
datasets\raw\custom_pakistani\DISTRACTED\sh_distracted_normal_0077.jpg,DISTRACTED,0.247193599006799,0.2685625884592693,0.22582460955432873,0.7968304604676191,149.48054181100298,49.66343205380924,165.02980481433804,0.7075460954233955,1.0,0.4150921908467911,False,True,480,848
datasets\raw\custom_pakistani\DISTRACTED\sh_distracted_normal_0078.jpg,DISTRACTED,0.2068958147981712,0.260019895854037,0.15377173374230543,0.7344158370501727,150.6458038016298,54.197600677910295,166.5957613852357,0.7163744773264831,1.0,0.43274895465296626,False,True,480,848
datasets\raw\custom_pakistani\DISTRACTED\sh_distracted_normal_0079.jpg,DISTRACTED,0.23665752551388433,0.2057865302553361,0.26752852077243255,0.855648926618865,149.4634518148936,48.526371824457804,164.50566269684316,0.640275796871779,1.0,0.28055159374355804,False,True,480,848
datasets\raw\custom_pakistani\DISTRACTED\sh_distracted_normal_0080.jpg,DISTRACTED,0.23041277150243622,0.2398954524204675,0.22093009058440496,0.8554896511945258,152.2593103477296,42.673696956393805,167.33453933878707,0.7320146873112934,1.0,0.4640293746225867,False,True,480,848
datasets\raw\custom_pakistani\DISTRACTED\sh_lowlight_distracted_normal_0000.jpg,DISTRACTED,0.2715316738847146,0.23864126008365963,0.3044220876857696,0.8960815150990092,-176.45358708582174,21.526302004177815,-3.7070959764225697,0.32119910802024537,0.4420793428935588,0.2003188731469319,True,True,480,848
datasets\raw\custom_pakistani\DISTRACTED\sh_lowlight_distracted_normal_0001.jpg,DISTRACTED,0.27231027566090116,0.28555602860718365,0.2590645227146187,0.7937763597124415,155.42208655879358,56.89308164940485,162.26215318682046,0.10563032988973318,0.15557130246848744,0.05568935731097894,True,True,480,848
datasets\raw\custom_pakistani\DISTRACTED\sh_lowlight_distracted_normal_0002.jpg,DISTRACTED,0.23555810769448005,0.2271267287180236,0.24398948667093645,0.7602929165356539,150.40164279037586,59.84797611680198,163.6033964535845,0.04926030908652665,0.04683764607809286,0.05168297209496043,True,True,480,848
datasets\raw\custom_pakistani\DISTRACTED\sh_lowlight_distracted_normal_0003.jpg,DISTRACTED,0.2104081774458588,0.261140856734035,0.15967549815768262,0.7394211306854436,162.11555178874247,59.83054267981372,166.61589076530612,0.0504954993013364,0.053553676449180417,0.04743732215349238,True,True,480,848
datasets\raw\custom_pakistani\DISTRACTED\sh_lowlight_distracted_normal_0004.jpg,DISTRACTED,0.23220688736935846,0.22211016275322534,0.24230361198549158,0.6735876406184664,146.69039434191438,63.47213887317193,157.50634988381455,0.03643191251847873,0.043869361803388844,0.028994463233568607,True,True,480,848
datasets\raw\custom_pakistani\DISTRACTED\sh_lowlight_distracted_normal_0005.jpg,DISTRACTED,0.19976840582729335,0.1663143295502561,0.2332224821043306,0.719894066205169,-153.2210794517652,-24.197635562581375,-169.94151856889778,0.06628811310681204,0.09079342184317664,0.04178280437044744,True,True,480,848
datasets\raw\custom_pakistani\DISTRACTED\sh_lowlight_distracted_normal_0006.jpg,DISTRACTED,0.16538911007643564,0.18443307154380298,0.14634514860906828,0.7927823094878073,171.41940188681153,28.532034214259358,16.250323781607687,0.0807232569841175,0.10177384605066814,0.059672667917566855,True,True,480,848
datasets\raw\custom_pakistani\DISTRACTED\sh_lowlight_distracted_normal_0007.jpg,DISTRACTED,0.2379250941105048,0.20949936748559123,0.2663508207354184,0.9643655884119865,143.67769699215188,6.221232420712929,-178.31009537551517,0.07870811848094295,0.10225562000132196,0.055160616960563943,True,True,480,848
datasets\raw\custom_pakistani\DISTRACTED\sh_lowlight_distracted_normal_0008.jpg,DISTRACTED,0.17465940025605214,0.18285546953671164,0.16646333097539268,0.9801486349868385,167.7738452473361,-34.23057331191662,-5.645401285040734,0.0760600685126029,0.08476552489228678,0.06735461213291902,True,True,480,848
datasets\raw\custom_pakistani\DISTRACTED\sh_lowlight_distracted_normal_0009.jpg,DISTRACTED,0.24307498704871938,0.2647152719480019,0.2214347021494369,1.0326349462166808,134.2396171990413,-61.22762691667458,-158.01709460099812,0.15775459192039049,0.227707457131352,0.08780172670942898,True,True,480,848
datasets\raw\custom_pakistani\DISTRACTED\sh_lowlight_distracted_normal_0010.jpg,DISTRACTED,0.10659261356059076,0.13682803925803383,0.07635718786314769,0.9223095854419688,175.2231854121593,-8.650066186647914,-1.3019915718977024,0.051555665948905365,0.058449891032882687,0.04466144086492804,True,True,480,848
datasets\raw\custom_pakistani\DISTRACTED\sh_lowlight_distracted_normal_0011.jpg,DISTRACTED,0.19707343084047926,0.2894657591352175,0.10468110254574105,0.8924354268313746,-170.20864865647226,17.603184557138945,0.3473364897298608,0.06408650034422739,0.06874143749863915,0.05943156318981562,True,True,480,848
datasets\raw\custom_pakistani\DISTRACTED\sh_lowlight_distracted_normal_0012.jpg,DISTRACTED,0.16039461459000867,0.2149621186855305,0.10582711049448683,0.9020845053230929,-170.29497321925916,38.17394264810426,176.113567981558,0.05863195320088977,0.06026315515493004,0.0570007512468495,True,True,480,848
datasets\raw\custom_pakistani\DISTRACTED\sh_lowlight_distracted_normal_0013.jpg,DISTRACTED,0.1596693919706949,0.22075060194151536,0.09858818199987444,0.8886488254429344,-172.57079341867242,44.08499769277574,175.36834592644493,0.09066820334536223,0.07500730885486348,0.10632909783586098,True,True,480,848
datasets\raw\custom_pakistani\DISTRACTED\sh_lowlight_distracted_normal_0014.jpg,DISTRACTED,0.2813214733832162,0.2878682359044712,0.2747747108619613,0.9315300418299974,179.40293938438032,43.962926614113,171.214673041894,0.05929198768274069,0.05389016,0.06469381536548137,True,True,480,848
datasets\raw\custom_pakistani\DISTRACTED\sh_lowlight_distracted_normal_0015.jpg,DISTRACTED,0.31303655706333766,0.2870914033023349,0.3389817108243405,0.8984643739442385,175.9608733826477,27.411364972829016,-0.4121961467396926,0.10993513380591059,0.16508955452633495,0.05478071308548624,True,True,480,848
datasets\raw\custom_pakistani\DISTRACTED\sh_lowlight_distracted_normal_0016.jpg,DISTRACTED,0.27027866119593125,0.25940745666702547,0.28114986572483697,0.8491536907376086,173.7963178819875,28.55266244429743,0.4401458018738893,0.13576187647708918,0.18395625931064263,0.08756749364353573,True,True,480,848
datasets\raw\custom_pakistani\DISTRACTED\sh_lowlight_distracted_normal_0017.jpg,DISTRACTED,0.28561038241032766,0.28966635520463785,0.2815544096160175,0.9331855872514035,175.69433984370573,24.813119507945725,2.5479401241900694,0.11475413596068303,0.15575703495924034,0.07375123696212571,True,True,480,848
datasets\raw\custom_pakistani\DISTRACTED\sh_lowlight_distracted_normal_0018.jpg,DISTRACTED,0.21098862372687482,0.22236574160399872,0.19961150584975096,0.9085118814514952,168.45522955280848,19.488459513722017,-0.6990772867881253,0.06697311507250774,0.06932339535450299,0.06462283479051248,True,True,480,848
datasets\raw\custom_pakistani\DISTRACTED\sh_lowlight_distracted_normal_0019.jpg,DISTRACTED,0.18893839656615335,0.25750999238818856,0.12036680074411815,0.8421450673286025,156.22139404336713,53.181586627126684,164.68129802358158,0.049190243236313075,0.05157632771421085,0.04680415875841531,True,True,480,848
datasets\raw\custom_pakistani\DISTRACTED\sh_lowlight_distracted_normal_0020.jpg,DISTRACTED,0.22630359411114928,0.2697157457332565,0.18289144248904204,0.7711532047932468,163.4793693935324,40.472574079809455,175.1270950685779,0.049199851136260096,0.05034274698011517,0.04805695529240502,True,True,480,848
datasets\raw\custom_pakistani\DISTRACTED\sh_lowlight_distracted_normal_0021.jpg,DISTRACTED,0.23339240136311273,0.29711118890632626,0.1696736138198992,0.7754595827276466,155.35550044194403,58.39234234589291,168.3803848672716,0.06389068652448024,0.06954575043362923,0.05823562261533126,True,True,480,848
datasets\raw\custom_pakistani\DISTRACTED\sh_lowlight_distracted_normal_0022.jpg,DISTRACTED,0.19855300742060047,0.22437662089221933,0.17272939394898162,0.8296866122252259,150.84567928993414,55.89976555532424,168.5886472699015,0.062434976112162546,0.06438785487528347,0.060482097349041634,True,True,480,848
datasets\raw\custom_pakistani\DISTRACTED\sh_lowlight_distracted_normal_0023.jpg,DISTRACTED,0.21091621837043942,0.23074366725890424,0.1910887694819746,0.6798733013170712,-145.41128573123748,40.219562322300305,-167.5310762156792,0.11602692918522824,0.09763707183364839,0.13441678653680808,True,True,480,848
datasets\raw\custom_pakistani\DISTRACTED\sh_lowlight_distracted_normal_0024.jpg,DISTRACTED,0.22106319817208236,0.2513278013642307,0.190798594979934,0.7328061354236967,-169.83204032394212,37.054441045656354,20.093066672044575,0.13386185316877075,0.09732516945609976,0.17039853688144174,True,True,480,848
datasets\raw\custom_pakistani\DISTRACTED\sh_lowlight_distracted_normal_0027.jpg,DISTRACTED,0.20057603019042652,0.21481980840952533,0.18633225197132774,0.6858022211968159,-170.6145996051672,52.214249183028805,35.67637928332914,0.1763741731574316,0.1747143935806933,0.17803395273416991,True,True,480,848
datasets\raw\custom_pakistani\DISTRACTED\sh_lowlight_distracted_normal_0028.jpg,DISTRACTED,0.18000296635912638,0.17372738818842598,0.18627854452982678,0.777105175002317,144.32957804949316,57.003914956153416,173.11496067995,0.05014812473226715,0.059697611104116824,0.04059863836041749,True,True,480,848
datasets\raw\custom_pakistani\DISTRACTED\sh_lowlight_distracted_normal_0029.jpg,DISTRACTED,0.21843070068134596,0.2582398917704597,0.1786215095922322,0.7807602519691239,164.61812763097066,59.07031700066772,-179.69161532105605,0.05171068218954249,0.056033169934640525,0.04738819444444444,True,True,480,848
datasets\raw\custom_pakistani\DISTRACTED\sh_lowlight_distracted_normal_0030.jpg,DISTRACTED,0.15144179800394614,0.17425654921205105,0.1286270467958412,0.8464659822149133,-177.5274309870175,36.19014021295525,-170.90721665598986,0.06166745585173446,0.0734940238640356,0.04984088783943331,True,True,480,848
datasets\raw\custom_pakistani\DISTRACTED\sh_lowlight_distracted_normal_0031.jpg,DISTRACTED,0.1765068067849384,0.1801715444537655,0.17284206911611136,0.7873091397380849,168.44478126051374,53.59792546033445,-177.9393358466848,0.06124075101386428,0.06604144968006347,0.0564400523476651,True,True,480,848
datasets\raw\custom_pakistani\DISTRACTED\sh_lowlight_distracted_normal_0032.jpg,DISTRACTED,0.16392907325805645,0.19081742766384588,0.13704071885226699,0.7269032111881308,158.64630954723324,55.87973986480748,179.13053922101682,0.06238383809747462,0.06756992242896963,0.05719775376597961,True,True,480,848
datasets\raw\custom_pakistani\DISTRACTED\sh_lowlight_distracted_normal_0033.jpg,DISTRACTED,0.21295123684528372,0.28972700754214437,0.13617546614842307,0.8237744865642862,165.56052591684224,57.55586372861946,-176.31306072779978,0.06684095195072516,0.073843609375,0.05983829452645033,True,True,480,848
datasets\raw\custom_pakistani\DISTRACTED\sh_lowlight_distracted_normal_0034.jpg,DISTRACTED,0.1275400510179692,0.14640947523780584,0.10867062679813257,0.8006495045975727,163.01636891682855,48.23907032864113,179.3324912771651,0.06005955537433302,0.061228206755924906,0.05889090399274113,True,True,480,848
datasets\raw\custom_pakistani\DISTRACTED\sh_lowlight_distracted_normal_0035.jpg,DISTRACTED,0.18780969831869915,0.19754187016813887,0.17807752646925942,0.9315832914045648,174.09967982635337,-17.095067640933426,5.856689382985525,0.120747629157332,0.1888489474826389,0.05264631083202512,True,True,480,848
datasets\raw\custom_pakistani\DISTRACTED\sh_lowlight_distracted_normal_0036.jpg,DISTRACTED,0.27498288359363054,0.24358981478232541,0.30637595240493565,1.1715054436780838,176.2603683358479,-30.76579957217611,9.88781286986811,0.10223741654755777,0.15114266199137993,0.053332171103735615,True,True,480,848
datasets\raw\custom_pakistani\DISTRACTED\sh_lowlight_distracted_normal_0037.jpg,DISTRACTED,0.30372134929463335,0.29360801746636284,0.31383468112290386,1.0765952930036753,176.4386911614355,-28.930501142262493,7.406645156140658,0.17688780492156722,0.24066724128861203,0.1131083685545224,True,True,480,848
datasets\raw\custom_pakistani\DISTRACTED\sh_lowlight_distracted_normal_0038.jpg,DISTRACTED,0.2906755497052585,0.2549079275795081,0.3264431718310089,1.0389222131707072,174.29442846242605,-28.658033448714367,5.031766176303973,0.19056313235089034,0.29376794371412634,0.08735832098765432,True,True,480,848
datasets\raw\custom_pakistani\DISTRACTED\sh_lowlight_distracted_normal_0039.jpg,DISTRACTED,0.1407112200043224,0.2006044162386875,0.08081802376995732,1.0247544851141246,178.3651107894317,-26.907416375765973,0.7363679575592378,0.06389540646624725,0.0719107187844915,0.055880094148003,True,True,480,848
datasets\raw\custom_pakistani\DISTRACTED\sh_lowlight_distracted_normal_0040.jpg,DISTRACTED,0.2800946585462843,0.2686206564687267,0.2915686606238419,0.9823469735771767,-179.32794994607394,-20.272028669060628,1.2013016387972975,0.2154233985686244,0.3520039598226166,0.07884283731463218,True,True,480,848
datasets\raw\custom_pakistani\DISTRACTED\sh_lowlight_distracted_normal_0041.jpg,DISTRACTED,0.13239475610232973,0.15847684878760085,0.10631266341705863,0.8846587567073927,175.39454096094016,1.6438785491373233,-2.4547066408424953,0.050581554282211234,0.05026070163641458,0.05090240692800789,True,True,480,848
datasets\raw\custom_pakistani\DISTRACTED\sh_lowlight_distracted_normal_0042.jpg,DISTRACTED,0.24980170241117422,0.2256070323092256,0.27399637251312287,0.8265556758936004,154.2903544503225,50.106825993935544,157.49544753944647,0.052420751361951026,0.05329423119201513,0.05154727153188692,True,True,480,848
datasets\raw\custom_pakistani\DISTRACTED\sh_lowlight_distracted_normal_0043.jpg,DISTRACTED,0.25446204062417443,0.23591669005435797,0.2730073911939909,0.8151393966359127,149.17354379413612,50.767003288745514,151.6049147662946,0.06756849047914856,0.07511194818851821,0.06002503276977893,True,True,480,848
datasets\raw\custom_pakistani\DISTRACTED\sh_lowlight_distracted_normal_0044.jpg,DISTRACTED,0.23603752360304314,0.2540204096940524,0.2180546375120339,0.9069318271837521,177.16110637544077,23.709194362871973,-8.332426860991077,0.056976690610774,0.052844029227640664,0.06110935199390734,True,True,480,848
datasets\raw\custom_pakistani\DISTRACTED\sh_lowlight_distracted_normal_0045.jpg,DISTRACTED,0.21016423651044766,0.21702710480592852,0.2033013682149668,0.9503740314995781,174.84293229174048,13.468164871698479,-5.37001737883201,0.0987708972666342,0.1143532462370182,0.08318854829625019,True,True,480,848
datasets\raw\custom_pakistani\DISTRACTED\sh_lowlight_distracted_normal_0046.jpg,DISTRACTED,0.2962103884366104,0.29774909000607636,0.29467168686714446,1.0290333217879903,178.35048505523827,4.962515003978238,-1.9450830596998367,0.09513658223707952,0.12101567391559381,0.06925749055856524,True,True,480,848
datasets\raw\custom_pakistani\DISTRACTED\sh_lowlight_distracted_normal_0047.jpg,DISTRACTED,0.27427479562157386,0.2972403038198952,0.2513092874232525,1.049822763691408,175.8275496396259,-11.599022029679851,-0.4588889230865895,0.17530038675869117,0.21945419361980978,0.13114657989757256,True,True,480,848
datasets\raw\custom_pakistani\DISTRACTED\sh_lowlight_distracted_normal_0048.jpg,DISTRACTED,0.28874869658830493,0.26826229836230947,0.30923509481430034,0.9637853553049361,177.4388809577712,-17.171130391813104,-1.1075521934412729,0.5181696180673796,0.9156158890630919,0.12072334707166732,False,True,480,848
datasets\raw\custom_pakistani\DISTRACTED\sh_lowlight_distracted_normal_0049.jpg,DISTRACTED,0.29059782442859705,0.2795053009166943,0.30169034794049987,0.9898695761012543,170.56619448945008,-15.927769754911285,0.35151464597345067,0.541129561292076,1.0,0.0822591225841521,False,True,480,848
datasets\raw\custom_pakistani\DISTRACTED\sh_lowlight_distracted_normal_0050.jpg,DISTRACTED,0.24027284390339199,0.25368369005394276,0.22686199775284124,0.9620218202431339,174.45693894500624,-16.080818756881378,1.1888908039650932,0.246629813598838,0.4335541343744538,0.05970549282322221,True,True,480,848
datasets\raw\custom_pakistani\DISTRACTED\sh_lowlight_distracted_normal_0051.jpg,DISTRACTED,0.2307056824796455,0.21310295141120564,0.24830841354808542,1.0953939064491185,175.31265233148028,-24.727725488556565,4.236386538277458,0.23379952168845017,0.3690137584445543,0.09858528493234604,True,True,480,848
datasets\raw\custom_pakistani\DISTRACTED\sh_lowlight_distracted_normal_0052.jpg,DISTRACTED,0.2784262183152575,0.2771916810590483,0.27966075557146663,0.940417866111498,176.62024830083692,-26.029804284856358,4.162315347458302,0.4111456521869137,0.6933381712139364,0.12895313315989093,False,True,480,848
datasets\raw\custom_pakistani\DISTRACTED\sh_lowlight_distracted_normal_0053.jpg,DISTRACTED,0.12043863191664562,0.18458461832949194,0.05629264550379932,1.0230403494947242,177.8376238438374,-26.634420209348576,0.9249064522690381,0.07297552453343979,0.05243479888888889,0.09351625017799069,True,True,480,848
datasets\raw\custom_pakistani\DISTRACTED\sh_lowlight_distracted_normal_0054.jpg,DISTRACTED,0.17367514791644661,0.24537780763303133,0.10197248819986188,0.7966134593071327,-174.3140334260751,23.815852283214777,9.891911591974585,0.050314726034660875,0.049741746862668294,0.050887705206653464,True,True,480,848
datasets\raw\custom_pakistani\DISTRACTED\sh_lowlight_distracted_normal_0055.jpg,DISTRACTED,0.14550742167615222,0.22541860681312695,0.06559623653917745,0.8707063457745824,162.89649608533293,30.46869522425488,177.9231767472205,0.05373189497421299,0.06115533136913118,0.046308458579294796,True,True,480,848
datasets\raw\custom_pakistani\DISTRACTED\sh_lowlight_distracted_normal_0056.jpg,DISTRACTED,0.16374632540946446,0.23405336117038805,0.09343928964854088,0.9196521768974893,-178.02035922220827,27.96418218538796,-2.364194433691767,0.06433679511030385,0.07063861283761735,0.05803497738299034,True,True,480,848
datasets\raw\custom_pakistani\DISTRACTED\sh_lowlight_distracted_normal_0057.jpg,DISTRACTED,0.19290238398683282,0.25786888592394397,0.12793588204972167,0.8717082862016761,-174.9110172446079,29.61615591950792,-2.7166656240340634,0.059534595676768776,0.05498418719370922,0.06408500415982833,True,True,480,848
datasets\raw\custom_pakistani\DISTRACTED\sh_lowlight_distracted_normal_0058.jpg,DISTRACTED,0.17549107633396138,0.2685922916633228,0.08238986100459995,0.8743187056388718,170.9569918304722,38.27352051773842,165.96308602089388,0.0716402132938557,0.05917706356494235,0.08410336302276904,True,True,480,848
datasets\raw\custom_pakistani\DISTRACTED\sh_lowlight_distracted_normal_0059.jpg,DISTRACTED,0.17848766703045926,0.2534368804926234,0.1035384535682951,0.9180736985610648,169.43086857110805,42.23283264529748,163.9408941992906,0.06017588228218282,0.05382428614663048,0.06652747841773515,True,True,480,848
datasets\raw\custom_pakistani\DISTRACTED\sh_lowlight_distracted_normal_0060.jpg,DISTRACTED,0.15069715616002766,0.25166061589645666,0.04973369642359865,0.8495483358148292,167.88420527360108,39.639192526358684,162.83927907259815,0.08501344492533021,0.07163847696484493,0.09838841288581548,True,True,480,848
datasets\raw\custom_pakistani\DISTRACTED\sh_lowlight_distracted_normal_0061.jpg,DISTRACTED,0.1543311781143367,0.2316456974795585,0.07701665874911488,0.8819312637070251,163.10090359994823,40.332873545966116,159.62772297301737,0.061696834078202,0.051310831188841,0.072082836967563,True,True,480,848
datasets\raw\custom_pakistani\DISTRACTED\sh_lowlight_distracted_normal_0062.jpg,DISTRACTED,0.18422702206578506,0.27372719637529447,0.09472684775627563,0.9241362024125235,-129.88830533772997,18.656868499169466,177.7092969229955,0.054115603907521195,0.05044041364778073,0.057790794167261655,True,True,480,848
datasets\raw\custom_pakistani\DISTRACTED\sh_wcap_distracted_normal_0000.jpg,DISTRACTED,0.2650398210090577,0.28381131445961677,0.24626832755849862,0.9933082762093453,-170.2527239070032,32.402373172245,0.22594812681828969,0.30780660043978736,0.28188578962434485,0.3337274112552299,True,True,480,848
datasets\raw\custom_pakistani\DISTRACTED\sh_wcap_distracted_normal_0001.jpg,DISTRACTED,0.32576398553214436,0.3634517874721896,0.28807618359209913,1.0084269971891262,152.76146580135767,42.787576159155684,160.9370197137689,0.1747042415667482,0.15536449922839504,0.19404398390510136,True,True,480,848
datasets\raw\custom_pakistani\DISTRACTED\sh_wcap_distracted_normal_0002.jpg,DISTRACTED,0.34578422546651566,0.38010364426221194,0.3114648066708193,0.9450803229449336,-172.07057804885548,35.276861336015706,2.168625497807378,0.23748690174951229,0.23139038140776158,0.243583422091263,True,True,480,848
datasets\raw\custom_pakistani\DISTRACTED\sh_wcap_distracted_normal_0003.jpg,DISTRACTED,0.3663043747144361,0.41213919793079806,0.3204695514980741,0.9447644532278704,142.08465389095613,43.34373130266468,156.96801245785807,0.30839241934819794,0.2905703199291782,0.32621451876721763,True,True,480,848
datasets\raw\custom_pakistani\DISTRACTED\sh_wcap_distracted_normal_0004.jpg,DISTRACTED,0.27816117417543873,0.2791215467198607,0.27720080163101674,0.9350020438783193,140.78378324525653,46.63532825087902,151.01595241449215,0.318141845614079,0.21644331214065432,0.4198403790875037,True,True,480,848
datasets\raw\custom_pakistani\DISTRACTED\sh_wcap_distracted_normal_0005.jpg,DISTRACTED,0.23570527609866304,0.17540804144132705,0.29600251075599904,0.9108024465631386,-96.84563353024932,-0.46087708681958034,-28.11941102263791,0.35094253941460274,0.24738272966923472,0.4545023491599708,True,True,480,848
datasets\raw\custom_pakistani\DISTRACTED\sh_wcap_distracted_normal_0006.jpg,DISTRACTED,0.15972588140506827,0.13314404029849086,0.18630772251164565,0.9746558413678377,-97.31928649617456,-0.8401967754864057,-21.9022735641887,0.2789550491445511,0.17935437839898444,0.37855571989011777,True,True,480,848
datasets\raw\custom_pakistani\DISTRACTED\sh_wcap_distracted_normal_0007.jpg,DISTRACTED,0.21402938988266507,0.1914803125994544,0.23657846716587577,0.9248962236212754,139.16206837223035,56.03933188802048,142.91037159265562,0.2954631654682539,0.25116143941777,0.33976489151873773,True,True,480,848
datasets\raw\custom_pakistani\DISTRACTED\sh_wcap_distracted_normal_0008.jpg,DISTRACTED,0.22927585609004053,0.1977302527665454,0.2608214594135357,0.9787001339286107,-173.92323546507254,46.46064694998574,0.1637134539340152,0.2970648527225058,0.2852782366111517,0.30885146883385994,True,True,480,848
datasets\raw\custom_pakistani\DISTRACTED\sh_wcap_distracted_normal_0009.jpg,DISTRACTED,0.17668678730462334,0.14627890193952595,0.20709467266972076,1.0265062768118882,-97.39308405259044,-0.34761469760789654,-24.884339676093397,0.34023489689279623,0.1858472762215411,0.4946225175640514,True,True,480,848
datasets\raw\custom_pakistani\DISTRACTED\sh_wcap_distracted_normal_0010.jpg,DISTRACTED,0.2204202606704388,0.2908476126760729,0.14999290866480466,0.9788295722077469,-176.89625787341961,35.689008851206985,2.24586196345563,0.21779811690781553,0.12640575863296546,0.30919047518266557,True,True,480,848
datasets\raw\custom_pakistani\DISTRACTED\sh_wcap_distracted_normal_0011.jpg,DISTRACTED,0.29313573889708433,0.3466915259582442,0.2395799518359244,1.0126806455103132,-175.18669832391691,16.7237685242236,1.0902916877531055,0.2678160325322875,0.31715863703062824,0.2184734280339467,True,True,480,848
datasets\raw\custom_pakistani\DISTRACTED\sh_wcap_distracted_normal_0012.jpg,DISTRACTED,0.29983613683104593,0.32777114609184377,0.2719011275702481,1.0003528675301905,-176.914131987978,9.015006800463404,1.449687933734009,0.19615502306112007,0.2334320659389619,0.15887798018327823,True,True,480,848
datasets\raw\custom_pakistani\DISTRACTED\sh_wcap_distracted_normal_0013.jpg,DISTRACTED,0.2585834455049981,0.31371388619719814,0.20345300481279804,1.0512489599116952,178.6083113376437,-1.3953645936319654,2.772163977243316,0.2842053819674802,0.30924846446245835,0.259162299472502,True,True,480,848
datasets\raw\custom_pakistani\DISTRACTED\sh_wcap_distracted_normal_0014.jpg,DISTRACTED,0.2962899842581647,0.32379233992310513,0.2687876285932243,1.0373507879264117,179.28593818484947,-10.062383006735804,3.580902684842343,0.24101842811670726,0.260758693456794,0.22127816277662052,True,True,480,848
datasets\raw\custom_pakistani\DISTRACTED\sh_wcap_distracted_normal_0015.jpg,DISTRACTED,0.3116286106968899,0.3536400439662847,0.26961717742749514,0.9616120125567915,-177.3916706680426,-14.435028073810845,3.3000478588643096,0.25186668882566837,0.2944652260674371,0.20926815158389964,True,True,480,848
datasets\raw\custom_pakistani\DISTRACTED\sh_wcap_distracted_normal_0016.jpg,DISTRACTED,0.2715949797404943,0.3324503855260824,0.21073957395490617,1.0988911989319012,176.18672188242246,-16.53675093509152,3.3239025163547016,0.23284466227265482,0.2713862352396838,0.19430308930562581,True,True,480,848
datasets\raw\custom_pakistani\DISTRACTED\sh_wcap_distracted_normal_0017.jpg,DISTRACTED,0.2104872323086049,0.24294147437266742,0.17803299024454236,1.03606124411045,179.49116272095617,-8.764600944812296,3.2808984478354404,0.22431676561039182,0.20961983387240973,0.2390136973483739,True,True,480,848
datasets\raw\custom_pakistani\DISTRACTED\sh_wcap_distracted_normal_0018.jpg,DISTRACTED,0.27708681595778406,0.3024872310493628,0.25168640086620536,1.1508845982379514,177.5740633668535,-10.804806059081928,2.2673117879178193,0.21097894197204187,0.16975688297172917,0.25220100097235454,True,True,480,848
datasets\raw\custom_pakistani\DISTRACTED\sh_wcap_distracted_normal_0019.jpg,DISTRACTED,0.28332042224258785,0.32581440060208033,0.2408264438830954,1.04824300453157,178.15836871888436,-4.98676909005064,3.205994314447311,0.23357514886410974,0.24724610730438626,0.21990419042383322,True,True,480,848
datasets\raw\custom_pakistani\DISTRACTED\sh_wcap_distracted_normal_0020.jpg,DISTRACTED,0.22797732135548288,0.24368040184431153,0.21227424086665422,0.9762671386842157,-179.718237761277,15.286599993783275,3.994582936832477,0.21317097277524183,0.2439397797608317,0.182402165789652,True,True,480,848
datasets\raw\custom_pakistani\DISTRACTED\sh_wcap_distracted_normal_0021.jpg,DISTRACTED,0.23403685983767905,0.25962592717849486,0.20844779249686324,1.0213653818119375,179.71730957139198,29.943412619569923,2.0824016677377797,0.2622656119208584,0.30335021894375763,0.22118100489795914,True,True,480,848
datasets\raw\custom_pakistani\DISTRACTED\sh_wcap_distracted_normal_0022.jpg,DISTRACTED,0.2988793643838129,0.32379840025228224,0.2739603285153436,1.0234033928664132,-177.31812794557788,34.94655714425695,3.563768681821746,0.3658367118254988,0.3539960224995655,0.3776774011514321,True,True,480,848
datasets\raw\custom_pakistani\DISTRACTED\sh_wcap_distracted_normal_0023.jpg,DISTRACTED,0.21984369319190894,0.22428436112906344,0.2154030252547544,0.9953493046509274,150.5538120452854,42.009286352058695,163.21130926061852,0.29523861732634216,0.2487810451843044,0.34169618946837993,True,True,480,848
datasets\raw\custom_pakistani\DISTRACTED\sh_wcap_distracted_normal_0024.jpg,DISTRACTED,0.18578637470974302,0.18025578151937985,0.19131696790010622,1.0094582170422999,-176.09055121492923,38.05746844057509,4.892816025187029,0.24915168435813395,0.12247896551350083,0.37582440320276705,True,True,480,848
datasets\raw\custom_pakistani\DISTRACTED\sh_wcap_distracted_normal_0025.jpg,DISTRACTED,0.28762900595725255,0.3380954846644653,0.23716252725003975,1.0186719013435928,-175.92715353090222,37.228484910420164,9.353332725416763,0.3871460952388944,0.3118606912574725,0.46243149922031634,True,True,480,848
datasets\raw\custom_pakistani\DISTRACTED\sh_wcap_distracted_normal_0026.jpg,DISTRACTED,0.24045605078930748,0.35749175195216176,0.12342034962645322,1.0200252017635667,174.10570303962854,10.375816406487687,-177.20207279859656,0.24160204286701586,0.22089610921741756,0.26230797651661414,True,True,480,848
datasets\raw\custom_pakistani\DISTRACTED\sh_wcap_distracted_normal_0027.jpg,DISTRACTED,0.1967125023012936,0.28604373946027933,0.1073812651423079,1.0580433451460514,162.30632042313587,47.54087007541598,170.75828508807106,0.3450306458199467,0.27106129646242416,0.4189999951774692,True,True,480,848
datasets\raw\custom_pakistani\DISTRACTED\sh_wcap_distracted_normal_0028.jpg,DISTRACTED,0.2031488574943218,0.25287512445912014,0.15342259052952345,1.0784386969700346,-168.5515891177103,43.15152392883352,9.119329602941724,0.45456359916157585,0.34158476125717946,0.5675424370659722,True,True,480,848
datasets\raw\custom_pakistani\DISTRACTED\sh_wcap_distracted_normal_0029.jpg,DISTRACTED,0.16522402313324022,0.16496495918913304,0.1654830870773474,1.0103690193239523,163.54553250781942,49.815783370628,169.84387028511003,0.3356806425917456,0.34831066245976594,0.3230506227237253,True,True,480,848
datasets\raw\custom_pakistani\DISTRACTED\sh_wcap_distracted_normal_0030.jpg,DISTRACTED,0.18926536657376297,0.21270746236166607,0.16582327078585984,1.0069124598678938,162.59328599608622,49.25413004405149,168.1736010352786,0.4889312285199898,0.5372107208291208,0.4406517362108589,True,True,480,848
datasets\raw\custom_pakistani\DISTRACTED\sh_wcap_distracted_normal_0031.jpg,DISTRACTED,0.16327997971986846,0.14916947683361845,0.17739048260611848,1.0155157828445922,170.3690556718164,42.58205283291315,175.5806093922871,0.2609321023321032,0.22755807398834016,0.29430613067586614,True,True,480,848
datasets\raw\custom_pakistani\DISTRACTED\sh_wcap_distracted_normal_0032.jpg,DISTRACTED,0.16809666293806652,0.12148118881520475,0.21471213706092832,1.0728123621229524,176.46600929472598,36.57373583487741,-179.14534809265095,0.20092651386801075,0.17301022449476505,0.22884280324125642,True,True,480,848
datasets\raw\custom_pakistani\DISTRACTED\sh_wcap_distracted_normal_0033.jpg,DISTRACTED,0.16778653905406982,0.14222689239240421,0.19334618571573545,1.0123622021454066,-160.29853299204225,38.459777010856044,12.91652877061756,0.20378387621223737,0.1812389641558871,0.2263287882685876,True,True,480,848
datasets\raw\custom_pakistani\DISTRACTED\sh_wcap_distracted_normal_0034.jpg,DISTRACTED,0.14178021521079257,0.11150759318360262,0.1720528372379825,1.0114710531089566,-159.83606142736343,35.13056920849033,12.41513163571198,0.22321641594334732,0.20472871460449368,0.24170411728220095,True,True,480,848
datasets\raw\custom_pakistani\DISTRACTED\sh_wcap_distracted_normal_0035.jpg,DISTRACTED,0.14211388006504908,0.11514492280215798,0.1690828373279402,1.0153243092024058,-157.1737843634628,34.01323929206764,11.834054660104089,0.344008290400309,0.24280480398883417,0.44521177681178387,True,True,480,848
datasets\raw\custom_pakistani\DISTRACTED\sh_wcap_distracted_normal_0036.jpg,DISTRACTED,0.16247290889672988,0.13057850945206054,0.19436730834139923,1.0431686517507988,-156.7477274391117,27.819590640438086,9.621207762270023,0.17293917062320455,0.15838755784167793,0.18749078340473116,True,True,480,848
datasets\raw\custom_pakistani\DISTRACTED\sh_wcap_distracted_normal_0037.jpg,DISTRACTED,0.1975037467475456,0.16110798542687912,0.23389950806821205,1.062796025225622,-154.31614024646095,30.208716492798516,12.472111274268178,0.22495172223458576,0.2095206370078165,0.240382807461355,True,True,480,848
datasets\raw\custom_pakistani\DISTRACTED\sh_wcap_distracted_normal_0038.jpg,DISTRACTED,0.17297148760554087,0.16486988947141273,0.18107308573966902,1.1309802382865246,-159.1427303352795,36.55854578448252,12.07484786400392,0.22907179514899367,0.2562438782935393,0.2018997120044481,True,True,480,848
datasets\raw\custom_pakistani\DISTRACTED\sh_wcap_distracted_normal_0039.jpg,DISTRACTED,0.1921679708723827,0.21443187459997942,0.16990406714478593,1.087771008266446,-162.54415619111134,37.61902054274958,11.727519253115286,0.38307858574292497,0.38498172787746837,0.3811754436083815,True,True,480,848
datasets\raw\custom_pakistani\DISTRACTED\sh_wcap_distracted_normal_0040.jpg,DISTRACTED,0.20633559940705787,0.22238236474978557,0.1902888340643302,0.9786024735463749,146.2733133351295,53.06859325304732,160.91167717146018,0.25140714483050813,0.07346598154737367,0.42934830811364255,True,True,480,848
datasets\raw\custom_pakistani\DISTRACTED\sh_wcap_distracted_normal_0041.jpg,DISTRACTED,0.1978069153939662,0.2079028710268258,0.18771095976110658,0.9693276167231154,-98.65360882331706,-0.030729386084405393,-28.93165434277918,0.28180285467606014,0.22938938282150811,0.33421632653061223,True,True,480,848
datasets\raw\custom_pakistani\DISTRACTED\sh_wcap_distracted_normal_0042.jpg,DISTRACTED,0.30686542041997117,0.31753070517089227,0.29620013566905007,1.0142543453839739,146.82718394375817,50.88510419291101,156.4493702643535,0.3320216043322554,0.24916084838735117,0.4148823602771597,True,True,480,848
datasets\raw\custom_pakistani\DISTRACTED\sh_wcap_distracted_normal_0043.jpg,DISTRACTED,0.3039500266087114,0.3290292043240785,0.2788708488933443,0.8726123642486129,-165.28775523743371,45.38818145977919,3.504953226197831,0.24511809617888264,0.3276655542488409,0.1625706381089244,True,True,480,848
datasets\raw\custom_pakistani\DISTRACTED\sh_wcap_distracted_normal_0044.jpg,DISTRACTED,0.2495831840440017,0.2791130813762749,0.22005328671172855,0.7186545757622491,-99.38441582787001,0.22542705717035938,-19.80823736079808,0.3344425801069361,0.4566620044505981,0.21222315576327413,True,True,480,848
datasets\raw\custom_pakistani\DISTRACTED\sh_wcap_distracted_normal_0046.jpg,DISTRACTED,0.22481863976494965,0.2170343300911129,0.23260294943878637,0.8205781381432873,152.68824679975148,46.13844281442477,160.84455856486417,0.25447004595466216,0.23563106889814747,0.2733090230111769,True,True,480,848
datasets\raw\custom_pakistani\DISTRACTED\sh_wcap_distracted_normal_0051.jpg,DISTRACTED,0.1683120251708231,0.2451152941584013,0.09150875618324494,0.9514781630351056,-174.8739904290367,36.70821935815715,8.41059505477952,0.2634638450491711,0.15666534599403367,0.37026234410430847,True,True,480,848
datasets\raw\custom_pakistani\DISTRACTED\sh_wcap_distracted_normal_0052.jpg,DISTRACTED,0.10765192557255396,0.06350398325134952,0.15179986789375838,1.0392615162987195,-167.59804796651463,34.12373077632436,14.207298308981288,0.372398069045822,0.19714599977043157,0.5476501383212125,True,True,480,848
datasets\raw\custom_pakistani\DISTRACTED\sh_wcap_distracted_normal_0053.jpg,DISTRACTED,0.21513956026046266,0.21628819338014732,0.21399092714077803,1.020532469751947,-169.19069908833316,32.85214157585619,10.918204019785227,0.253763755606379,0.14039740207403345,0.3671301091387245,True,True,480,848
datasets\raw\custom_pakistani\DISTRACTED\sh_wcap_distracted_normal_0054.jpg,DISTRACTED,0.18060616687976794,0.19215733990437797,0.16905499385515788,1.085540396366314,-171.64553645457997,31.10138073350609,11.36856469592357,0.2839195669737156,0.17871278426494847,0.3891263496824828,True,True,480,848
datasets\raw\custom_pakistani\DISTRACTED\sh_wcap_distracted_normal_0055.jpg,DISTRACTED,0.19608630066677646,0.25108214727029243,0.14109045406326048,1.0851422495377938,-168.72128585030325,35.823094554928176,14.40725747611557,0.22017283518391048,0.18879761268312856,0.2515480576846924,True,True,480,848
datasets\raw\custom_pakistani\DISTRACTED\sh_wcap_distracted_normal_0056.jpg,DISTRACTED,0.309117052498143,0.2923621695532592,0.32587193544302673,0.9349675628726759,135.98129907972668,48.30655751958518,168.09914482217013,0.5367686244295982,0.3389966919300496,0.7345405569291468,True,False,480,848
datasets\raw\custom_pakistani\DISTRACTED\sh_wcap_distracted_normal_0057.jpg,DISTRACTED,0.21620517624346336,0.17938266183842957,0.2530276906484971,0.8526308699246593,164.16727331385613,41.10892201148251,7.759283939287847,0.7544406831117973,0.5088813662235948,1.0,True,False,480,848
datasets\raw\custom_pakistani\DISTRACTED\sh_wcap_distracted_normal_0058.jpg,DISTRACTED,0.24571432970999102,0.26355377002154556,0.22787488939843645,0.9116670350119762,163.57232634928542,30.186425553906325,10.206645071560782,0.8460658167950377,0.6921316335900752,1.0,False,False,480,848
datasets\raw\custom_pakistani\DISTRACTED\sh_wcap_distracted_normal_0059.jpg,DISTRACTED,0.1589843937565467,0.1765554437722418,0.14141334374085157,0.8942211761750133,165.85029873396397,12.878714187865516,5.331290281266092,0.23197470304040527,0.1296036431101366,0.3343457629706739,True,True,480,848
datasets\raw\custom_pakistani\DISTRACTED\sh_wcap_distracted_normal_0060.jpg,DISTRACTED,0.24061597073237773,0.26102414781845257,0.22020779364630286,0.9662397003290943,176.14013678510366,27.22726883734295,1.2207456016737805,0.18447005191083,0.15509879770698676,0.21384130611467322,True,True,480,848
datasets\raw\custom_pakistani\DISTRACTED\sh_wglasses_distracted_normal_0000.jpg,DISTRACTED,0.19160782928396244,0.20683624985573845,0.17637940871218644,1.0022462379408839,-166.80040372179815,30.4890667888726,1.3082126595802985,0.9198478956154024,1.0,0.8396957912308047,False,False,480,848
datasets\raw\custom_pakistani\DISTRACTED\sh_wglasses_distracted_normal_0001.jpg,DISTRACTED,0.24303605275014414,0.2520848103222744,0.23398729517801387,1.1399973182452507,-159.80773807919874,31.64392456391111,5.44184894828572,0.732734453379333,1.0,0.46546890675866587,False,True,480,848
datasets\raw\custom_pakistani\DISTRACTED\sh_wglasses_distracted_normal_0002.jpg,DISTRACTED,0.27246359981755597,0.2891710645208486,0.25575613511426326,1.0607793897135216,-162.14434726018888,29.08402703980279,3.6965245565547513,0.7035543207099365,1.0,0.407108641419873,False,True,480,848
datasets\raw\custom_pakistani\DISTRACTED\sh_wglasses_distracted_normal_0003.jpg,DISTRACTED,0.199441231154324,0.1713364770950844,0.22754598521356356,0.9783972833482637,175.5910876899045,25.535281746542562,174.8368567192075,0.36449452262664317,0.3684363046442515,0.36055274060903486,True,True,480,848
datasets\raw\custom_pakistani\DISTRACTED\sh_wglasses_distracted_normal_0004.jpg,DISTRACTED,0.23868054098587604,0.19889035687340587,0.2784707250983462,0.9959433924655197,-167.63057886768192,26.995092069675742,-0.6549280915072601,0.6653152321587199,1.0,0.33063046431743986,False,True,480,848
datasets\raw\custom_pakistani\DISTRACTED\sh_wglasses_distracted_normal_0005.jpg,DISTRACTED,0.25314960967057937,0.2259288160188147,0.28037040332234403,1.0482870927370225,-164.4590355552485,25.55620090324965,-0.17918189399778744,0.6789996392959659,1.0,0.35799927859193176,False,True,480,848
datasets\raw\custom_pakistani\DISTRACTED\sh_wglasses_distracted_normal_0006.jpg,DISTRACTED,0.2659609362215228,0.24425418830756504,0.2876676841354805,1.0183627171813483,-162.21540646691244,26.661273198357843,1.6464039273676965,0.688199879278184,1.0,0.37639975855636804,False,True,480,848
datasets\raw\custom_pakistani\DISTRACTED\sh_wglasses_distracted_normal_0007.jpg,DISTRACTED,0.24574638270845964,0.23030492950545606,0.2611878359114632,1.069355629567498,-163.62957564880074,26.065773659483465,0.2418690268405444,0.712030810435018,1.0,0.4240616208700361,False,True,480,848
datasets\raw\custom_pakistani\DISTRACTED\sh_wglasses_distracted_normal_0008.jpg,DISTRACTED,0.26976954756726973,0.2693117879532789,0.27022730718126053,1.0578125039347652,-162.19489948371472,25.674767403648556,1.452612086684982,0.6967401651266666,1.0,0.39348033025333323,False,True,480,848
datasets\raw\custom_pakistani\DISTRACTED\sh_wglasses_distracted_normal_0009.jpg,DISTRACTED,0.25331932182292854,0.23445725747054288,0.27218138617531423,0.986588145296489,-161.64594711498628,26.366658672809407,2.190397686191482,0.6814719588899064,1.0,0.3629439177798129,False,True,480,848
datasets\raw\custom_pakistani\DISTRACTED\sh_wglasses_distracted_normal_0010.jpg,DISTRACTED,0.25238836820308524,0.2536498365735674,0.2511268998326031,1.0546601240008466,-160.91954742781252,26.109851149137572,2.825282343705283,0.7144394473620751,1.0,0.4288788947241502,False,True,480,848
datasets\raw\custom_pakistani\DISTRACTED\sh_wglasses_distracted_normal_0011.jpg,DISTRACTED,0.2495902267567936,0.22682048499990118,0.272359968513686,1.0362006492882774,177.47715362448042,31.737077629818913,174.16359840817643,0.680188219252252,0.9147369554878712,0.44563948301663286,False,True,480,848
datasets\raw\custom_pakistani\DISTRACTED\sh_wglasses_distracted_normal_0012.jpg,DISTRACTED,0.27739374331168376,0.2986706066330023,0.2561168799903652,1.062580109606187,-162.03478496871293,30.252827349224113,5.920394011642692,0.6949416651641561,1.0,0.38988333032831224,False,True,480,848
datasets\raw\custom_pakistani\DISTRACTED\sh_wglasses_distracted_normal_0013.jpg,DISTRACTED,0.2213226673814933,0.19236379937375864,0.250281535389228,1.0552518852309483,178.01206604993732,51.740725360850355,-177.35695405907677,0.6505725823995228,1.0,0.30114516479904546,False,True,480,848
datasets\raw\custom_pakistani\DISTRACTED\sh_wglasses_distracted_normal_0014.jpg,DISTRACTED,0.2208721036078311,0.23813850640552645,0.2036057008101358,0.8659830153694057,-166.4002810965621,46.313510487815805,8.560946650954113,0.6494683123568306,1.0,0.298936624713661,False,True,480,848
datasets\raw\custom_pakistani\DISTRACTED\sh_wglasses_distracted_normal_0015.jpg,DISTRACTED,0.23878508612576915,0.23263530842027855,0.24493486383125976,0.8918732538427216,148.1990009893516,64.19623450991544,158.59379268669645,0.8063339002267573,1.0,0.6126678004535148,False,False,480,848
datasets\raw\custom_pakistani\DISTRACTED\sh_wglasses_distracted_normal_0016.jpg,DISTRACTED,0.26217629408385235,0.3060754934012284,0.21827709476647625,0.9597938816936205,154.46497331480364,52.6656674890901,162.91043790101634,0.5736049709297377,0.7790172019402436,0.3681927399192319,False,True,480,848
datasets\raw\custom_pakistani\DISTRACTED\sh_wglasses_distracted_normal_0017.jpg,DISTRACTED,0.2764978447108073,0.2592623657181548,0.29373332370345984,1.0373557427266231,-178.48538396941188,-10.658238865614951,-5.136971870028675,0.24016524758134922,0.21427720101085995,0.2660532941518385,True,True,480,848
datasets\raw\custom_pakistani\DISTRACTED\sh_wglasses_distracted_normal_0018.jpg,DISTRACTED,0.2757202034799026,0.2460244530674308,0.30541595389237447,0.9495566080305475,-177.9638985272483,-15.700436250824223,-7.4643596545305195,0.27902536136810957,0.3034688958227919,0.25458182691342723,True,True,480,848
datasets\raw\custom_pakistani\DISTRACTED\sh_wglasses_distracted_normal_0019.jpg,DISTRACTED,0.1833470118431038,0.15682121482610914,0.20987280886009846,0.9853126452467634,-179.48759614093368,10.944205887427156,-0.5097663817272617,0.20459941199186993,0.1853273238984367,0.22387150008530315,True,True,480,848
datasets\raw\custom_pakistani\DISTRACTED\sh_wglasses_distracted_normal_0020.jpg,DISTRACTED,0.25297116121029767,0.26036769056944054,0.24557463185115477,0.8373105705330477,144.26505761590795,59.39575874153937,157.47160390024234,0.7875612260850429,1.0,0.5751224521700856,False,True,480,848
datasets\raw\custom_pakistani\DISTRACTED\sh_wglasses_distracted_normal_0021.jpg,DISTRACTED,0.2714020836728579,0.25968391670972246,0.28312025063599333,0.8762587982465841,143.74305670262902,60.59269064359201,154.91767880051106,0.8263993000674006,1.0,0.6527986001348011,False,False,480,848
datasets\raw\custom_pakistani\DISTRACTED\sh_wglasses_distracted_normal_0022.jpg,DISTRACTED,0.250081344441123,0.2307018848240787,0.2694608040581673,0.8686635020902735,144.59683847024704,57.84486251979278,156.47665748512648,0.8797216313037612,1.0,0.7594432626075224,False,False,480,848
datasets\raw\custom_pakistani\DISTRACTED\sh_wglasses_distracted_normal_0023.jpg,DISTRACTED,0.2533697400742133,0.2461124258379403,0.2606270543104863,0.9154530303538758,141.24042617679208,50.72874769784581,157.50068454533178,1.0,1.0,1.0,False,False,480,848
datasets\raw\custom_pakistani\DISTRACTED\sh_wglasses_distracted_normal_0024.jpg,DISTRACTED,0.23292190526471493,0.2582445357935793,0.20759927473585055,0.9595708266841291,179.26040432863095,38.87399850696784,5.3490419923493535,1.0,1.0,1.0,False,False,480,848
datasets\raw\custom_pakistani\DISTRACTED\sh_wglasses_distracted_normal_0025.jpg,DISTRACTED,0.24966966178774647,0.25730378997847014,0.2420355335970228,0.9506176869717772,174.85049865017717,36.33662703323151,5.164176559884722,1.0,1.0,1.0,False,False,480,848
datasets\raw\custom_pakistani\DISTRACTED\sh_wglasses_distracted_normal_0026.jpg,DISTRACTED,0.20633643048011785,0.22648019576151196,0.1861926651987237,0.947163163200089,169.89525249638112,33.41042464535097,4.643370839825644,1.0,1.0,1.0,False,False,480,848
datasets\raw\custom_pakistani\DISTRACTED\sh_wglasses_distracted_normal_0027.jpg,DISTRACTED,0.27229404596311024,0.2610909682476069,0.28349712367861357,1.03474679735758,-177.77657043108243,27.369567968304647,4.684930351096948,0.7463534060236108,0.5734429984925424,0.919263813554679,True,False,480,848
datasets\raw\custom_pakistani\DISTRACTED\sh_wglasses_distracted_normal_0028.jpg,DISTRACTED,0.28041786973506855,0.2968292221937355,0.2640065172764017,0.9788664005591933,-168.35877186000567,-15.287691980804645,4.492202965331922,0.6330793536833449,1.0,0.2661587073666898,False,True,480,848
datasets\raw\custom_pakistani\DISTRACTED\sh_wglasses_distracted_normal_0029.jpg,DISTRACTED,0.24493471045801152,0.1945706775357642,0.29529874338025885,0.9500664280017411,-164.21075106442137,-9.502095682310987,3.7225931883778554,0.6147769045857988,1.0,0.22955380917159765,False,True,480,848
datasets\raw\custom_pakistani\DISTRACTED\sh_wglasses_distracted_normal_0030.jpg,DISTRACTED,0.2861030914733527,0.22054519105706857,0.35166099188963684,0.9403864484914722,-164.48734777062657,1.9136791333411112,9.98223172945698,0.6284178368658174,1.0,0.25683567373163485,False,True,480,848
datasets\raw\custom_pakistani\DISTRACTED\sh_wglasses_distracted_normal_0031.jpg,DISTRACTED,0.29404915403414633,0.3133103548082829,0.2747879532600098,0.9588310126743514,-164.92749634934435,16.7505010243013,13.867920086385613,0.6137099426547479,1.0,0.2274198853094957,False,True,480,848
datasets\raw\custom_pakistani\DISTRACTED\sh_wglasses_distracted_normal_0032.jpg,DISTRACTED,0.2484350386948499,0.21618643825805606,0.28068363913164374,0.962267271875756,-169.40384778560855,26.560825265984555,9.815928488301902,0.6143404370333322,1.0,0.22868087406666437,False,True,480,848
datasets\raw\custom_pakistani\DISTRACTED\sh_wglasses_distracted_normal_0033.jpg,DISTRACTED,0.313536510103708,0.3232211443715836,0.3038518758358324,0.9381301477858157,-167.23804321736375,42.35001566368143,10.174103416104607,0.7501551933288575,1.0,0.5003103866577149,False,True,480,848
datasets\raw\custom_pakistani\DISTRACTED\sh_wglasses_distracted_normal_0034.jpg,DISTRACTED,0.316155712758057,0.30740770588442895,0.324903719631685,0.9180703147497872,146.90786898664857,54.46767995560307,157.50398665748006,0.7627265580971431,1.0,0.5254531161942861,False,True,480,848
datasets\raw\custom_pakistani\DISTRACTED\sh_wglasses_distracted_normal_0035.jpg,DISTRACTED,0.3070382229215488,0.311024454300207,0.30305199154289064,0.911866418127323,148.43245012016754,55.6492689154908,157.40238574994342,0.8254319719992793,1.0,0.6508639439985587,False,False,480,848
datasets\raw\custom_pakistani\DISTRACTED\sh_wglasses_distracted_normal_0036.jpg,DISTRACTED,0.28363554007033426,0.29369846380777886,0.27357261633288965,0.9347350707063651,151.06121703079648,54.30114227277846,160.07893831342886,0.9114784572523099,1.0,0.8229569145046198,False,False,480,848
datasets\raw\custom_pakistani\DISTRACTED\sh_wglasses_distracted_normal_0037.jpg,DISTRACTED,0.24644483809830342,0.24421300055758027,0.24867667563902654,0.9072265333814186,177.8036793475568,42.93172267994755,8.479686708714656,1.0,1.0,1.0,False,False,480,848
datasets\raw\custom_pakistani\DISTRACTED\sh_wglasses_distracted_normal_0038.jpg,DISTRACTED,0.17311478082678233,0.22908795091918524,0.1171416107343794,0.8447113607404058,175.13389398063273,36.39752014607281,14.575365598543032,1.0,1.0,1.0,False,False,480,848
datasets\raw\custom_pakistani\DISTRACTED\sh_wglasses_distracted_normal_0039.jpg,DISTRACTED,0.22276450373310427,0.25355555856190093,0.19197344890430762,0.9474445830712529,174.83197929186727,37.43790060325408,6.877552448274573,1.0,1.0,1.0,False,False,480,848
datasets\raw\custom_pakistani\DISTRACTED\sh_wglasses_distracted_normal_0040.jpg,DISTRACTED,0.28206781867022257,0.2899391453545787,0.27419649198586643,1.0011837023660288,-178.1956502179311,37.78313852240062,-0.09009790618504854,1.0,1.0,1.0,False,False,480,848
datasets\raw\custom_pakistani\DISTRACTED\sh_wmask_distracted_normal_0000.jpg,DISTRACTED,0.26025458728264794,0.20288525322987222,0.31762392133542366,0.8845361596305444,-158.25979344011898,36.51139892152018,12.734922551945399,0.9703702053602505,1.0,0.9407404107205012,False,False,480,848
datasets\raw\custom_pakistani\DISTRACTED\sh_wmask_distracted_normal_0001.jpg,DISTRACTED,0.26038851517354006,0.21833987502359475,0.30243715532348536,0.8666536980818719,159.60621807571763,52.3897127348017,175.07690708857285,0.8149599105027853,1.0,0.6299198210055705,False,False,480,848
datasets\raw\custom_pakistani\DISTRACTED\sh_wmask_distracted_normal_0003.jpg,DISTRACTED,0.2603919790286313,0.3102352836214528,0.21054867443580982,0.8546285723950476,-151.7473990990338,26.566941492764848,26.54946832086634,1.0,1.0,1.0,False,False,480,848
datasets\raw\custom_pakistani\DISTRACTED\sh_wmask_distracted_normal_0004.jpg,DISTRACTED,0.2632274537235487,0.23616137602659643,0.29029353142050107,0.884756438372962,153.64903412117604,54.56606903564293,174.97224752091412,0.8309261590979042,1.0,0.6618523181958085,False,False,480,848
datasets\raw\custom_pakistani\DISTRACTED\sh_wmask_distracted_normal_0005.jpg,DISTRACTED,0.2978955299106547,0.32032466882002525,0.2754663910012842,0.7371084921945803,-155.03451428863718,33.64914891303514,33.51560003631908,1.0,1.0,1.0,False,False,480,848
datasets\raw\custom_pakistani\DISTRACTED\sh_wmask_distracted_normal_0010.jpg,DISTRACTED,0.2775353458612518,0.26869090031547377,0.2863797914070298,0.8418771856915003,-175.85386896100735,19.47801512930791,2.3120570584205407,0.7068794482195695,1.0,0.4137588964391389,False,True,480,848
datasets\raw\custom_pakistani\DISTRACTED\sh_wmask_distracted_normal_0011.jpg,DISTRACTED,0.1257848757176187,0.15573598033299874,0.09583377110223869,0.8789106654361769,176.75749723344117,10.549440664790778,-12.358536066145454,0.8002317971748795,1.0,0.6004635943497589,False,False,480,848
datasets\raw\custom_pakistani\DISTRACTED\sh_wmask_distracted_normal_0012.jpg,DISTRACTED,0.2379122622785707,0.2541431654591164,0.221681359098025,0.8638782177641047,-177.75559884221747,-9.599405687082719,-2.1694291607464957,0.6169501013816086,1.0,0.2339002027632171,False,True,480,848
datasets\raw\custom_pakistani\DISTRACTED\sh_wmask_distracted_normal_0013.jpg,DISTRACTED,0.253587678219324,0.25791848215232216,0.24925687428632579,0.9716738407180815,-179.61443215363897,-6.731341732631617,-0.7238585348174063,0.5778521866319445,1.0,0.1557043732638889,False,True,480,848
datasets\raw\custom_pakistani\DISTRACTED\sh_wmask_distracted_normal_0014.jpg,DISTRACTED,0.22478061606949384,0.24508731707109016,0.20447391506789755,0.9372009639020453,171.82845449931142,-13.243867833882106,2.633885586755415,0.7501997019380668,1.0,0.5003994038761338,False,True,480,848
datasets\raw\custom_pakistani\DISTRACTED\sh_wmask_distracted_normal_0015.jpg,DISTRACTED,0.26959273190649274,0.3206320303783997,0.21855343343458575,0.9323255468492944,168.84239384067706,-14.363278237040728,2.856165503120961,0.8021595896571135,1.0,0.6043191793142271,False,False,480,848
datasets\raw\custom_pakistani\DISTRACTED\sh_wmask_distracted_normal_0016.jpg,DISTRACTED,0.2479465415900538,0.2952761964146669,0.20061688676544073,0.9520779624868126,173.38512751785342,-7.685316532571223,3.6140767019315696,0.710998896471805,1.0,0.4219977929436102,False,True,480,848
datasets\raw\custom_pakistani\DISTRACTED\sh_wmask_distracted_normal_0017.jpg,DISTRACTED,0.26537521985930235,0.27305867410621826,0.2576917656123864,0.9041146053291276,-179.38356927770903,-3.364201635768474,2.961242136463363,0.6362552598201471,0.9222191693730137,0.35029135026728037,False,True,480,848
datasets\raw\custom_pakistani\DISTRACTED\sh_wmask_distracted_normal_0018.jpg,DISTRACTED,0.16895779654773474,0.2076708983600906,0.1302446947353789,0.8085861922799276,-168.5947750810966,16.61273396295901,12.98839542286895,0.4115318931109935,0.4755263933402706,0.34753739288171637,True,True,480,848
datasets\raw\custom_pakistani\DISTRACTED\sh_wmask_distracted_normal_0019.jpg,DISTRACTED,0.11870979294973069,0.1359276653063839,0.10149192059307749,0.9524421226742833,-173.4037784081418,26.94570272811251,-178.81031221174098,0.25527052308722253,0.2721154433057852,0.23842560286865982,True,True,480,848
datasets\raw\custom_pakistani\DISTRACTED\sh_wmask_distracted_normal_0020.jpg,DISTRACTED,0.13375062549812772,0.15664797856169868,0.11085327243455677,0.9861129801052586,-149.66037554467013,29.093494085660076,10.281770961731853,0.2780046784976577,0.3991730422848557,0.15683631471045972,True,True,480,848
datasets\raw\custom_pakistani\DISTRACTED\sh_wmask_distracted_normal_0021.jpg,DISTRACTED,0.14073608754598654,0.17194484712580813,0.10952732796616498,0.9676136212534632,-175.5798893158932,36.507817831356924,178.4791692483207,0.5314654440425489,0.38739812409674096,0.6755327639883568,True,False,480,848
datasets\raw\custom_pakistani\DISTRACTED\sh_wmask_distracted_normal_0022.jpg,DISTRACTED,0.1290231496575811,0.141344364790615,0.11670193452454725,0.944934961299571,-175.79070356573945,29.14084964275311,178.21501006741792,0.42643485892013483,0.2400582907820478,0.6128114270582219,True,False,480,848
datasets\raw\custom_pakistani\DISTRACTED\sh_wmask_distracted_normal_0023.jpg,DISTRACTED,0.2514594796716182,0.25731571238745904,0.2456032469557774,0.9708560997130182,-161.34531361187118,41.38199894314503,171.88121088464987,0.22801909596583697,0.3281436857837413,0.12789450614793263,True,True,480,848
datasets\raw\custom_pakistani\DISTRACTED\sh_wmask_distracted_normal_0024.jpg,DISTRACTED,0.3103158231249712,0.3536289131862709,0.26700273306367156,1.0678423592017727,-165.17195468577927,46.09599376974688,171.4860590495178,0.15005221190163673,0.15536936094358222,0.14473506285969123,True,True,480,848
datasets\raw\custom_pakistani\DISTRACTED\sh_wmask_distracted_normal_0025.jpg,DISTRACTED,0.22892109569642893,0.17417078328833838,0.2836714081045195,0.9360641135492842,-163.565912994362,34.49672097805397,11.114906358695116,0.3863442001453643,0.5580272273043771,0.2146611729863514,True,True,480,848
datasets\raw\custom_pakistani\DISTRACTED\sh_wmask_distracted_normal_0027.jpg,DISTRACTED,0.18315490219548525,0.2514064370358015,0.11490336735516901,0.9935993881172314,-159.922261555916,-16.491760439001176,23.457341878577505,0.9230636316410862,1.0,0.8461272632821724,False,False,480,848
datasets\raw\custom_pakistani\DISTRACTED\sh_wmask_distracted_normal_0028.jpg,DISTRACTED,0.31945600498447824,0.3236526925726527,0.3152593173963038,0.78365825296586,-176.98566933294126,42.932411927504276,-175.25929535832503,1.0,1.0,1.0,False,False,480,848
datasets\raw\custom_pakistani\DISTRACTED\sh_wmask_distracted_normal_0030.jpg,DISTRACTED,0.2702940315667145,0.2495098138601915,0.29107824927323755,0.9618447111045674,-166.36975317862448,33.28436199078834,-0.42636124071960657,0.6557396951331497,1.0,0.3114793902662994,False,True,480,848
datasets\raw\custom_pakistani\DISTRACTED\sh_wmask_distracted_normal_0031.jpg,DISTRACTED,0.24400859073797335,0.20499386765860406,0.28302331381734264,0.9825411818078839,-177.38337944018565,37.347599002457905,-5.767386152400648,0.6626358693493603,1.0,0.32527173869872045,False,True,480,848
datasets\raw\custom_pakistani\DISTRACTED\sh_wmask_distracted_normal_0035.jpg,DISTRACTED,0.2781982490465412,0.278628488311788,0.27776800978129446,1.0101398809804878,158.0365256965568,54.271992588411955,161.61791962021837,1.0,1.0,1.0,False,False,480,848
datasets\raw\custom_pakistani\DISTRACTED\sh_wmask_distracted_normal_0038.jpg,DISTRACTED,0.29472055501033545,0.3675524119061634,0.22188869811450754,0.8693895086268938,-155.82157761247598,25.148172772983973,20.37649665739354,1.0,1.0,1.0,False,False,480,848
datasets\raw\custom_pakistani\DISTRACTED\sh_wmask_distracted_normal_0040.jpg,DISTRACTED,0.19684366218754262,0.22448767326735725,0.16919965110772803,1.0717166075124782,171.18789302074944,57.098903928874265,171.9886637214143,0.8258809345973379,1.0,0.6517618691946758,False,False,480,848
datasets\raw\custom_pakistani\DISTRACTED\sh_wmask_distracted_normal_0041.jpg,DISTRACTED,0.14899101083280725,0.15994159763326823,0.13804042403234623,1.0157988581614914,-160.98260592988902,39.10456855722138,9.303877187986949,0.775101696560651,1.0,0.5502033931213018,False,True,480,848
datasets\raw\custom_pakistani\DISTRACTED\sh_wmask_distracted_normal_0042.jpg,DISTRACTED,0.13065460226366973,0.12191784054821835,0.13939136397912114,0.9331265759103258,-171.1228182505781,34.04614770794583,0.34592317691543495,0.6747791877505145,1.0,0.34955837550102886,False,True,480,848
datasets\raw\custom_pakistani\DISTRACTED\sh_wmask_distracted_normal_0043.jpg,DISTRACTED,0.12453754704488612,0.1387551879056619,0.11031990618411032,0.9888764634971339,-173.5939679870816,24.55465079292254,-1.5270763411935147,0.6816212464567742,0.3632424929135485,1.0,True,False,480,848
datasets\raw\custom_pakistani\DISTRACTED\sh_wmask_distracted_normal_0044.jpg,DISTRACTED,0.12692629508036454,0.12210522637242607,0.131747363788303,1.0643504738671732,-160.59368402363884,27.35219089810564,-1.9238273547926519,0.2893417021840672,0.27196912304866855,0.30671428131946576,True,True,480,848
datasets\raw\custom_pakistani\DISTRACTED\sh_wmask_distracted_normal_0045.jpg,DISTRACTED,0.11652044577392548,0.11847119324381337,0.11456969830403757,0.8846197915941187,-164.12952154955997,33.764600056487005,0.517844539198088,0.5115547371672551,0.48302949810606066,0.5400799762284495,True,True,480,848
datasets\raw\custom_pakistani\DISTRACTED\sh_wmask_distracted_normal_0046.jpg,DISTRACTED,0.15425122943382216,0.17257775723432317,0.13592470163332115,1.0473876779921902,172.4095666867431,52.10970317562184,170.12125581126392,0.5262795390235866,0.4712006172839505,0.5813584607632227,True,True,480,848
datasets\raw\custom_pakistani\DISTRACTED\sh_wmask_distracted_normal_0047.jpg,DISTRACTED,0.16584365588536054,0.172211595696173,0.15947571607454805,1.0275430511020764,-161.78818196731035,42.762049280951324,6.041206927434804,0.6499467098402336,0.7245272481329066,0.5753661715475608,False,True,480,848
datasets\raw\custom_pakistani\DISTRACTED\sh_wmask_distracted_normal_0048.jpg,DISTRACTED,0.17121561060615864,0.1957170494368294,0.1467141717754879,1.068843719376654,-163.9835078707078,40.33784600333043,6.1275437340246315,0.7452181961219861,1.0,0.49043639224397234,False,True,480,848
datasets\raw\custom_pakistani\DISTRACTED\sh_wmask_distracted_normal_0049.jpg,DISTRACTED,0.1779937576169407,0.1961059798473949,0.1598815353864865,0.9627962335010484,-160.9829449134281,40.22443045405365,5.972840775412622,0.7550644677733052,0.8303846128688328,0.6797443226777774,False,False,480,848
datasets\raw\custom_pakistani\DISTRACTED\sh_wmask_distracted_normal_0051.jpg,DISTRACTED,0.2515127265568899,0.27640769966808126,0.2266177534456985,0.9396092202346932,-163.9884426655221,17.206160160771187,-3.375440691829522,0.515725981711865,0.7892116427790112,0.2422403206447188,False,True,480,848
datasets\raw\custom_pakistani\DISTRACTED\sh_wmask_distracted_normal_0052.jpg,DISTRACTED,0.308706653179559,0.31732584048773693,0.300087465871381,1.1086083399500386,-165.77633558208228,30.05703978705773,-1.9540923558541383,0.6530900759036009,1.0,0.3061801518072019,False,True,480,848
datasets\raw\custom_pakistani\DISTRACTED\sh_wmask_distracted_normal_0053.jpg,DISTRACTED,0.27634130646314653,0.21255118524698538,0.34013142767930765,0.8384571338489394,-167.01246305000907,28.41198443271138,2.2484890236247206,0.7101459763506226,1.0,0.4202919527012451,False,True,480,848
datasets\raw\custom_pakistani\DISTRACTED\sh_wmask_distracted_normal_0054.jpg,DISTRACTED,0.2348645762163339,0.18337977439741213,0.2863493780352557,0.8582820847156445,-177.45346925248612,27.404751194434766,-0.4808268545610566,0.7110915791636231,1.0,0.4221831583272461,False,True,480,848
